Studio,GID,Exclusivity,Status,Initial Release Date,QM/AWC Production Ready Date,Hub88 Production Ready Date,"QM-SA
Production Ready Date",IGK Production ReadyDate,Game Identifier,Product Name EN,Product Name CN,Product Name HANT,Product Name TH,Product Name VN,Product Name ID,Product Name KR,Product Name MY,Product Name PTBR,Product Name ESLA,Product Name RU,Product Name TR,Product Name BN,Product Name HI,Game Icon,RTP,"Highest Payout
(Single Bet)",Bonus,"Max Win
Highest payout including bonus",Volatility,Commission,Hit Rate,GENRE / GAME TYPE,Tags,,Game Originated,"Country
(DAU)",Additional Info / Tags,Market Filter,Additional Market Filter,Country Filter,Game Description,Game Features,"TRANSFER GAME SIZE
（MB）",RESOURCE GAME SIZE (MB),GAME DEMO,Game Icon URL,ASIA-DEMO,Game Setting,Brochure EN,Brochure CN,"Game
Landing",Game Logo,Game Banners / Assets,PSD File,Promo Video,Game Design Document,"Localisation
(Translation Progress)",Gamification Compatibility,UKGC Certification,GLI 19 Certification,PAGCOR Certification,"Peru 
(Global Labs)
Certification",Supported Currency,Game Service,"Language Available
EN",CN,TH,VN,ID,KR,MY,PTBR,ESLA,RU,TR,BN,HI,,,,,,,,,,,,,,,,,,
KM,,,Retired,,,,,,gao-gae,Gao Gae,,,,,,,,,,,,,,,,,,,,,,CLASSIC,,,,,,,,,,,16.7,24.1,,,,,,,,,,,,,,,,,,,,,FALSE,FALSE,FALSE,FALSE,FALSE,FALSE,FALSE,FALSE,FALSE,FALSE,FALSE,FALSE,FALSE,FALSE,FALSE,FALSE,FALSE,FALSE,FALSE,FALSE,FALSE,FALSE,FALSE,FALSE,FALSE,FALSE,FALSE,FALSE,FALSE,FALSE,FALSE
KM,,,Retired,2020-01-01,,,,,xoc-dia,Xoc Dia,,,,,,,,,,,,,,,,,,,,,,CLASSIC,,,,,,,,,,,N.A,N.A,,,,,,,,,,,,,,,,,,,,,TRUE,FALSE,FALSE,FALSE,FALSE,FALSE,FALSE,FALSE,FALSE,FALSE,FALSE,FALSE,FALSE,FALSE,FALSE,FALSE,FALSE,FALSE,FALSE,FALSE,FALSE,FALSE,FALSE,FALSE,FALSE,FALSE,FALSE,FALSE,FALSE,FALSE,FALSE
KM,,,Retired,2020-01-01,,,,,jogo-do-bicho,Jogo Do Bicho,,,,,,,,,,,,,,,,,,,,,,CLASSIC,,,,,,,,,,,N.A,N.A,,,,,,,,,,,,,,,,,,,,,TRUE,FALSE,FALSE,FALSE,FALSE,FALSE,FALSE,FALSE,FALSE,FALSE,FALSE,FALSE,FALSE,FALSE,FALSE,FALSE,FALSE,FALSE,FALSE,FALSE,FALSE,FALSE,FALSE,FALSE,FALSE,FALSE,FALSE,FALSE,FALSE,FALSE,FALSE
KM,,,Retired,2021-02-01,,,,,fan-tan-2,Fan Tan,,,,,,,,,,,,,,,,,,,,,,CLASSIC,,,,,,,,,,,N.A,N.A,,,,,,,,,,,,,,,,,,,,,TRUE,FALSE,FALSE,FALSE,FALSE,FALSE,FALSE,FALSE,FALSE,FALSE,FALSE,FALSE,FALSE,FALSE,FALSE,FALSE,FALSE,FALSE,FALSE,FALSE,FALSE,FALSE,FALSE,FALSE,FALSE,FALSE,FALSE,FALSE,FALSE,FALSE,FALSE
KM,,,Retired,2021-01-01,,,,,crash-aviator,Aviator,,,,,,,,,,,,,,,,,,,,,,NEXT-GEN,,,,,,,,,,,N.A,N.A,,,,,,,,,,,,,,,,,,,,,TRUE,FALSE,FALSE,FALSE,FALSE,FALSE,FALSE,FALSE,FALSE,FALSE,FALSE,FALSE,FALSE,FALSE,FALSE,FALSE,FALSE,FALSE,FALSE,FALSE,FALSE,FALSE,FALSE,FALSE,FALSE,FALSE,FALSE,FALSE,FALSE,FALSE,FALSE
KM,,,Copyright Game,2021-03-01,,,,,aviator,Aviator,,,,,,,,,,,,,,,,,,,,,,NEXT-GEN,,,,,,,,,,,5.2,9.5,,,,,,,,,,,,,,,,,,,,,TRUE,FALSE,FALSE,FALSE,FALSE,FALSE,FALSE,FALSE,FALSE,FALSE,FALSE,FALSE,FALSE,FALSE,FALSE,FALSE,FALSE,FALSE,FALSE,FALSE,FALSE,FALSE,FALSE,FALSE,FALSE,FALSE,FALSE,FALSE,FALSE,FALSE,FALSE
KM,13,,Retired,2021-01-01,2021-01-01,2025-10-30,,2024-11-06,max-keno,Max Keno,快乐彩,,คีโน,Lô Tô Keno,Keno,맥스 케노,,,,,,,,,97.00%,9.2X,-,9.2X,LOW,No Commission,,CLASSIC,TABLE,LOTTERY,United States of America,Thailand,"CASINO, CHIP, LIGHTNING, NUMBERS, ROULETTE GAME, TABLE GAMES",North America,,United States of America,"Dive headfirst into the world of Max Keno, a fast-paced numbers game. Marvel as 20 unique numbers emerge from an 80-number pool, summoned by the capricious whims of a random number generator (RNG). Place bets, anticipate the total of these chosen numbers, and surrender to the thrilling embrace of the enigmatic!","1. The only Keno game in the market that provides an exciting live multiplayer experience.
",8.1,12.3,,,,,,,,,,,,,,,,,https://demo8.kingmidasdev.net/games/max-keno?currency=EUR&test=1,https://publiccdn.kingdomhall729.com/500x500images/KingMidas/max-keno_500x500_en.jpg,https://demo7.kingmidasdev.net/games/max-keno?currency=USD&test=1,https://supports2.bo.p7.ns86.kingmakergames.co/supports/games/max-keno/settings?lang=en,https://publiccdn.kingdomhall729.com/Product+Sheet/max-keno_product-brochure_en.pdf,https://publiccdn.kingdomhall729.com/Product+Sheet/max-keno_product-brochure_cn.pdf,https://publiccdn.kingdomhall729.com/website/landing/max-keno_landing.zip,https://publiccdn.kingdomhall729.com/website/logo/max-keno_logo.zip,https://publiccdn.kingdomhall729.com/website/banners/max-keno_banners.zip,https://publiccdn.kingdomhall729.com/MarketingAssetsPSD/KingMidas/max-keno_psd.zip,,Max Keno,Table Games Translations Masterlist,,PENDING,PENDING,PENDING,PENDING,All,GS1,TRUE,TRUE,TRUE,TRUE,TRUE,FALSE,FALSE,FALSE,FALSE,FALSE,FALSE,FALSE,FALSE,FALSE,FALSE
KM,27,,Retired,2021-04-01,2021-01-01,2025-11-28,,2024-11-06,bai-buu,Bai Buu,Bài Bửu ,,ไพ่โป๊กเกอร์4ใบ,Bài Bửu,Bài Bửu,바이 부,,,,,,,,,97.00%,1X,-,1X,LOW,3% Commission will be drawn from the winners of a round.,,CLASSIC,TABLE,CARD,Vietnam,Thailand,"CARD GAME, POKER GAME, RED, TABLE GAMES, VIETNAMESE,CARD",South East Asia,,Vietnam,"Bài Bửu, a classic Vietnamese card game, also referred to as the four-card game, employs a standard 52-card deck. Delve into the thrill as players and bankers square off with their 4-card hands, in a battle where fortunes are made and destinies are decided.","1. Play as a Banker pitting up against the rest of the players and emerge as the ultimate winner!

",10.1,15.9,,,,,,,,,,,,,,,,,https://demo8.kingmidasdev.net/games/bai-buu?currency=EUR&test=1,https://publiccdn.kingdomhall729.com/500x500images/KingMidas/bai-buu_500x500_en.jpg,https://demo7.kingmidasdev.net/games/bai-buu?currency=USD&test=1,https://supports2.bo.p7.ns86.kingmakergames.co/supports/games/bai-buu/settings?lang=en,https://publiccdn.kingdomhall729.com/Product+Sheet/bai-buu_product-brochure_en.pdf,https://publiccdn.kingdomhall729.com/Product+Sheet/bai-buu_product-brochure_cn.pdf,https://publiccdn.kingdomhall729.com/website/landing/bai-buu_landing.zip,https://publiccdn.kingdomhall729.com/website/logo/bai-buu_logo.zip,https://publiccdn.kingdomhall729.com/website/banners/bai-buu_banners.zip,https://publiccdn.kingdomhall729.com/MarketingAssetsPSD/KingMidas/bai-buu_psd.zip,,Bai Buu GDD.xlsx,Table Games Translations Masterlist,,PENDING,PENDING,CERTIFIED,PENDING,All,GS1,TRUE,TRUE,TRUE,TRUE,TRUE,FALSE,FALSE,FALSE,FALSE,FALSE,FALSE,FALSE,FALSE,FALSE,FALSE
KM,30,,Retired,2022-01-26,2021-12-22,2025-10-30,,2024-11-06,monkey-king-roulette,Monkey King Roulette,猴王轮盘,,รูเล็ตซุนหงอคง,Hầu Vương Ru-lét,Monkey King Roulette,몽키 킹 룰렛,,Roleta do Rei Macaco,Monkey King Roulette,"Рулетка
Царь обезьян",,,,,97.00%,44X,150,150X,HIGH,No Commission,,NEXT-GEN,CASUAL,ROULETTE,China,Myanmar,"ROULETTE, CASUAL, MONKEY KING, 150X MULTIPLIER BONUS ",East Asia,South East Asia,"China
Malaysia",Monkey King Roulette transforms the roulette into an experience inspired by Journey to the West. Select iconic symbols and win by matching their chosen symbol with the winning symbol. Watch exciting fights between iconic characters when bonus rounds are activated!,1. Bonus battle round to win payout up to 150x!,43.2,55.2,,,,,,,,,,,,,,,,,https://demo8.kingmidasdev.net/games/monkey-king-roulette?currency=EUR&test=1,https://publiccdn.kingdomhall729.com/500x500images/KingMidas/monkey-king-roulette_500x500_en.jpg,https://demo7.kingmidasdev.net/games/monkey-king-roulette?currency=USD&test=1,https://supports2.bo.p7.ns86.kingmakergames.co/supports/games/monkey-king-roulette/settings?lang=en,https://publiccdn.kingdomhall729.com/Product+Sheet/monkey-king-roulette_product-brochure_en.pdf,https://publiccdn.kingdomhall729.com/Product+Sheet/monkey-king-roulette_product-brochure_cn.pdf,https://publiccdn.kingdomhall729.com/website/landing/monkey-king-roulette_landing.zip,https://publiccdn.kingdomhall729.com/website/logo/monkey-king-roulette_logo.zip,https://publiccdn.kingdomhall729.com/website/banners/monkey-king-roulette_banners.zip,https://publiccdn.kingdomhall729.com/MarketingAssetsPSD/KingMidas/monkey-king-roulette_psd.zip,,Monkey King Roulette,Table Games Translations Masterlist,,CERTIFIED,PENDING,CERTIFIED,PENDING,All,GS1,TRUE,TRUE,TRUE,TRUE,TRUE,TRUE,FALSE,FALSE,FALSE,TRUE,FALSE,FALSE,FALSE,FALSE,FALSE
KM,38,,Retired,2021-03-17,2021-03-17,2025-11-28,,2024-11-06,bola-golek,Bola Golek,博乐够乐,,เกมอินโดนีเซีย โบลาโกเล็ก," 
 	
Quả Bóng Golek",Bola Golek,볼라 골렉 ,,,,,,,,,97.00%,10X,2,20X,MEDIUM,No Commission,,CLASSIC,CASUAL,OTHERS,Indonesia,Indonesia,"ASIAN, BALL, BONUS SYMBOLS, INDONESIA, SYMBOLS, TABLE GAMES, TRADITIONAL",South East Asia,,Indonesia,"Prepare to be swept into the world of Bola Golek, the beloved street game adored in Malaysia and Indonesia. Watch in anticipation as the rubber ball is released onto the 6x6 playing board, spins unpredictably before settling on a symbol that unveils the triumphant icon and colour. ","1. 2x Bonus feature to win rewards up to 20x!

",12.0,17.5,,,,,,,,,,,,,,,,,https://demo8.kingmidasdev.net/games/bola-golek?currency=EUR&test=1,https://publiccdn.kingdomhall729.com/500x500images/KingMidas/bola-golek_500x500_en.jpg,https://demo7.kingmidasdev.net/games/bola-golek?currency=USD&test=1,https://supports2.bo.p7.ns86.kingmakergames.co/supports/games/bola-golek/settings?lang=en,https://publiccdn.kingdomhall729.com/Product+Sheet/bola-golek_product-brochure_en.pdf,https://publiccdn.kingdomhall729.com/Product+Sheet/bola-golek_product-brochure_cn.pdf,https://publiccdn.kingdomhall729.com/website/landing/bola-golek_landing.zip,https://publiccdn.kingdomhall729.com/website/logo/bola-golek_logo.zip,https://publiccdn.kingdomhall729.com/website/banners/bola-golek_banners.zip,https://publiccdn.kingdomhall729.com/MarketingAssetsPSD/KingMidas/bola-golek_psd.zip,,Bola Golek,Table Games Translations Masterlist,,PENDING,PENDING,PENDING,PENDING,All,GS1,TRUE,TRUE,TRUE,TRUE,FALSE,TRUE,FALSE,FALSE,FALSE,FALSE,FALSE,FALSE,FALSE,FALSE,FALSE
KM,43,,Retired,2021-07-13,2021-11-10,2025-10-30,,2024-11-06,card-hi-lo,Cards Hi Lo,高低扑克,,"การ์ด
ไฮโล",Bài Hi Lo,Kartu Hi Lo,카드 하이로,,"Carteado Hi-Lo
","Card Hi Lo
",,,,,,97.00%,42.68X,4000,4000X,HIGH,No Commission,,CLASSIC,TABLE,CARD,India,Thailand," BONUS SYMBOLS, CARD GAME, HI LO, INDIA, TABLE GAMES",South Asia,,India,"Cards Hi Lo, a card guessing extravaganza! Armed with a standard deck of 52 cards, players are on a heart-pounding mission: predict whether the next card will rise to greatness or tumble into obscurity compared to the one on the table. Will you push your luck for even greater rewards, or cash out and bask in your triumph?","1. Win up to 42.68x highest rewards possible in a single turn!
2. Exciting bonus hand feature to win up to 4000x payout! 
3. A single-player feature that allows player to bet at their own pace!  ",12.3,17.3,,,,,,,,,,,,,,,,,https://demo8.kingmidasdev.net/games/card-hi-lo?currency=EUR&test=1,https://publiccdn.kingdomhall729.com/500x500images/KingMidas/cards-hi-lo_500x500_en.jpg,https://demo7.kingmidasdev.net/games/card-hi-lo?currency=USD&test=1,https://supports2.bo.p7.ns86.kingmakergames.co/supports/games/card-hi-lo/settings?lang=en,https://publiccdn.kingdomhall729.com/Product+Sheet/cards-hi-lo_product-brochure_en.pdf,https://publiccdn.kingdomhall729.com/Product+Sheet/cards-hi-lo_product-brochure_cn.pdf,https://publiccdn.kingdomhall729.com/website/landing/cards-hi-lo_landing.zip,https://publiccdn.kingdomhall729.com/website/logo/cards-hi-lo_logo.zip,https://publiccdn.kingdomhall729.com/website/banners/cards-hi-lo_banners.zip,https://publiccdn.kingdomhall729.com/MarketingAssetsPSD/KingMidas/cards-hi-lo_psd.zip,,Card Hilo,Table Games Translations Masterlist,,PENDING,PENDING,CERTIFIED,PENDING,All,GS1,TRUE,TRUE,TRUE,TRUE,TRUE,TRUE,FALSE,FALSE,FALSE,FALSE,FALSE,FALSE,FALSE,FALSE,FALSE
KM,45,,Retired,2022-09-14,2021-11-10,2025-03-01,2024-08-29,2024-11-06,cash-rocket,Cash Rocket,火箭宝藏,火箭寶藏,"แคช
ร๊อกเก็ต",Cash Rocket,Cash Rocket,캐시 로켓,ရတနာဒုန်းပျံ,Foguete da Fortuna,Cash Rocket,"Денежная
ракета",Nakit Roketi,,,,96.55%,200X,-,200X,HIGH,No Commission,,NEXT-GEN,INSTANT,CRASH,Western,India,"ARCADE, CASH OUT, CASUAL, CRASH, SPACESHIP",North America,Latin America,"United States of America
Brazil","Cash Rocket offers a thrilling multiplayer experience where participants predict the distance a rocket will travel. Prior to liftoff, players place their bets and strategically eject before explosion to secure their earnings.","1. Choose up to 151 different bet options!
2. Stand a chance to win payout up to 200x!",20.9,26.6,,,,,,,,,,,,,,,,,https://demo8.kingmidasdev.net/games/cash-rocket?currency=EUR&test=1,https://publiccdn.kingdomhall729.com/500x500images/KingMidas/cash-rocket_500x500_en.jpg,https://demo7.kingmidasdev.net/games/cash-rocket?currency=USD&test=1,https://supports2.bo.p7.ns86.kingmakergames.co/supports/games/cash-rocket/settings?lang=en,https://publiccdn.kingdomhall729.com/Product+Sheet/cash-rocket_product-brochure_en.pdf,https://publiccdn.kingdomhall729.com/Product+Sheet/cash-rocket_product-brochure_cn.pdf,https://publiccdn.kingdomhall729.com/website/landing/cash-rocket_landing.zip,https://publiccdn.kingdomhall729.com/website/logo/cash-rocket_logo.zip,https://publiccdn.kingdomhall729.com/website/banners/cash-rocket_banners.zip,https://publiccdn.kingdomhall729.com/MarketingAssetsPSD/KingMidas/cash-rocket_psd.zip,https://publiccdn.kingdomhall729.com/website/video/cash-rocket_video.zip,Cash Rocket,Table Games Translations Masterlist,,PENDING,CERTIFIED,CERTIFIED,IN PROGRESS,All,GS1,TRUE,TRUE,TRUE,TRUE,TRUE,TRUE,TRUE,TRUE,TRUE,FALSE,TRUE,FALSE,FALSE,FALSE,FALSE
KM,48,,Retired,2022-02-15,2022-02-09,2025-11-28,,2024-11-06,teen-patti,Teen Patti,三张牌,,ไพ่อินเดีย ทีนแพ็คตี้,Bài Teen Patti,Teen Patti,틴 파티,,,,Три карты,,,,,93.99%,1000X,-,1000X,HIGH,No Commission,,CLASSIC,TABLE,CARD,India,India,"CARD GAME, INDIAN, LIGHTNING, POKER GAME, TABLE GAMES",South Asia,,India,"Teen Patti, or Three Cards, is a popular Indian card game similar to Poker. The game is played in groups of 3 to 6 players with a 52-card deck. The objective of the game is to have the best three-hand card and beat the banker's hand. At the start of the game, each player is first dealt three cards facing down, following which, all cards values will then be compared to the banker's in order to determine the winner. The player with the highest hand value and/or ranks wins.","1. Play against the banker and win up to 1x bet amount!
2. Exciting Pair + and 6 Card side bet features to win payout up to 1000x!",9.7,14.8,,,,,,,,,,,,,,,,,https://demo8.kingmidasdev.net/games/teen-patti?currency=EUR&test=1,https://publiccdn.kingdomhall729.com/500x500images/KingMidas/teen-patti_500x500_en.jpg,https://demo7.kingmidasdev.net/games/teen-patti?currency=USD&test=1,https://supports2.bo.p7.ns86.kingmakergames.co/supports/games/teen-patti/settings?lang=en,https://publiccdn.kingdomhall729.com/Product+Sheet/teen-patti_product-brochure_en.pdf,https://publiccdn.kingdomhall729.com/Product+Sheet/teen-patti_product-brochure_cn.pdf,https://publiccdn.kingdomhall729.com/website/landing/teen-patti_landing.zip,https://publiccdn.kingdomhall729.com/website/logo/teen-patti_logo.zip,https://publiccdn.kingdomhall729.com/website/banners/teen-patti_banners.zip,https://publiccdn.kingdomhall729.com/MarketingAssetsPSD/KingMidas/teen-patti_psd.zip,,Teen Patti,Table Games Translations Masterlist,,PENDING,PENDING,CERTIFIED,PENDING,All,GS1,TRUE,TRUE,TRUE,TRUE,TRUE,FALSE,FALSE,FALSE,FALSE,TRUE,FALSE,FALSE,FALSE,FALSE,FALSE
KM,50,,Retired,2022-04-12,2022-06-01,2025-11-28,,2024-11-06,five-card-poker,5 Card Poker,五张扑克,,ไพ่โป๊กเกอร์ 5 ใบ,Bài Poker 5 Lá,5 Kartu Poker,5 카드 포커,,"Pôquer Fechado","Póquer Tapado",,,,,,94.78%,100X,300,300X,HIGH,No Commission,,CLASSIC,TABLE,CARD,India,Philippines,"CARD GAME, CHIP, POKER GAME, TABLE GAMES",South Asia,North America,"United States of America
India","In 5 Card Poker, players face off against the banker in a high-stakes game of skill and strategy. Compete with up to 5 players using a 52-card deck to build the best hand and outplay the banker. Place your Ante wager, receive 5 cards, and decide whether to double down, fold, or swap cards to improve your hand.","1. Play against the banker and win up to 100x bet amount!
2. Exciting bonus bet option to win payout up to 300x!



",14.0,19.8,,,,,,,,,,,,,,,,,https://demo8.kingmidasdev.net/games/five-card-poker?currency=EUR&test=1,https://publiccdn.kingdomhall729.com/500x500images/KingMidas/5-card-poker_500x500_en.jpg,https://demo7.kingmidasdev.net/games/five-card-poker?currency=USD&test=1,https://supports2.bo.p7.ns86.kingmakergames.co/supports/games/five-card-poker/settings?lang=en,https://publiccdn.kingdomhall729.com/Product+Sheet/5-card-poker_product-brochure_en.pdf,https://publiccdn.kingdomhall729.com/Product+Sheet/5-card-poker_product-brochure_cn.pdf,https://publiccdn.kingdomhall729.com/website/landing/5-card-poker_landing.zip,https://publiccdn.kingdomhall729.com/website/logo/5-card-poker_logo.zip,https://publiccdn.kingdomhall729.com/website/banners/5-card-poker_banners.zip,https://publiccdn.kingdomhall729.com/MarketingAssetsPSD/KingMidas/5-card-poker_psd.zip,,5 Card Poker - GDD - Banker vs Players.xlsx,Table Games Translations Masterlist,,PENDING,PENDING,CERTIFIED,PENDING,All,GS1,TRUE,TRUE,TRUE,TRUE,TRUE,TRUE,FALSE,FALSE,FALSE,FALSE,FALSE,FALSE,FALSE,FALSE,FALSE
KM,54,,Retired,2022-09-13,2022-09-28,2025-11-28,,2024-11-06,bola-tangkas,Bola Tangkas,七张扑克,,ไพ่โป๊กเกอร์ 7,Bài Poker 7 Lá,Bola Tangkas,볼라 탕카스,7 ကတ် ပိုကာ,,,,,,,,97.00%,500X,200,266X,HIGH,No Commission,,CLASSIC,TABLE,CARD,Indonesia,Thailand,"CARD GAME, CHIP, ORIENTAL, ASIAN, POKER GAME, TABLE GAMES, INDONESIA",South East Asia,,Indonesia,"Bola Tangkas, or Indonesian-style poker, is an exciting game using 7 cards to create the highest card combination. Unlike traditional poker, the game is a variation of the five-card draw poker game that involves tossing out 2 other cards. In each game, a player can bet up to four times (4 bets), with each bet receiving one to two cards and a higher payout. A player can only win the game and receive corresponding prizes if they have 5 cards out of the 7 that constitute a poker hand.","1. Bet up to 4 times in a game for maximized payout!
2. Exciting bonus bet option to win payout up to 500x!",9.2,14.7,,,,,,,,,,,,,,,,,https://demo8.kingmidasdev.net/games/bola-tangkas?currency=EUR&test=1,https://publiccdn.kingdomhall729.com/500x500images/KingMidas/bola-tangkas_500x500_en.jpg,https://demo7.kingmidasdev.net/games/bola-tangkas?currency=USD&test=1,https://supports2.bo.p7.ns86.kingmakergames.co/supports/games/bola-tangkas/settings?lang=en,https://publiccdn.kingdomhall729.com/Product+Sheet/bola-tangkas_product-brochure_en.pdf,https://publiccdn.kingdomhall729.com/Product+Sheet/bola-tangkas_product-brochure_cn.pdf,https://publiccdn.kingdomhall729.com/website/landing/bola-tangkas_landing.zip,https://publiccdn.kingdomhall729.com/website/logo/bola-tangkas_logo.zip,https://publiccdn.kingdomhall729.com/website/banners/bola-tangkas_banners.zip,https://publiccdn.kingdomhall729.com/MarketingAssetsPSD/KingMidas/bola-tangkas_psd.zip,,Bola Tangkas Poker - GDD.xlsx,Table Games Translations Masterlist,,PENDING,PENDING,CERTIFIED,PENDING,All,GS1,TRUE,TRUE,TRUE,TRUE,TRUE,TRUE,FALSE,FALSE,FALSE,FALSE,FALSE,FALSE,FALSE,FALSE,FALSE
KM,58,,Retired,2022-10-11,2022-09-21,2025-03-01,2024-08-29,2024-11-06,marble-racing,KM Marble Knockout,KM 弹珠大决斗,,"KM มาร์เบิล
น็อคเอ้าท์",KM Marble Đại Chiến,KM Balapan Kelereng,KM 마블 넉아웃,,KM Marble Knockout,KM Marble Knockout,,,,,,97.00%,5X,2,10X,LOW,No Commission,,NEXT-GEN,VIRTUAL,SPORTS,Western,India,"2X MULTIPLIER BONUS, ARCADE, CARTOON, CASUAL, CUTE, SPORT, VIRTUAL",Latin America,North America,"United States of America
Brazil",Marble Knockout is a fast-paced elimination race game featuring 4 teams of 16 marbles. Navigate through a challenging obstacle course that can slow you down or eliminate you from the race. Choose your favourite team and predict who will survive and win the thrilling race to the finish line.,"1. 2x Bonus feature to win rewards up to 20x!
2. Choose from up to 20 different exciting betting options!",36.4,41.3,,,,,,,,,,,,,,,,,https://demo8.kingmidasdev.net/games/marble-racing?currency=EUR&test=1,https://publiccdn.kingdomhall729.com/500x500images/KingMidas/km-marble-knockout_500x500_en.jpg,https://demo7.kingmidasdev.net/games/marble-racing?currency=USD&test=1,https://supports-3-m7.kingdomhall729.com/marble-racing/settings,https://publiccdn.kingdomhall729.com/Product+Sheet/km-marble-knockout_product-brochure_en.pdf,https://publiccdn.kingdomhall729.com/Product+Sheet/km-marble-knockout_product-brochure_cn.pdf,https://publiccdn.kingdomhall729.com/website/landing/km-marble-knockout_landing.zip,https://publiccdn.kingdomhall729.com/website/logo/km-marble-knockout_logo.zip,https://publiccdn.kingdomhall729.com/website/banners/km-marble-knockout_banners.zip,https://publiccdn.kingdomhall729.com/MarketingAssetsPSD/KingMidas/km-marble-knockout_psd.zip,https://publiccdn.kingdomhall729.com/website/video/km-marble-knockout_video.zip,Marble Racing,Table Games Translations Masterlist,,CERTIFIED,PENDING,CERTIFIED,IN PROGRESS,All,GS3,TRUE,TRUE,TRUE,TRUE,TRUE,TRUE,FALSE,FALSE,FALSE,FALSE,FALSE,FALSE,FALSE,FALSE,FALSE
KM,72,,Retired,2022-11-29,2022-11-23,2025-03-01,2024-08-29,2024-11-06,hound-racing,KM Virtual Greyhound Racing,KM 虚拟犬赛,,KM สุนัขแข่งเสมือนจริง,KM Đua Chó,Balap Anjing Virtual KM,KM 버추얼 그레이하운드 레이싱 ,,Virtual Corrida de Galgos,Virtual Carreras de Galgos,,,,,,95.78%,320X,5,1600X,HIGH,No Commission,,CLASSIC,VIRTUAL,SPORTS,Western,India,"Greyhound, Blue, Red, Competitive, Racing Dogs, Western",Europe,Oceania,"United States of America
United Kingdom
Australia","KM Virtual Greyhound Racing is no ordinary race - it's an adrenaline-fueled adventure that offers a simulation of real-life hound racing. Picture six sleek greyhounds tearing down the track, each vying for the lead as you root for your favourite and place your bets. With 20 betting options at your fingertips, you'll have the chance to activate the Lucky Greyhound Bonus, where any bet on the randomly chosen hound could score you 2x to 5x payout! Place your bets and let the race begin!","1. Bet on up to 20 bet options of your favourite hounds!
2. Exciting Lucky Greyhound Bonus feature to win up to 5x payout!",41.4,45.9,,,,,,,,,,,,,,,,,https://demo8.kingmidasdev.net/games/hound-racing?currency=EUR&test=1,https://publiccdn.kingdomhall729.com/500x500images/KingMidas/km-virtual-greyhound-racing_500x500_en.jpg,https://demo7.kingmidasdev.net/games/hound-racing?currency=USD&test=1,https://supports-3-m7.kingdomhall729.com/hound-racing/settings,https://publiccdn.kingdomhall729.com/Product+Sheet/km-virtual-greyhound-racing_product-brochure_en.pdf,https://publiccdn.kingdomhall729.com/Product+Sheet/km-virtual-greyhound-racing_product-brochure_cn.pdf,https://publiccdn.kingdomhall729.com/website/landing/km-virtual-greyhound-racing_landing.zip,https://publiccdn.kingdomhall729.com/website/logo/km-virtual-greyhound-racing_logo.zip,https://publiccdn.kingdomhall729.com/website/banners/km-virtual-greyhound-racing_banners.zip,https://publiccdn.kingdomhall729.com/MarketingAssetsPSD/KingMidas/km-virtual-greyhound-racing_psd.zip,https://publiccdn.kingdomhall729.com/website/video/km-virtual-greyhound-racing_video.zip,Greyhound Racing,Table Games Translations Masterlist,,CERTIFIED,PENDING,CERTIFIED,IN PROGRESS,All,GS3,TRUE,TRUE,TRUE,TRUE,TRUE,TRUE,FALSE,TRUE,TRUE,TRUE,FALSE,FALSE,FALSE,FALSE,FALSE
KM,74,,Retired,2023-04-11,2023-04-11,2025-03-01,2024-08-29,2024-11-06,treadmill-racing,KM Virtual Treadmill Racing,KM模拟跑步机赛车,KM虛擬賽車,KM การแข่งลู่วิ่งเสมือนจริง,KM Đua Máy Chạy Bộ Ảo,KM Virtual Treadmill Racing,KM 버추얼 트레드밀 레이싱,,KingMidas Virtual Corrida na Esteira,KingMidas Carreras en Cinta,,,,,,97.36%,7.5X,5,66X,MEDIUM,No Commission,,NEXT-GEN,VIRTUAL,SPORTS,Western,Philippines,"5X MULTIPLIER BONUS, ARCADE, CARTOON, CASUAL, CUTE, SPORT, VIRTUAL",ALL,,"Malaysia
South Korea
India
United Kingdom
Brazil
United Arab Emirates
Australia
South Africa",KM Virtual Treadmill Racing features 8 karts in a thrilling elimination race on an accelerating treadmill. Players may stand a chance to activate the Double Lightning Bonus for bigger rewards! Choose a kart and aim for victory!,"1. Choose up to 14 different bet options!
2. Stand a chance to win maximum payout up to 66x!",21.8,26.6,,,,,,,,,,,,,,,,,https://demo8.kingmidasdev.net/games/treadmill-racing?currency=EUR&test=1,https://publiccdn.kingdomhall729.com/500x500images/KingMidas/km-virtual-treadmill-racing_500x500_en.jpg,https://demo7.kingmidasdev.net/games/treadmill-racing?currency=USD&test=1,https://supports-3-m7.kingdomhall729.com/treadmill-racing/settings,https://publiccdn.kingdomhall729.com/Product+Sheet/km-virtual-treadmill-racing_product-brochure_en.pdf,https://publiccdn.kingdomhall729.com/Product+Sheet/km-virtual-treadmill-racing_product-brochure_cn.pdf,https://publiccdn.kingdomhall729.com/website/landing/km-virtual-treadmill-racing_landing.zip,https://publiccdn.kingdomhall729.com/website/logo/km-virtual-treadmill-racing_logo.zip,https://publiccdn.kingdomhall729.com/website/banners/km-virtual-treadmill-racing_banners.zip,https://publiccdn.kingdomhall729.com/MarketingAssetsPSD/KingMidas/km-virtual-treadmill-racing_psd.zip,https://publiccdn.kingdomhall729.com/website/video/km-virtual-treadmill-racing_video.zip,Treadmill Racing,Table Games Translations Masterlist,,CERTIFIED,CERTIFIED,CERTIFIED,IN PROGRESS,All,GS3,TRUE,TRUE,TRUE,TRUE,TRUE,FALSE,FALSE,FALSE,FALSE,FALSE,FALSE,FALSE,FALSE,FALSE,FALSE
KM,75,,Retired,2023-09-05,2023-08-08,2025-03-01,2024-07-31,2024-11-06,animal-racing,KM Virtual Animal Race,KM虚拟动物竞赛,KM虛擬動物競賽,KMการแข่งสัตว์เสมือน,KM Đua Thú Ảo,Balap Hewan Virtual KM,KM 버추얼 애니멀 레이싱 ,,"Corrida de Animais
KingMidas Virtual","Carreras de Animales
KingMidas Virtual",,,,,,97.00%,4.25X,2,8.5X,LOW,No Commission,,NEXT-GEN,VIRTUAL,SPORTS,Western,India,"2X MULTIPLIER BONUS, ARCADE, CARTOON, CASUAL, CUTE, SPORT, VIRTUAL",ALL,,"Malaysia
South Korea
India
United Kingdom
Brazil
United Arab Emirates
Australia
South Africa","Introducing KM Virtual Animal Race, where adorable animals tumble and dart towards the finish line. Place bets on your favourite animal and unlock a chance to trigger a Lucky Animal 2x bonus. Experience the thrilling race track, where obstacles challenge the animals on their path to victory!","1. Bet on your favorite animals and watch them race through the track!
2. Exciting Lucky Animal Bonus to win up to 8.5x payout!
3. Dynamic maps and obstacles for an exhilarating and thrilling game experience.",56.6,58.6,,,,,,,,,,,,,,,,,https://demo8.kingmidasdev.net/games/animal-racing?currency=EUR&test=1,https://publiccdn.kingdomhall729.com/500x500images/KingMidas/km-virtual-animal-race_500x500_en.jpg,https://demo7.kingmidasdev.net/games/animal-racing?currency=USD&test=1,https://supports-3-m7.kingdomhall729.com/animal-racing/settings,https://publiccdn.kingdomhall729.com/Product+Sheet/km-virtual-animal-race_product-brochure_en.pdf,https://publiccdn.kingdomhall729.com/Product+Sheet/km-virtual-animal-race_product-brochure_cn.pdf,https://publiccdn.kingdomhall729.com/website/landing/km-virtual-animal-race_landing.zip,https://publiccdn.kingdomhall729.com/website/logo/km-virtual-animal-race_logo.zip,https://publiccdn.kingdomhall729.com/website/banners/km-virtual-animal-race_banners.zip,https://publiccdn.kingdomhall729.com/MarketingAssetsPSD/KingMidas/km-virtual-animal-race_psd.zip,https://publiccdn.kingdomhall729.com/website/video/km-virtual-animal-race_video.zip,Animal Racing,Table Games Translations Masterlist,,PENDING,CERTIFIED,CERTIFIED,IN PROGRESS,All,GS3,TRUE,TRUE,TRUE,TRUE,TRUE,FALSE,FALSE,FALSE,FALSE,FALSE,FALSE,FALSE,FALSE,FALSE,FALSE
KM,80,,Retired,2023-08-01,2023-07-12,2025-03-01,2024-07-31,2024-11-06,ludo,Ludo,鲁多,,ลูโด้,Cờ Ludo,Ludo,,,Ludo,Ludo,,,,,,97.00%,1X,-,1X,LOW,3% Commission will be drawn from the winners of a round.,,CLASSIC,TABLE,DICE,India,India,"ASIAN, BOARD GAME, DICE, INDIA, STRATEGIC, TABLE GAME",South Asia,,India,"Ludo, derived from the Indian game, Pachisi, is a strategic board game for 2-4 players. Roll the dice and set your tokens in motion as you race against opponents to reach the finish line. Can you make smart moves and win at Ludo? ","1. Player vs Player
2. Kick-Out any of the opponent's token to win 1x Kick-Out Payout",N.A,N.A,,,,,,,,,,,,,,,,,https://demo8.kingmidasdev.net/games/ludo?currency=EUR&test=1,https://publiccdn.kingdomhall729.com/500x500images/KingMidas/ludo_500x500_en.jpg,https://demo7.kingmidasdev.net/games/ludo?currency=USD&test=1,https://supports-3-m7.kingdomhall729.com/ludo/settings,https://publiccdn.kingdomhall729.com/Product+Sheet/texas-holdem-poker_product-brochure_en.pdf,https://publiccdn.kingdomhall729.com/Product+Sheet/ludo_product-brochure_cn.pdf,https://publiccdn.kingdomhall729.com/website/landing/ludo_landing.zip,https://publiccdn.kingdomhall729.com/website/logo/ludo_logo.zip,https://publiccdn.kingdomhall729.com/website/banners/ludo_banners.zip,https://publiccdn.kingdomhall729.com/MarketingAssetsPSD/KingMidas/ludo_psd.zip,https://publiccdn.kingdomhall729.com/website/video/ludo_video.zip,Ludo - GDD - Turn-Based Game [Indian MK],Table Games Translations Masterlist,,PENDING,PENDING,CERTIFIED,IN PROGRESS,All,GS3,TRUE,TRUE,TRUE,TRUE,TRUE,FALSE,FALSE,TRUE,FALSE,FALSE,FALSE,FALSE,FALSE,FALSE,FALSE
KM,83,,Retired,2024-05-28,2024-04-03,N.A,N.A,N.A,tai-xiu-mini,Tai Xiu (Mini),,,,Tài Xỉu,,미니 타이 슈,,,,,,,,,97.00%,100X,2,,HIGH,No Commission,,CLASSIC,TABLE,MINI,Vietnam,Vietnam,,South East Asia,,,"Tai Xiu, also known as big and small or hi-lo, features three dice and a rich variety of betting options, injecting an element of chance into every wager.",,6.8,13.3,,,,,,,,,,,,,,,,,N.A,N.A,N.A,N.A,N.A,N.A,N.A,N.A,N.A,N.A,N.A,[Mini-Game] Thai Hilo - Baccarat - Color Game - TFPC - 7 UpDown - GDD - Round-Based Game,Table Games Translations Masterlist,,PENDING,PENDING,PENDING,PENDING,All,GS3,TRUE,FALSE,TRUE,FALSE,FALSE,FALSE,FALSE,FALSE,FALSE,FALSE,FALSE,FALSE,FALSE,FALSE,FALSE
KM,88,,Retired,2024-05-28,2024-04-03,N.A,N.A,N.A,thai-fish-prawn-crab,Thai Fish Prawn Crab (Mini),,,เวียดนามน้ำเต้าปูปลา,Tôm Cua Cá Thái,,미니 타이 피쉬 프론 크랩,,,,,,,,,97.00%,5X,2,,MEDIUM,No Commission,,CLASSIC,CASUAL,MINI,All,Thailand,,South East Asia,,,"Thai Fish Prawn Crab brings a Thai twist to the classic game. Instead of conventional numbers, the dice feature unique symbols to infuse with local flavour. With three dice and a betting table offering various options, players wager on the symbols they predict will appear in exciting combinations.",,4.7,10.8,,,,,,,,,,,,,,,,,N.A,N.A,N.A,N.A,N.A,N.A,N.A,N.A,N.A,N.A,N.A,[Mini-Game] Thai Hilo - Baccarat - Color Game - TFPC - 7 UpDown - GDD - Round-Based Game,Table Games Translations Masterlist,,PENDING,PENDING,PENDING,PENDING,All,GS3,TRUE,FALSE,TRUE,FALSE,FALSE,FALSE,FALSE,FALSE,FALSE,FALSE,FALSE,FALSE,FALSE,FALSE,FALSE
KM,91,,Retired,2024-02-27,2024-02-28,2025-12-23,,2024-11-06,pusoy,Pusoy,Pusoy,,ไพ่ปูซอย,"Mậu Binh
Pusoy",Pusoy,,,,,,,,,,97.00%,132X,-,132X,MEDIUM,3% Commission will be drawn from the winners of a round.,,CLASSIC,TABLE,CARD,Philippines,Vietnam,"ASIAN, CARD, CHIP, MULTIPLIER, PHILIPPINES, SOCIAL, TABLE GAME",South East Asia,,Philippines,"Welcome to Pusoy, the ultimate showcase of skill, strategy, and the art of bluffing. From its roots in the Phillippines, this beloved card game plays up to 4 players with a standard 52-card deck. Organise your cards into 3 sets: The Front with 3 cards, The Middle with 5 cards, and The Back with 5 cards. If you win all hands against all players, that's Pusoy!","1. An intuitive card arrangement system for creating perfect card combinations!
2. Stand a chance to win a maximum payout of up to 132x!
3. Get social and express yourself with interactive emoticons!",16.2,23.7,,,,,,,,,,,,,,,,,https://demo8.kingmidasdev.net/games/pusoy?currency=EUR&test=1,https://publiccdn.kingdomhall729.com/500x500images/KingMidas/pusoy_500x500_en.jpg,https://demo7.kingmidasdev.net/games/pusoy?currency=USD&test=1,https://uat.supports.kingmakergames.co/supports/games/pusoy/settings,https://publiccdn.kingdomhall729.com/Product+Sheet/pusoy_product-brochure_en.pdf,https://publiccdn.kingdomhall729.com/Product+Sheet/pusoy_product-brochure_cn.pdf,https://publiccdn.kingdomhall729.com/website/landing/pusoy_landing.zip,https://publiccdn.kingdomhall729.com/website/logo/pusoy_logo.zip,https://publiccdn.kingdomhall729.com/website/banners/pusoy_banners.zip,https://publiccdn.kingdomhall729.com/MarketingAssetsPSD/KingMidas/pusoy_psd.zip,,Pusoy - GDD - PvBots [UFA MK].xlsx,Table Games Translations Masterlist,,PENDING,PENDING,CERTIFIED,PENDING,All,GS1,TRUE,TRUE,TRUE,TRUE,TRUE,FALSE,FALSE,FALSE,FALSE,FALSE,FALSE,FALSE,FALSE,FALSE,FALSE
KM,92,,Retired,2024-07-09,2024-06-26,2025-12-23,,2024-11-06,video-poker,Video Poker,视频扑克,, โป๊กเกอร์วิดีโอ,Video Poker Xì Phé 5 Lá,Video Poker,,,,,,,,,,96.80%,250X,-,250X,MEDIUM,No commission,,CLASSIC,VIRTUAL,CARD,United States of America,,"CARD, CHIP, MULTIPLIER, POKER GAME, VIDEO POKER, VIRTUAL",North America,Oceania,"United States of America
United Kingdom
Australia","Experience the thrill of Video Poker, blending Five-card draw strategy with multi-hand play. Strategically choose your cards to swap and aim for the highest hand. Play with three or five hands simultaneously to boost your chances of winning big. Video Poker offers a captivating and rewarding gaming adventure, perfect for both poker enthusiasts and newcomers!","1. Form the highest Royal Flush hand to win a 250x payout!
2. Enjoy the thrill of playing up to five hands simultaneously!
3. Maximize your winnings with zero-commission gameplay!",9.9,15.2,,,,,,,,,,,,,,,,,https://demo8.kingmidasdev.net/games/video-poker?currency=EUR&test=1,https://publiccdn.kingdomhall729.com/500x500images/KingMidas/video-poker_500x500_en.jpg,https://demo7.kingmidasdev.net/games/video-poker?currency=USD&test=1,https://uat.supports.kingmakergames.co/supports/games/video-poker/settings,https://publiccdn.kingdomhall729.com/Product+Sheet/video-poker_product-brochure_en.pdf,https://publiccdn.kingdomhall729.com/Product+Sheet/video-poker_product-brochure_cn.pdf,https://publiccdn.kingdomhall729.com/website/landing/video-poker_landing.zip,https://publiccdn.kingdomhall729.com/website/logo/video-poker_logo.zip,https://publiccdn.kingdomhall729.com/website/banners/video-poker_banners.zip,https://publiccdn.kingdomhall729.com/MarketingAssetsPSD/KingMidas/video-poker_psd.zip,,Video Poker - GDD.xlsx,Table Games Translations Masterlist,,PENDING,PENDING,PENDING,PENDING,All,GS1,TRUE,TRUE,TRUE,TRUE,TRUE,FALSE,FALSE,FALSE,FALSE,FALSE,FALSE,FALSE,FALSE,FALSE,FALSE
KM,97,,Retired,2024-03-26,2024-03-20,2025-03-01,2024-07-31,2024-11-06,cock-fighting,Cockfighting Arena,斗鸡竞技场,,สังเวียนชนไก่,Đấu Trường Gà Chọi,Arena Sabung Ayam,,,Arena de Rinha,Arena de Gallos,,,,,,96.79%,7X,2,7X,LOW,,,CLASSIC,VIRTUAL,SPORTS,Eastern,India," BATTLE, CHIP, MULTIPLIER, ROOSTER FIGHT, SPORTS, VIRTUAL",South East Asia,Latin America,"Brazil
Vietnam","Experience the intensity of Cockfighting Arena, where strategy merges with spectacle in the ultimate clash of roosters. Choose your champion and step into the ring to face off against formidable opponents. With captivating visuals and immersive gameplay, Cockfighting Arena thrust you in the heat of the moment. Place your bets on ""Meron,"" ""Wala,"" or a ""Time Out,"" and watch the excitement unfold. Plus, seize massive payouts and thrilling bonuses to boost your winnings. Will your feathered gladiator soar to dominance or be left flapping in defeat?","1. Wide range of fighting rings and environments for diverse battle challenges.
2. Captivating gameplay filled with thrilling rooster battles and lethal moves.
3. Maximize winnings with up to 7x payouts and 3x bonuses.",24.4,26.7,,,,,,,,,,,,,,,,,https://demo8.kingmidasdev.net/games/cock-fighting?currency=EUR&test=1,https://publiccdn.kingdomhall729.com/500x500images/KingMidas/cockfighting-arena_500x500_en.jpg,https://demo7.kingmidasdev.net/games/cock-fighting?currency=USD&test=1,https://gs3-supports-hk-uat.kmgamesdev.net/cock-fighting/settings,https://publiccdn.kingdomhall729.com/Product+Sheet/cockfighting-arena_product-brochure_en.pdf,https://publiccdn.kingdomhall729.com/Product+Sheet/cockfighting-arena_product-brochure_cn.pdf,https://publiccdn.kingdomhall729.com/website/landing/cockfighting-arena_landing.zip,https://publiccdn.kingdomhall729.com/website/logo/cockfighting-arena_logo.zip,https://publiccdn.kingdomhall729.com/website/banners/cockfighting-arena_banners.zip,https://publiccdn.kingdomhall729.com/MarketingAssetsPSD/KingMidas/cockfighting-arena_psd.zip,,Cock Fighting Arena,Table Games Translations Masterlist,,PENDING,PENDING,PENDING,IN PROGRESS,All,GS3,TRUE,TRUE,TRUE,TRUE,TRUE,FALSE,FALSE,TRUE,TRUE,FALSE,FALSE,FALSE,FALSE,FALSE,FALSE
KM,98,Betera Only,Retired,2024-07-02,N.A,N.A,N.A,N.A,jackpot-jump,Jackpot Jump,大奖跳跃,大獎跳躍,แจ็คพ็อตจัมพ์,Bước Nhảy Jackpot!,Lompat Jackpot,,,Salto Premiado,Jackpot Jump,Прыжок За Джекпотом,,,,,96.94%,4.5X,2X,,LOW,,,NEXT-GEN,INSTANT,MINES,Korea,,"Gold, brown, blue, prize pool, coins, cash, tiles, avatars, X and O symbols, game show platform, jackpot win, social multiplayer, luck-based challenge.

",ALL,,"Malaysia
South Korea
India
United Kingdom
Brazil
United Arab Emirates
Australia
South Africa","Jackpot Jump delivers heart-pounding excitement in every round! In this round-based game of chance, all you need to do is pick a color—red, blue, or green. Each color-coded team will leap across glass tiles in a daring race toward the jackpot. The team that gets closest to the prize wins! It’s simple, social, and full of suspense. Place your bet, cheer your team on, and claim your share of the rewards!

在全新改版的《大奖跳跃》中，体验简单又刺激的团队竞速玩法！只需选择 红、蓝或绿 战队，即可加入这场玻璃砖上的跳跃对决。哪支队伍离终极奖金最近，哪队就能赢取奖励！无需复杂策略，只需押注你的战队，享受紧张又欢乐的社交竞猜体验。","1. Pick your color, watch the race, win instantly!
2. Trigger 2x bonus for 8x max win!

1. 一秒选战队，看跳跃对决，胜负马上揭晓！
2. 押中胜队赢8倍奖励，轻松赚翻！",N.A,N.A,,,,,,,,,,,,,,,,,https://demo8.kingmidasdev.net/games/jackpot-jump?currency=EUR&test=1,https://publiccdn.kingdomhall729.com/500x500images/KingMidas/jackpot-jump_500x500_en.jpg,https://demo7.kingmidasdev.net/games/jackpot-jump?currency=USD&test=1,https://uat.supports.kingmakergames.co/supports/games/jackpot-jump/settings,https://publiccdn.kingdomhall729.com/Product+Sheet/jackpot-jump_product-brochure_en.pdf,https://publiccdn.kingdomhall729.com/Product+Sheet/jackpot-jump_product-brochure_cn.pdf,N.A,N.A,https://publiccdn.kingdomhall729.com/Zip_masterGames/KingMidas/jackpot-jump_assets.zip,https://publiccdn.kingdomhall729.com/MarketingAssetsPSD/KingMidas/jackpot-jump_psd.zip,https://publiccdn.kingdomhall729.com/website/video/jackpot-jump_video.zip,Jackpot Jump,Table Games Translations Masterlist,,PENDING,CERTIFIED,CERTIFIED,IN PROGRESS,All,GS1,TRUE,TRUE,TRUE,TRUE,TRUE,FALSE,FALSE,TRUE,TRUE,TRUE,FALSE,FALSE,FALSE,FALSE,FALSE
KM,101,Betera Only,Retired,2024-07-09,N.A,N.A,N.A,N.A,penguin-panic,Penguin Panic,企鹅危机,企鵝危機,เพนกวินตื่นตระหนก,Cánh Cụt Hoảng Loạn,Penguin Panik,,,Pinguim em Pânico,Penguin Panic,Пингвины в панике ,,,,,97.00%,200X,-,,MEDIUM,3% Commission will be drawn from the winners of a round.,,NEXT-GEN,INSTANT,MINES,Western,,"Blue, white, ice tiles, penguins, winter, elimination, survival challenge, multiplayer competition, casual gameplay.

",ALL,,"Malaysia
South Korea
India
United Kingdom
Brazil
United Arab Emirates
Australia
South Africa","Penguin Panic is a social multiplayer game that puts a fun twist on the classic minesweeper-style gameplay. Place your bets on an ice tile and outlive your opponents for a chance to become the ultimate Penguin Ace! As more players join the fray, the competition escalates, with everyone vying for a share of the prize pool. Will you be the last penguin standing?","1. Pick your lucky tile to stay afloat and claim your share of the Cash Pot!
2. Chance to win up to 200x of your bet amount!
3. Get social and express yourself with interactive emoticons!",N.A,N.A,,,,,,,,,,,,,,,,,https://demo8.kingmidasdev.net/games/penguin-panic?currency=EUR&test=1,https://publiccdn.kingdomhall729.com/500x500images/KingMidas/penguin-panic_500x500_en.jpg,https://demo7.kingmidasdev.net/games/penguin-panic?currency=USD&test=1,https://uat.supports.kingmakergames.co/supports/games/penguin-panic/settings,https://publiccdn.kingdomhall729.com/Product+Sheet/penguin-panic_product-brochure_en.pdf,https://publiccdn.kingdomhall729.com/Product+Sheet/penguin-panic_product-brochure_cn.pdf,N.A,N.A,https://publiccdn.kingdomhall729.com/Zip_masterGames/KingMidas/penguin-panic_assets.zip,https://publiccdn.kingdomhall729.com/MarketingAssetsPSD/KingMidas/penguin-panic_psd.zip,https://publiccdn.kingdomhall729.com/website/video/penguin-panic_video.zip,Penguin Panic,Table Games Translations Masterlist,Tournament,PENDING,CERTIFIED,CERTIFIED,IN PROGRESS,All,GS1,TRUE,TRUE,TRUE,TRUE,TRUE,FALSE,FALSE,TRUE,TRUE,TRUE,FALSE,FALSE,FALSE,FALSE,FALSE
KM,109,,Retired,2025-03-01,2025-02-12,,,-,perya-4-balls,Perya 4 Balls,"Perya
欢乐落球",,Perya โฟร์ บอล,4 Bóng Perya,Perya 4 Balls,,,Perya Com 4 Bolas,Perya 4 Balls,,,,,,97.00%,7X,4,10X,MEDIUM,,,CLASSIC,TABLE,CASUAL,Philippines,,"Vibrant, Filipino festival, Multi-color, Carnival, Ball, Casual, Southeast Asian",South East Asia,,Philippines,"Perya 4 Balls brings the excitement of a Philippine carnival game to your screen. Players bet on which of the six color options the big ball and the three small balls will land on. Each round, there is a chance for a bonus big ball to drop, maximizing payouts if both big balls land on the same color. Predict the colors and win big in this engaging and interactive game!

《Perya 4 Balls》还原菲律宾嘉年华经典色球玩法，带来紧张又有趣的竞猜体验。玩家需预测1 颗大球与 3 颗小球最终落在哪一种颜色上。
每一局都有机会额外掉落一颗奖励大球，若两颗大球落在相同颜色，即可大幅提升奖金！选对颜色，抓住机会，赢取丰厚回报！","1. Dynamic and engaging gameplay featuring a color game using balls.
2. Six vibrant color options for thrilling betting opportunities.
3. Exciting bonus big ball feature that maximizes payouts when both big balls land on the same color.
4. Highly interactive experience, allowing players to predict the colors and win substantial rewards.

色球竞猜玩法，节奏明快、玩法直观！
6 种鲜明颜色选项，投注选择丰富！
奖励大球机制，两颗大球同色可大幅提高奖金！
高度互动体验，预测颜色赢取可观奖励！",20.9,26.2,,,,,,,,,,,,,,,,,https://demo8.kingmidasdev.net/games/perya-4-balls?currency=EUR&test=1,https://publiccdn.kingdomhall729.com/500x500images/KingMidas/perya-4-balls_500x500_en.jpg,https://demo7.kingmidasdev.net/games/perya-4-balls?currency=USD&test=1,https://uat.supports.kingmakergames.co/supports/games/perya-4-balls/settings,https://publiccdn.kingdomhall729.com/Product+Sheet/perya-4-balls_product-brochure_en.pdf,https://publiccdn.kingdomhall729.com/Product+Sheet/perya-4-balls_product-brochure_cn.pdf,https://publiccdn.kingdomhall729.com/website/landing/perya-4-balls_landing.zip,https://publiccdn.kingdomhall729.com/website/logo/perya-4-balls_logo.zip,https://publiccdn.kingdomhall729.com/website/banners/perya-4-balls_banners.zip,https://publiccdn.kingdomhall729.com/MarketingAssetsPSD/KingMidas/perya-4-balls_psd.zip,https://publiccdn.kingdomhall729.com/website/video/perya-4-balls_video.zip,Ball Drop Big Small.xlsx,Table Games Translations Masterlist,Tournament,PENDING,PENDING,CERTIFIED,PENDING,"All, Except PHP",GS1,TRUE,FALSE,FALSE,FALSE,FALSE,FALSE,FALSE,FALSE,FALSE,FALSE,FALSE,FALSE,FALSE,FALSE,FALSE
KM,111,,Retired,2025-02-11,2025-01-15,2025-08-01,,2025-01-22,ladder-game,Ladder Game,阶梯游戏 ,,เกมบันได,Trò Chơi Leo Thang,Ladder Game,사다리타기,,"Jogo da
Escada","Juego de
Escaleras",,,,,,97.50%,2.5X,2,6.9X,LOW,,,CLASSIC,INSTANT,OTHERS,Korea,,"Beige, brown, letters, ladders, prediction, casual, social, korean game
",East Asia,,South Korea,"Get ready for action in Ladder Game, a fast-paced, round-based table game with East Asian-inspired themes! Bet on whether the path will start on the left or right, and whether it will end on an even or odd step. With multiple betting options and the potential for big multipliers, each round builds anticipation as the path unfolds. Side bets can trigger a 2x multiplier, boosting your winnings for even bigger rewards. Fast line, fast win! Place your bets, follow the journey, and watch your predictions pay off in this exciting, high-speed game!","1. Predict where the path will start and end on the ladder for exciting betting options!
2. Unlock a 2x multiplier on side bets, boosting your winnings with every round!
3. Quick rounds and rapid results make each second packed with high-speed action and anticipation!",9.0,13.7,,,,,,,,,,,,,,,,,https://demo8.kingmidasdev.net/games/ladder-game?currency=EUR&test=1,https://publiccdn.kingdomhall729.com/500x500images/KingMidas/ladder-game_500x500_en.jpg,,,https://publiccdn.kingdomhall729.com/Product+Sheet/ladder-game_product-brochure_en.pdf,https://publiccdn.kingdomhall729.com/Product+Sheet/ladder-game_product-brochure_cn.pdf,https://publiccdn.kingdomhall729.com/website/landing/ladder-game_landing.zip,https://publiccdn.kingdomhall729.com/website/logo/ladder-game_logo.zip,https://publiccdn.kingdomhall729.com/website/banners/ladder-game_banners.zip,https://publiccdn.kingdomhall729.com/MarketingAssetsPSD/KingMidas/ladder-game_psd.zip,https://publiccdn.kingdomhall729.com/website/video/ladder-game_video.zip,Ladder Game - Basic,Table Games Translations Masterlist,,PENDING,PENDING,PENDING,PENDING,All,GS1,TRUE,TRUE,TRUE,TRUE,TRUE,TRUE,FALSE,TRUE,TRUE,FALSE,FALSE,FALSE,FALSE,FALSE,FALSE
KM,113,,Retired,2024-08-20,2024-08-07,2025-03-01,2024-08-29,2024-11-06,iron-dome,Iron Dome,铜墙铁壁,銅牆鐵壁,ไอรอนโดม,Vòm Sắt,Iron Dome,아이언 돔,အိုင်းယွန်းဒုံးမ်,Cúpula de Ferro, Cúpula de Hierro,,,,,,97.00%,125X,-,125X,HIGH,,,NEXT-GEN,INSTANT,CRASH,All,,"Brown, gold, blue, rockets, missiles, launch platform, desert, mountains",ALL,,"Malaysia
South Korea
India
United Kingdom
Brazil
United Arab Emirates
Australia
South Africa","Iron Dome is an innovative social multiplayer crash game that combines strategy and excitement. In this game, three rockets launch simultaneously, and players must bet on one of the rockets. The multiplier increases as the rockets ascend, and players must cash out before their chosen rocket is destroyed to win. Can you time your exit perfectly to maximize your winnings? Join the action and find out in Iron Dome!","1. Captivating crash-style game featuring three rockets racing simultaneously!
2. Dual bet option for a more intuitive cashout experience!
3. Potentially win a payout of up to 125x!
4. Live cash-out feature to monitor the remaining players in the race!",7.7,13.6,,,,,,,,,,,,,,,,,https://demo8.kingmidasdev.net/games/iron-dome?currency=EUR&test=1,https://publiccdn.kingdomhall729.com/500x500images/KingMidas/iron-dome_500x500_en.jpg,https://demo7.kingmidasdev.net/games/iron-dome?currency=USD&test=1,https://supports-3-q7.kingdomhall729.com/iron-dome/settings,https://publiccdn.kingdomhall729.com/Product+Sheet/iron-dome_product-brochure_en.pdf,https://publiccdn.kingdomhall729.com/Product+Sheet/iron-dome_product-brochure_cn.pdf,https://publiccdn.kingdomhall729.com/website/landing/iron-dome_landing.zip,https://publiccdn.kingdomhall729.com/website/logo/iron-dome_logo.zip,https://publiccdn.kingdomhall729.com/website/banners/iron-dome_banners.zip,https://publiccdn.kingdomhall729.com/MarketingAssetsPSD/KingMidas/iron-dome_psd.zip,https://publiccdn.kingdomhall729.com/website/video/iron-dome_video.zip,Iron Dome(Aviator 3),Table Games Translations Masterlist,,PENDING,PENDING,PENDING,IN PROGRESS,All,GS3,TRUE,TRUE,TRUE,TRUE,TRUE,FALSE,FALSE,TRUE,TRUE,FALSE,FALSE,FALSE,FALSE,FALSE,FALSE
KM,82,,Retired,2024-05-29,2024-04-03,N.A,N.A,N.A,seven-up-down-mini,7 Up 7 Down (Mini),,,7 สูง 7 ต่ำ ,Tài Xỉu 7,,미니 7 업 7 다운,,,,,,,,,97.00%,4X,6,,LOW,No Commission,,CLASSIC,TABLE,MINI,India,Thailand,,South Asia,,,"Feel the excitement with 7 Up 7 Down, a thrilling dice game! Bet on over 7, under 7 or exact 7 with two dice. Win 1x for nailing over or under 7 and a heart-pounding 4x for hitting exact 7. Watch out for lightning bonuses to amplify your wins up to 6x. ",,5.4,12.1,N.A,,,,,,,,,,,,,,,,N.A,N.A,N.A,N.A,N.A,N.A,N.A,N.A,N.A,N.A,N.A,[Mini-Game] Thai Hilo - Baccarat - Color Game - TFPC - 7 UpDown - GDD - Round-Based Game,Table Games Translations Masterlist,,PENDING,PENDING,PENDING,PENDING,All,GS3,TRUE,FALSE,TRUE,FALSE,FALSE,FALSE,FALSE,FALSE,FALSE,FALSE,FALSE,FALSE,FALSE,FALSE,FALSE
KM,81,,Retired,2024-05-29,2024-04-03,N.A,N.A,N.A,baccarat-mini,Baccarat (Mini),,,บาคาร่า,Baccarat,,미니 바카라,,,,,,,,,97.00%,75X,2,,LOW - HIGH,No Commission,,CLASSIC,TABLE,MINI,All,Thailand,,ALL,,,"Experience the elegance of Baccarat, also known as 'Punto Banco,' an iconic card game revered in casinos worldwide. Wager on the player or banker, then witness as 2-3 cards unveil destiny. The ascent to nine, the zenith of hand values, awaits the triumphant move!",,5.8,12.8,N.A,,,,,,,,,,,,,,,,N.A,N.A,N.A,N.A,N.A,N.A,N.A,N.A,N.A,N.A,N.A,[Mini-Game] Thai Hilo - Baccarat - Color Game - TFPC - 7 UpDown - GDD - Round-Based Game,Table Games Translations Masterlist,,PENDING,PENDING,PENDING,PENDING,All,GS3,TRUE,FALSE,TRUE,FALSE,FALSE,FALSE,FALSE,FALSE,FALSE,FALSE,FALSE,FALSE,FALSE,FALSE,FALSE
KM,129,UFA Only,Retired,2025-01-10,N.A,N.A,N.A,N.A,squid-game,UFA Squid Game,UFA 鱿鱼游戏,,"UFA สควิดเกม 
เล่นลุ้นตาย",UFA Trò Chơi Con Mực,UFA Squid Game,,,UFA Round 6,UFA Juego del Calamar,,,,,,97.00%,200X,-,200X,MEDIUM,3% Commission will be drawn from the winners of a round.,,NEXT-GEN,CASUAL,MINES,Korea,,"Purple, gold, red, piggy bank, cash, tokens, avatars, hexagon tiles, broken glass, spotlight, crowd, game show stage, elimination, squid game, survival",East Asia,Latin America,"Malaysia
South Korea
India
United Kingdom
Brazil
United Arab Emirates
Australia
South Africa","Enter the high-stakes Battle Royale arena of UFA Squid Game, where every choice matters! Select a tile for your avatar to stand on and place your bet. As the round begins, random tiles break. Stay on an unbroken tile to claim your share of the prize pool, but if it breaks, you’re out! Cracked tiles persist into the next round, adding to the suspense. If too few tiles remain, all reset for a fresh start. With payouts up to 200x, only the bold shall survive!",,N.A,N.A,,,,,,,,,,,,,,,,,N.A,N.A,N.A,N.A,N.A,N.A,N.A,N.A,https://publiccdn.kingdomhall729.com/Zip_masterGames/KingMidas/ufa-squid-game_assets.zip,https://publiccdn.kingdomhall729.com/MarketingAssetsPSD/KingMidas/ufa-squid-game_psd.zip,https://publiccdn.kingdomhall729.com/website/video/squid-game_video.zip,Squid Game Panic Battle Royale GDD,Table Games Translations Masterlist,,PENDING,PENDING,PENDING,PENDING,"All, Except THB",GS1,TRUE,TRUE,TRUE,TRUE,TRUE,FALSE,FALSE,TRUE,TRUE,FALSE,FALSE,FALSE,FALSE,FALSE,FALSE
KM,158,,Retired,2025-10-25,2025-10-08,2025-12-23,,2025-10-22,vietnam-rock-paper-scissors,Vietnam Rock Paper Scissors,越南剪刀石头布,,เป่ายิ้งฉุบเวียดนาม,Oẳn Tù Tì,"Gunting Batu
Kertas Vietnam",,,"Pedra, Papel e Tesoura
Vietnamita","Piedra, Papel o Tijera
de Vietnam","Вьетн. камень, 
бумага, ножницы",,,,,97.00%,1.9X,2X,2.8X,MEDIUM,,,CLASSIC,TABLE,CASUAL,Vietnam,,"CASUAL, TABLE GAME, TRADITIONAL, VIETNAM",,,,"Vietnam Rock Paper Scissors brings the classic hand game to the betting table with authentic Vietnamese flair! Pick Rock, Paper, or Scissors, and win up to 1.9x your bet. Watch out for the random 2x Bonus landing on any gesture to double your prize. Simple rules, quick rounds, nonstop fun!
《越南石头剪刀布》经典手势对决，越南风情再升级！选择石头、布或剪刀，与对手一较高下，赢取最高1.9倍投注奖励！游戏中随机触发的2倍奖励可能降临任意手势，让您的收益瞬间翻倍。规则简单，节奏迅捷，乐趣永不停歇！
","1. Pick Rock, Paper, or Scissors for instant wins!
2. Random 2x Bonus can double your payout!
3. Simple gameplay with fast Vietnamese flair!
1. 经典石头剪刀布玩法，融入越南本土元素!
2. 随机2倍奖励机制，惊喜无处不在!
3. 极速对局，轻松上手，随时随地畅玩!",17.5,20.3,,,,,,,,,,,,,,,,,https://demo8.kingmidasdev.net/games/vietnam-rock-paper-scissors?currency=EUR&test=1,https://publiccdn.kingdomhall729.com/500x500images/KingMidas/vietnam-rock-paper-scissors_500x500_en.jpg,,,https://publiccdn.kingdomhall729.com/Product+Sheet/vietnam-rock-paper-scissors_product-brochure_en.pdf,https://publiccdn.kingdomhall729.com/Product+Sheet/vietnam-rock-paper-scissors_product-brochure_cn.pdf,https://publiccdn.kingdomhall729.com/website/landing/vietnam-rock-paper-scissors_landing.zip,https://publiccdn.kingdomhall729.com/website/logo/vietnam-rock-paper-scissors_logo.zip,https://publiccdn.kingdomhall729.com/website/banners/vietnam-rock-paper-scissors_banners.zip,https://publiccdn.kingdomhall729.com/MarketingAssetsPSD/KingMidas/vietnam-rock-paper-scissors_psd.zip,https://publiccdn.kingdomhall729.com/website/video/vietnam-rock-paper-scissors_video.zip,GDD - Vietnam Rock Paper Scissors,Table Games Translations Masterlist,,PENDING,PENDING,PENDING,PENDING,All,GS1,TRUE,TRUE,TRUE,TRUE,TRUE,FALSE,FALSE,FALSE,FALSE,FALSE,FALSE,FALSE,FALSE,FALSE,FALSE
KM,104,,Retired,2024-06-18,2024-06-05,2025-03-01,2024-08-29,2024-11-06,olympus-glory,Olympus Glory,奥林匹斯荣光,,"โอลิมปัส
กลอรี่","Vinh Quang 
Đỉnh Olympus","Kejayaan
Olimpus",,,Glória do Olimpo,Olympus Glory,"Сияние
Олимпа",,,,,96.61%,12X,30,30X,MEDIUM,,,NEXT-GEN,INSTANT,PLINKO,Western,Myanmar,"Blue, gold, white, balls, shield, trident, lyre, trophy, bow, wing, shell, laurel, coins, warrior, Greek symbols, temple, clouds, ancient civilization, mythology
",Europe,,Greece,"KingMidas presents Olympus Glory, a plinko-style game that transports you to the majestic realm of Olympus, the home of Greek Gods! Release balls to align symbols and lay claim to bountiful rewards. Achieve even more with our special bingo feature, where completing horizontal matches unlocks exclusive rewards. Play now and aim for glory!","1. Innovative Plinko-style game with bingo symbol matching mechanics!
2. Stand a chance to win a 12x payout and unlock bonus of up to 30x!
3. Maximize gameplay by utilizing the Autoplay feature to drop up to 100 balls!",17.6,25.3,N.A,,,,,,,,,,,,,,,,https://demo8.kingmidasdev.net/games/olympus-glory?currency=EUR&test=1,https://publiccdn.kingdomhall729.com/500x500images/KingMidas/olympus-glory_500x500_en.jpg,https://demo7.kingmidasdev.net/games/olympus-glory?currency=USD&test=1,https://supports-31-q7.kingdomhall729.com/olympus-glory/settings,https://publiccdn.kingdomhall729.com/Product+Sheet/olympus-glory_product-brochure_en.pdf,https://publiccdn.kingdomhall729.com/Product+Sheet/olympus-glory_product-brochure_cn.pdf,https://publiccdn.kingdomhall729.com/website/landing/olympus-glory_landing.zip,https://publiccdn.kingdomhall729.com/website/logo/olympus-glory_logo.zip,https://publiccdn.kingdomhall729.com/website/banners/olympus-glory_banners.zip,https://publiccdn.kingdomhall729.com/MarketingAssetsPSD/KingMidas/olympus-glory_psd.zip,https://publiccdn.kingdomhall729.com/website/video/olympus-glory_video.zip,Plinko Olympus Glory,Table Games Translations Masterlist,Free Plays,PENDING,CERTIFIED,CERTIFIED,IN PROGRESS,All,GS3,TRUE,TRUE,TRUE,TRUE,TRUE,FALSE,FALSE,TRUE,TRUE,FALSE,FALSE,FALSE,FALSE,FALSE,FALSE
OG,160,,Maintenance,Pending,,,,,km-fortune-dragon,Fortune Dragon,幸运龙,,Fortune Dragon,Fortune Dragon,Fortune Dragon,Fortune Dragon,,,,,,,,,96.00%,2595X,,2595X,LOW,,26.90%,SLOTS,VIDEO-SLOT,PAYLINES,,,50 paylines,,,,,,15.0,10.7,5x4,50 Paylines,,✓,,✓,,,,,,,,,✓,,https://staging-gp-og-game.og1-net.com/gamelauncher/gamesapi/tgp/kingmidas/km/gameUrl/km-fortune-dragon?test=1,,,,,,,,,,,,,,PENDING,PENDING,PENDING,PENDING,All,GS7,TRUE,TRUE,TRUE,TRUE,TRUE,TRUE,FALSE,FALSE,FALSE,FALSE,FALSE,FALSE,FALSE,FALSE,FALSE
OG,161,,Maintenance,Pending,,,,,km-gate-to-gold,Gate To Gold,跃金门,,Gate To Gold,Gate To Gold,Gate To Gold,Gate To Gold,,,,,,,,,95.90%,1726X,,1726X,MEDIUM - HIGH,,28%,SLOTS,VIDEO-SLOT,PAYLINES,,,5 paylines,,,,,,14.9,11.1,5x3,5 Paylines,,✓,,✓,,,,✓,,✓,,,✓,,https://staging-gp-og-game.og1-net.com/gamelauncher/gamesapi/tgp/kingmidas/km/gameUrl/km-gate-to-gold?test=1,,,,,,,,,,,,,,PENDING,PENDING,PENDING,PENDING,All,GS7,TRUE,TRUE,TRUE,TRUE,TRUE,TRUE,FALSE,FALSE,FALSE,FALSE,FALSE,FALSE,FALSE,FALSE,FALSE
OG,162,,Maintenance,Pending,,,,,km-big-rich-fortune,Big Rich Fortune,财神到,,Big Rich Fortune,Big Rich Fortune,Big Rich Fortune,Big Rich Fortune,,,,,,,,,96.00%,1985X,,1985X,MEDIUM,,32.20%,SLOTS,VIDEO-SLOT,PAYLINES,,,25 paylines,,,,,,16.6,10.9,5x3,25 Paylines,,✓,,✓,,✓,,,,✓,,,✓,,https://staging-gp-og-game.og1-net.com/gamelauncher/gamesapi/tgp/kingmidas/km/gameUrl/km-big-rich-fortune?test=1,,,,,,,,,,,,,,PENDING,PENDING,PENDING,PENDING,All,GS7,TRUE,TRUE,TRUE,TRUE,TRUE,TRUE,FALSE,FALSE,FALSE,FALSE,FALSE,FALSE,FALSE,FALSE,FALSE
OG,163,,Maintenance,Pending,,,,,km-dragons-legend,Dragon's Legend,龙王,,Dragon's Legend,Dragon's Legend,Dragon's Legend,Dragon's Legend,,,,,,,,,96.00%,2310X,,2310X,MEDIUM,,"32,7%",SLOTS,VIDEO-SLOT,WINWAYS,,,243 win ways,,,,,,16.0,11.0,5x3,243 Win Ways,,✓,,✓,,✓,,✓,,✓,,,✓,,https://staging-gp-og-game.og1-net.com/gamelauncher/gamesapi/tgp/kingmidas/km/gameUrl/km-dragons-legend?test=1,,,,,,,,,,,,,,PENDING,PENDING,PENDING,PENDING,All,GS7,TRUE,TRUE,TRUE,TRUE,TRUE,TRUE,FALSE,FALSE,FALSE,FALSE,FALSE,FALSE,FALSE,FALSE,FALSE
OG,164,,Maintenance,Pending,,,,,km-fafa-babies,FaFa Babies,发发宝贝,,FaFa Babies,FaFa Babies,FaFa Babies,FaFa Babies,,,,,,,,,96.00%,1403X,,1403X,MEDIUM - HIGH,,30.60%,SLOTS,VIDEO-SLOT,PAYLINES,,,20 paylines,,,,,,15.2,10.8,5x3,20 Paylines,,✓,,✓,,,,,,,,,✓,,https://staging-gp-og-game.og1-net.com/gamelauncher/gamesapi/tgp/kingmidas/km/gameUrl/km-fafa-babies?test=1,,,,,,,,,,,,,,PENDING,PENDING,PENDING,PENDING,All,GS7,TRUE,TRUE,TRUE,TRUE,TRUE,TRUE,FALSE,FALSE,FALSE,FALSE,FALSE,FALSE,FALSE,FALSE,FALSE
OG,165,,Maintenance,Pending,,,,,km-happy-panda,Happy Panda,快乐熊猫,,Happy Panda,Happy Panda,Happy Panda,Happy Panda,,,,,,,,,96.10%,4053X,,4053X,MEDIUM - HIGH,,35.30%,SLOTS,VIDEO-SLOT,PAYLINES,,,20 paylines,,,,,,15.3,10.6,5x3,20 Paylines,,✓,,,,,,,,✓,,,✓,,https://staging-gp-og-game.og1-net.com/gamelauncher/gamesapi/tgp/kingmidas/km/gameUrl/km-happy-panda?test=1,,,,,,,,,,,,,,PENDING,PENDING,PENDING,PENDING,All,GS7,TRUE,TRUE,TRUE,TRUE,TRUE,TRUE,FALSE,FALSE,FALSE,FALSE,FALSE,FALSE,FALSE,FALSE,FALSE
OG,166,,Maintenance,Pending,,,,,km-kings-piggy-bank,King's Piggy Bank,国王的小猪,,King's Piggy Bank,King's Piggy Bank,King's Piggy Bank,King's Piggy Bank,,,,,,,,,96.10%,679X,,679X,MEDIUM,,22%,SLOTS,VIDEO-SLOT,PAYLINES,,,15 paylines,,,,,,13.0,10.9,5x3,15 Paylines,,✓,,,,,,,,✓,,,✓,,https://staging-gp-og-game.og1-net.com/gamelauncher/gamesapi/tgp/kingmidas/km/gameUrl/km-kings-piggy-bank?test=1,,,,,,,,,,,,,,PENDING,PENDING,PENDING,PENDING,All,GS7,TRUE,TRUE,TRUE,TRUE,TRUE,TRUE,FALSE,FALSE,FALSE,FALSE,FALSE,FALSE,FALSE,FALSE,FALSE
OG,167,,Maintenance,Pending,,,,,km-lucky-koi,Lucky Koi,幸运锦鲤,,Lucky Koi,Lucky Koi,Lucky Koi,Lucky Koi,,,,,,,,,96.00%,4978X,,4978X,MEDIUM - HIGH,,26.40%,SLOTS,VIDEO-SLOT,PAYLINES,,,10 paylines,,,,,,15.2,11.0,5x3,10 Paylines,,✓,,✓,,,,✓,,✓,,,✓,,https://staging-gp-og-game.og1-net.com/gamelauncher/gamesapi/tgp/kingmidas/km/gameUrl/km-lucky-koi?test=1,,,,,,,,,,,,,,PENDING,PENDING,PENDING,PENDING,All,GS7,TRUE,TRUE,TRUE,TRUE,TRUE,TRUE,FALSE,FALSE,FALSE,FALSE,FALSE,FALSE,FALSE,FALSE,FALSE
OG,168,,Maintenance,Pending,,,,,km-rising-phoenix,Rising Phoenix,凤凰崛起,,Rising Phoenix,Rising Phoenix,Rising Phoenix,Rising Phoenix,,,,,,,,,96.10%,3171X,,3171X,LOW,,36.80%,SLOTS,VIDEO-SLOT,PAYLINES,,,15 paylines,,,,,,14.7,10.9,5x3,15 Paylines,,✓,,✓,,,,,,,,,✓,,https://staging-gp-og-game.og1-net.com/gamelauncher/gamesapi/tgp/kingmidas/km/gameUrl/km-rising-phoenix?test=1,,,,,,,,,,,,,,PENDING,PENDING,PENDING,PENDING,All,GS7,TRUE,TRUE,TRUE,TRUE,TRUE,TRUE,FALSE,FALSE,FALSE,FALSE,FALSE,FALSE,FALSE,FALSE,FALSE
OG,169,,Maintenance,Pending,,,,,km-winning-scroll,Winning Scroll,胜利卷轴,,Winning Scroll,Winning Scroll,Winning Scroll,Winning Scroll,,,,,,,,,96.00%,7460X,,7460X,MEDIUM - HIGH,,29.60%,SLOTS,VIDEO-SLOT,PAYLINES,,,10 paylines,,,,,,11.9,10.9,5x3,10 Paylines,,✓,,✓,,,,,,,,,✓,,https://staging-gp-og-game.og1-net.com/gamelauncher/gamesapi/tgp/kingmidas/km/gameUrl/km-winning-scroll?test=1,,,,,,,,,,,,,,PENDING,PENDING,PENDING,PENDING,All,GS7,TRUE,TRUE,TRUE,TRUE,TRUE,TRUE,FALSE,FALSE,FALSE,FALSE,FALSE,FALSE,FALSE,FALSE,FALSE
OG,170,,Maintenance,Pending,,,,,km-double-happiness,Double Happiness,双倍幸福,,Double Happiness,Double Happiness,Double Happiness,Double Happiness,,,,,,,,,96.00%,4050X,,4050X,MEDIUM - HIGH,,31.20%,SLOTS,VIDEO-SLOT,PAYLINES,,,30 paylines,,,,,,12.3,10.6,5x3,30 Paylines,,✓,,✓,,,,,,,,,✓,,https://staging-gp-og-game.og1-net.com/gamelauncher/gamesapi/tgp/kingmidas/km/gameUrl/km-double-happiness?test=1,,,,,,,,,,,,,,PENDING,PENDING,PENDING,PENDING,All,GS7,TRUE,TRUE,TRUE,TRUE,TRUE,TRUE,FALSE,FALSE,FALSE,FALSE,FALSE,FALSE,FALSE,FALSE,FALSE
OG,171,,Maintenance,Pending,,,,,km-beautiful-peony,Beautiful Peony,百花之王,,Beautiful Peony,Beautiful Peony,Beautiful Peony,Beautiful Peony,,,,,,,,,96.10%,1404X,,1404X,LOW,,52%,SLOTS,VIDEO-SLOT,PAYLINES,,,50 paylines,,,,,,12.5,10.9,5x4,50 Paylines,,✓,,✓,,,,,,✓,,,✓,,https://staging-gp-og-game.og1-net.com/gamelauncher/gamesapi/tgp/kingmidas/km/gameUrl/km-beautiful-peony?test=1,,,,,,,,,,,,,,PENDING,PENDING,PENDING,PENDING,All,GS7,TRUE,TRUE,TRUE,TRUE,TRUE,TRUE,FALSE,FALSE,FALSE,FALSE,FALSE,FALSE,FALSE,FALSE,FALSE
OG,172,,Maintenance,Pending,,,,,km-eighty-eight-treasures,88 Treasures,发发宝藏,,88 Treasures,88 Treasures,88 Treasures,88 Treasures,,,,,,,,,96.00%,2071X,,2071X,MEDIUM,,30.10%,SLOTS,VIDEO-SLOT,WINWAYS,,,243 win ways,,,,,,14.8,11.2,5x3,243 Win Ways,,✓,,✓,✓,✓,,,,✓,,,✓,,https://staging-gp-og-game.og1-net.com/gamelauncher/gamesapi/tgp/kingmidas/km/gameUrl/km-eighty-eight-treasures?test=1,,,,,,,,,,,,,,PENDING,PENDING,PENDING,PENDING,All,GS7,TRUE,TRUE,TRUE,TRUE,TRUE,TRUE,FALSE,FALSE,FALSE,FALSE,FALSE,FALSE,FALSE,FALSE,FALSE
OG,173,,Maintenance,Pending,,,,,km-monkey-king-opera,Monkey King Opera,齐天大圣,,Monkey King Opera,Monkey King Opera,Monkey King Opera,Monkey King Opera,,,,,,,,,96.00%,1327X,,1327X,MEDIUM,,30.70%,SLOTS,VIDEO-SLOT,PAYLINES,,,30 paylines,,,,,,17.8,10.6,5x3,30 Paylines,,✓,,✓,,,,,,,,,✓,,https://staging-gp-og-game.og1-net.com/gamelauncher/gamesapi/tgp/kingmidas/km/gameUrl/km-monkey-king-opera?test=1,,,,,,,,,,,,,,PENDING,PENDING,PENDING,PENDING,All,GS7,TRUE,TRUE,TRUE,TRUE,TRUE,TRUE,FALSE,FALSE,FALSE,FALSE,FALSE,FALSE,FALSE,FALSE,FALSE
OG,174,,Maintenance,Pending,,,,,km-kings-jackpots,King's Jackpots,金币王与黄金,,King's Jackpots,King's Jackpots,King's Jackpots,King's Jackpots,,,,,,,,,96.20%,4651X,,4651X,HIGH,,26.20%,SLOTS,VIDEO-SLOT,PAYLINES,,,25 paylines,,,,,,15.7,11.2,5x3,25 Paylines,,✓,,✓,,,,,,✓,,✓,✓,,https://staging-gp-og-game.og1-net.com/gamelauncher/gamesapi/tgp/kingmidas/km/gameUrl/km-kings-jackpots?test=1,,,,,,,,,,,,,,PENDING,PENDING,PENDING,PENDING,All,GS7,TRUE,TRUE,TRUE,TRUE,TRUE,TRUE,FALSE,FALSE,FALSE,FALSE,FALSE,FALSE,FALSE,FALSE,FALSE
OG,175,,Maintenance,Pending,,,,,km-jin-chan,Jin Chan,金蝉,,Jin Chan,Jin Chan,Jin Chan,Jin Chan,,,,,,,,,96.30%,9619X,,9619X,MEDIUM,,35.10%,SLOTS,VIDEO-SLOT,PAYLINES,,,30 paylines,,,,,,15.8,11.1,5x3,30 Paylines,,✓,,✓,,,,✓,,✓,,,✓,,https://staging-gp-og-game.og1-net.com/gamelauncher/gamesapi/tgp/kingmidas/km/gameUrl/km-jin-chan?test=1,,,,,,,,,,,,,,PENDING,PENDING,PENDING,PENDING,All,GS7,TRUE,TRUE,TRUE,TRUE,TRUE,TRUE,FALSE,FALSE,FALSE,FALSE,FALSE,FALSE,FALSE,FALSE,FALSE
OG,176,,Maintenance,Pending,,,,,km-prosperity-rat,Prosperity Rat,金鼠送宝,,Prosperity Rat,Prosperity Rat,Prosperity Rat,Prosperity Rat,,,,,,,,,96.30%,1036X,,1036X,MEDIUM - HIGH,,9.40%,SLOTS,VIDEO-SLOT,PAYLINES,,,10 paylines,,,,,,18.2,11.6,5x3,10 Paylines,,✓,,✓,,,,,,✓,,,✓,,https://staging-gp-og-game.og1-net.com/gamelauncher/gamesapi/tgp/kingmidas/km/gameUrl/km-prosperity-rat?test=1,,,,,,,,,,,,,,PENDING,PENDING,PENDING,PENDING,All,GS7,TRUE,TRUE,TRUE,TRUE,TRUE,TRUE,FALSE,FALSE,FALSE,FALSE,FALSE,FALSE,FALSE,FALSE,FALSE
OG,177,,Maintenance,Pending,,,,,km-the-legend-of-the-banyan-tree,The Legend Of Banyan Tree,榕树传说,,The Legend Of Banyan Tree,The Legend Of Banyan Tree,The Legend Of Banyan Tree,The Legend Of Banyan Tree,,,,,,,,,97.10%,2595X,,2595X,LOW,,26.90%,SLOTS,VIDEO-SLOT,PAYLINES,,,50 paylines,,,,,,14.6,13.5,5x4,50 Paylines,,✓,,✓,,,,,,,,,✓,,https://staging-gp-og-game.og1-net.com/gamelauncher/gamesapi/tgp/kingmidas/km/gameUrl/km-the-legend-of-the-banyan-tree?test=1,,,,,,,,,,,,,,PENDING,PENDING,PENDING,PENDING,All,GS7,TRUE,TRUE,TRUE,TRUE,TRUE,TRUE,FALSE,FALSE,FALSE,FALSE,FALSE,FALSE,FALSE,FALSE,FALSE
OG,178,,Maintenance,Pending,,,,,km-songkran-lucky-splash,Songkran Lucky Splash,幸运泼水节,,Songkran Lucky Splash,Songkran Lucky Splash,Songkran Lucky Splash,Songkran Lucky Splash,,,,,,,,,96.10%,4053X,,4053X,MEDIUM - HIGH,,35.30%,SLOTS,VIDEO-SLOT,PAYLINES,,,20 paylines,,,,,,14.3,14.1,5x3,20 Paylines,,✓,,,,,,,,✓,,,✓,,https://staging-gp-og-game.og1-net.com/gamelauncher/gamesapi/tgp/kingmidas/km/gameUrl/km-songkran-lucky-splash?test=1,,,,,,,,,,,,,,PENDING,PENDING,PENDING,PENDING,All,GS7,TRUE,TRUE,TRUE,TRUE,TRUE,TRUE,FALSE,FALSE,FALSE,FALSE,FALSE,FALSE,FALSE,FALSE,FALSE
OG,179,,Maintenance,Pending,,,,,km-royal-treasures,Royal Treasures,皇家宝藏,,Royal Treasures,Royal Treasures,Royal Treasures,Royal Treasures,,,,,,,,,96.00%,1726X,,1726X,MEDIUM,,28%,SLOTS,VIDEO-SLOT,PAYLINES,,,25 paylines,,,,,,15.2,14.4,5x3,25 Paylines,,✓,,✓,,,,,,✓,,,✓,,https://staging-gp-og-game.og1-net.com/gamelauncher/gamesapi/tgp/kingmidas/km/gameUrl/km-royal-treasures?test=1,,,,,,,,,,,,,,PENDING,PENDING,PENDING,PENDING,All,GS7,TRUE,TRUE,TRUE,TRUE,TRUE,TRUE,FALSE,FALSE,FALSE,FALSE,FALSE,FALSE,FALSE,FALSE,FALSE
WTF,95,UFA,Retired,2024-07-30,2024-07-24,2025-03-01,2024-08-29,2024-11-06,gold-mines,Gold Mine,挖掘金矿,挖掘金礦,เหมืองทอง,Đào Vàng,Tambang Emas,골드 마인,ရွှေတွင်း,Gold Mine,Gold Mine,Золотая шахта,,,,,95.82%,10000X,-,10000X,MEDIUM,,18.96%,SLOTS,VIDEO-SLOT,WINWAYS,Western,,"243 WIN-WAYS, CASCADING WIN, FREE SPIN, MEGA WIN, MULTIPLIER, SCATTER, WILD",North America,Europe,"United States of America
United Kingdom","Gold Mine is a 5x3 slot game with 243 win-ways. Played with 9 standard symbols, complemented by 1 Scatter and 1 Wild symbol which substitutes for all others symbol. Every win, you can experience the exhilarating Cascade feature, offering multipliers of up to 1024x. Trigger up to 20 rounds of Free Spins by landing 3 or more Scatter symbols. Aim high as the maximum win reaches an impressive 10,000x of the total bet!","1. 5x3 reel grid with 243 win-ways.
2. 9 regular symbols, 1 Scatter and 1 WILD symbol which pays and subtitutes all other symbols.
3. Engage in a base game boasting Cascade and Free Spin features.
4. Increase your multipliers and win up to 10,000x of total bet!",15.1,19.5,5x3,243 Win Ways,,✓,,,,,,,✓,,,,,,Free Plays,https://cdn.kingmidasdev.net/syn33/demo8/lobbys/kmgamelauncher/#/gamelauncher/8/gold-mines?currency=HKD&lang=en&test=1,https://publiccdn.kingdomhall729.com/500x500images/KingMidas/gold-mine_500x500_en.jpg,https://cdn.kingmidasdev.net/syn33/demo7/lobbys/kmgamelauncher/#/gamelauncher/8/gold-mines?currency=HKD&lang=en&test=1,N.A,https://publiccdn.kingdomhall729.com/Product+Sheet/gold-mine_product-brochure_en.pdf,https://publiccdn.kingdomhall729.com/Product+Sheet/gold-mine_product-brochure_cn.pdf,https://publiccdn.kingdomhall729.com/website/landing/gold-mine_landing.zip,https://publiccdn.kingdomhall729.com/website/logo/gold-mine_logo.zip,https://publiccdn.kingdomhall729.com/website/banners/gold-mine_banners.zip,https://publiccdn.kingdomhall729.com/MarketingAssetsPSD/KingMidas/gold-mine_psd.zip,,N.A,N.A,PENDING,CERTIFIED,CERTIFIED,IN PROGRESS,"All, Except THB",GS4,TRUE,TRUE,TRUE,TRUE,TRUE,TRUE,TRUE,TRUE,TRUE,TRUE,FALSE,FALSE,FALSE,,
WTF,96,,Retired,2024-09-03,2024-09-20,2025-03-01,2024-09-30,2024-11-06,almighty-greek,Almighty Greek,希腊神通,希臘神通,ออลไมตี้กรีก,Hy Lạp Toàn Năng,Almighty Greek,올마이티 그릭,ခွန်အားကြီးမားသော ဂရိလူမျိုး,Poderoso Grego,Almighty Greek,Могучий грек,,,,,96.02%,620x,-,620x,MEDIUM,,23.49%,SLOTS,VIDEO-SLOT,PAYLINES,Greece,,"10 PAYLINES, GREEK, MEGA WIN, WILD, WILD RESPIN",North America,Europe,"United States of America
United Kingdom","Almighty Greek is a 5x3 slot game with 10 paylines. The game showcases a base game with 7 regular symbols, alongside a Wild symbol for engaging Wild re-spin mechanics. During the wild re-spin feature, the Wild symbol appears exclusively on reels 2, 3, and 4, expanding across the reel to initiate subsequent re-spins.","1. 5x3 reel grid with 10 paylines.
2. 7 regular symbols and 1 WILD symbol which pays and subtitutes all other symbols.
3. WILD re-spin features!
4. Exciting bonus multipliers to win up to 620x payout!",18.5,22.7,5x3,10 Paylines,,,✓,,,,,,,,,,,,Free Plays,https://cdn.kingmidasdev.net/syn33/demo8/lobbys/kmgamelauncher/#/gamelauncher/8/almighty-greek?currency=HKD&lang=en&test=1,https://publiccdn.kingdomhall729.com/500x500images/KingMidas/almighty-greek_500x500_en.jpg,https://cdn.kingmidasdev.net/syn33/demo7/lobbys/kmgamelauncher/#/gamelauncher/8/almighty-greek?currency=HKD&lang=en&test=1,N.A,https://publiccdn.kingdomhall729.com/Product+Sheet/almighty-greek_product-brochure_en.pdf,https://publiccdn.kingdomhall729.com/Product+Sheet/almighty-greek_product-brochure_cn.pdf,https://publiccdn.kingdomhall729.com/website/landing/almighty-greek_landing.zip,https://publiccdn.kingdomhall729.com/website/logo/almighty-greek_logo.zip,https://publiccdn.kingdomhall729.com/website/banners/almighty-greek_banners.zip,https://publiccdn.kingdomhall729.com/MarketingAssetsPSD/KingMidas/almighty-greek_psd.zip,https://publiccdn.kingdomhall729.com/website/video/almighty-greek_video.zip,N.A,N.A,PENDING,CERTIFIED,PENDING,IN PROGRESS,All,GS4,TRUE,TRUE,TRUE,TRUE,TRUE,TRUE,TRUE,TRUE,TRUE,TRUE,FALSE,FALSE,FALSE,,
WTF,105,UFA,Retired,2024-09-09,2024-09-20,2025-03-01,2024-09-30,2024-11-06,warriors-temple,Warriors Temple,南美战神,南美戰神, วิหารนักรบ,Ngôi Đền Chiến Binh,Kuil Pejuang,워리어스 템플,"စစ်သည်များ၏ 
ဘုရားကျောင်းသည်",Templo dos Guerreiros,Warrior's Temple,Храм воинов,,,,,96.02%,825x,-,825x,MEDIUM,,38.60%,SLOTS,MATCH-3,CASCADE,United States of America,,"Blue, gold, gems, masks, totems, warrior, temple, ancient symbols, jungle, treasure hunt, Aztec mythology.
",North America,,United States of America,"Warriors Temple is a thrilling 6x5 reel slot game featuring the Cascade Feature to amplify your wins! Trigger Scatter payouts and unlock 10 Free Games by matching 4 or more Scatter symbols. With 9 regular symbols and 1 Scatter symbol, the game offers a variety of winning combinations. Explore the Buy Free Game Feature, and Double Chance Feature for even more excitement. During Free Games, watch out for the Special Multiplier symbol, which can land anywhere on the screen to multiply your winnings!","1. Double chance feature to trigger Free Games!
2. Multiplies win by up to 100x during free games!
3. Exciting bonuses to win up to 825x of total bet!",18.6,23.5,6x5,Sum Game,✓,✓,,✓,,,,,,,,,✓,,,https://cdn.kingmidasdev.net/syn33/demo8/lobbys/kmgamelauncher/#/gamelauncher/8/warriors-temple?currency=HKD&lang=en&test=1,https://publiccdn.kingdomhall729.com/500x500images/KingMidas/warriors-temple_500x500_en.jpg,https://cdn.kingmidasdev.net/syn33/demo7/lobbys/kmgamelauncher/#/gamelauncher/8/warriors-temple?currency=HKD&lang=en&test=1,N.A,https://publiccdn.kingdomhall729.com/Product+Sheet/warriors-temple_product-brochure_en.pdf,https://publiccdn.kingdomhall729.com/Product+Sheet/warriors-temple_product-brochure_cn.pdf,https://publiccdn.kingdomhall729.com/website/landing/warriors-temple_landing.zip,https://publiccdn.kingdomhall729.com/website/logo/warriors-temple_logo.zip,https://publiccdn.kingdomhall729.com/website/banners/warriors-temple_banners.zip,https://publiccdn.kingdomhall729.com/MarketingAssetsPSD/KingMidas/warriors-temple_psd.zip,N.A,N.A,N.A,PENDING,CERTIFIED,PENDING,IN PROGRESS,"All, Except THB",GS4,TRUE,TRUE,TRUE,TRUE,TRUE,TRUE,TRUE,TRUE,TRUE,TRUE,FALSE,FALSE,FALSE,,
WTF,118,,Retired,2024-12-12,2024-12-27,2025-08-01,,2024-12-03,leppys-loot,Leppy Loot,精灵宝藏,精靈寶藏,เลปปี้ลูท,Kho Báu Yêu Tinh,Harta Karun Leppy,레프리콘의 보물,မှင်စာလေးရဲ့ ရတနာသိုက်,Tesouro do Duende,Tesoro del Duende,Веселые монетки,,,,,96.05%,3400x,-,3400x,HIGH,,33.31%,SLOTS,VIDEO-SLOT,PAYLINES,Western,Myanmar,"Green, gold, brown, beer mugs, coins, pipes, hats, harps, mushrooms, clovers, horseshoes, boots, leprechauns, forest, stone ring, Irish folklore, treasure hunt
",North America,Latin America,"United States of America
Brazil
Vietnam","Leppy Loots is a 5x3 slot game featuring 20 paylines. Packed with whimsical symbols, the game includes 8 regular icons, a Scatter symbol, and an Expanding Wild that triggers one of three special features: X2 Wild, Sticky Wild, or Random Wild. Collect 3 or more Scatter symbols to unlock 10 Free Spins and enjoy multiplier payouts of up to 100x your bet. The Expanding Wild can appear on reels 2, 3, and 4, transforming your gameplay with big win potential. Join the mischievous leprechaun and discover hidden treasures on every spin!","1. 5x3 reel grid with 20 paylines.
2. Collect 3 or more Scatter to unlock free spins and win up to 3400x payout!
3. Expanding Wild featuring X2 Wild, Sticky Wild, Random Wild.",14.4,18.8,5x3,20 Paylines,,✓,,,,,,,,✓,,,,,,https://cdn.kingmidasdev.net/syn33/demo8/lobbys/kmgamelauncher/#/gamelauncher/8/leppys-loot?currency=HKD&lang=en&test=1,https://publiccdn.kingdomhall729.com/500x500images/KingMidas/leppy-loot_500x500_en.jpg,https://cdn.kingmidasdev.net/syn33/demo7/lobbys/kmgamelauncher/#/gamelauncher/8/leppys-loot?currency=HKD&lang=en&test=1,N.A,https://publiccdn.kingdomhall729.com/Product+Sheet/leppy-loot_product-brochure_en.pdf,https://publiccdn.kingdomhall729.com/Product+Sheet/leppy-loot_product-brochure_cn.pdf,https://publiccdn.kingdomhall729.com/website/landing/leppy-loot_landing.zip,https://publiccdn.kingdomhall729.com/website/logo/leppy-loot_logo.zip,https://publiccdn.kingdomhall729.com/website/banners/leppy-loot_banners.zip,https://publiccdn.kingdomhall729.com/MarketingAssetsPSD/KingMidas/leppy-loot_psd.zip,https://publiccdn.kingdomhall729.com/website/video/leppy-loot_video.zip,N.A,N.A,PENDING,PENDING,PENDING,PENDING,All,GS4,TRUE,TRUE,TRUE,TRUE,TRUE,TRUE,TRUE,TRUE,TRUE,TRUE,FALSE,FALSE,FALSE,,
WTF,121,,Retired,2025-02-11,2025-01-15,2025-08-01,,2025-01-22,piggy-heist,Piggy Heist,猪宝神偷,豬寶神偷,จอมโจรลูกหมู,Cướp Heo,Piggy Heist,피기 하이스트,Piggy Heist,Roubo do Porquinho,Piggy Heist,Ограбление поросенка,,,,,95.98%,5000X,-,5000X,MEDIUM - HIGH,,19.60%,SLOTS,VIDEO-SLOT,PAYLINES,Western,Myanmar,"Gold, green, brown, safes, diamonds, coins, cash, piggy bank, thief, heist, vault",North America,Latin America,"United States of America
Brazil
Vietnam","Piggy Heist is a 5x3 reel slot game with 20 paylines, featuring 7 regular symbols, a Cash symbol, and a Scatter symbol. Land 3 or more Scatters to unlock multipliers up to 50x your bet! Trigger the HOLD & SPIN feature by landing 5+ Cash symbols for 3 respins; each new Cash symbol sticks and refreshes the respins to 3, giving you even more chances to win. Fill the entire grid to activate a 2x multiplier on all winnings! Plus, take your shot at Jackpot Awards, where you can win up to 5000x of your bet. Piggy Heist promises high-energy spins and thrilling rewards!","1. 5x3 reel grid with 20 paylines.
2. Collect 3 or more Scatter to unlock multipliers up to 50x payout!
3. HOLD & SPIN feature to activate 3 free respins!
4. Stand a chance to win Mega Jackpot rewards of up to 500x your bet!",13.5,18.2,5x3,20 Paylines,,,,,,,✓,,,,,✓,,,,https://cdn.kingmidasdev.net/syn33/demo8/lobbys/kmgamelauncher/#/gamelauncher/8/piggy-heist?currency=HKD&lang=en&test=1,https://publiccdn.kingdomhall729.com/500x500images/KingMidas/piggy-heist_500x500_en.jpg,https://cdn.kingmidasdev.net/syn33/demo7/lobbys/kmgamelauncher/#/gamelauncher/8/piggy-heist?currency=HKD&lang=en&test=1,N.A,https://publiccdn.kingdomhall729.com/Product+Sheet/piggy-heist_product-brochure_en.pdf,https://publiccdn.kingdomhall729.com/Product+Sheet/piggy-heist_product-brochure_cn.pdf,https://publiccdn.kingdomhall729.com/website/landing/piggy-heist_landing.zip,https://publiccdn.kingdomhall729.com/website/logo/piggy-heist_logo.zip,https://publiccdn.kingdomhall729.com/website/banners/piggy-heist_banners.zip,https://publiccdn.kingdomhall729.com/MarketingAssetsPSD/KingMidas/piggy-heist_psd.zip,N.A,N.A,N.A,PENDING,PENDING,PENDING,PENDING,All,GS4,TRUE,TRUE,TRUE,TRUE,TRUE,TRUE,TRUE,TRUE,TRUE,TRUE,FALSE,FALSE,FALSE,,
WTF,124,,Retired,2025-02-11,2025-01-15,2025-08-01,,2025-01-22,merlins-saga,Merlin's Saga,梅林传奇,梅林傳奇,Merlin's Saga,Truyền Thuyết Merlin,Merlin's Saga,멀린의 전설,Merlin's Saga,Saga do Merlin,Merlin's Saga,Сага о Мерлине,,,,,96.37%,800x,,800X,MEDIUM,,25.28%,SLOTS,VIDEO-SLOT,PAYLINES,Western,Myanmar,"Blue, purple, gold, spellbooks, magical orbs, wizard, dragon, shields, enchanted letters, stone pillars, starry sky, fire, magic effects, fantasy realm, magic adventure.
",North America,Latin America,"United States of America
Brazil
Vietnam","Explore the magic of Merlin's Saga, a 5x3 slot game featuring 20 paylines. This enchanting game includes 9 regular symbols, a Scatter symbol, and a Wild symbol that substitutes for all others except Scatter. Activate the Mystery Symbol Expand Feature to transform reels into matching symbols for bigger wins. Land 3 or more Scatters to unlock 8 Free Spins, where the Mystery Symbol expands exclusively into high-paying symbols, including Wilds. Spin the reels and uncover mesmerizing rewards!","1. Mystery Symbol Expand Feature for enhanced wins!
2. Unlock 8 Free Spins with Scatter payouts!
3. High-paying Mystery Symbols during Free Spins!",37.7,42.3,5x3,20 Paylines,,✓,,,,,,,,,,,,,,https://cdn.kingmidasdev.net/syn33/demo8/lobbys/kmgamelauncher/#/gamelauncher/8/merlins-saga?currency=HKD&lang=en&test=1,https://publiccdn.kingdomhall729.com/500x500images/KingMidas/merlins-saga_500x500_en.jpg,https://cdn.kingmidasdev.net/syn33/demo7/lobbys/kmgamelauncher/#/gamelauncher/8/merlins-saga?currency=HKD&lang=en&test=1,N.A,https://publiccdn.kingdomhall729.com/Product+Sheet/merlins-saga_product-brochure_en.pdf,https://publiccdn.kingdomhall729.com/Product+Sheet/merlins-saga_product-brochure_cn.pdf,https://publiccdn.kingdomhall729.com/website/landing/merlins-saga_landing.zip,https://publiccdn.kingdomhall729.com/website/logo/merlins-saga_logo.zip,https://publiccdn.kingdomhall729.com/website/banners/merlins-saga_banners.zip,https://publiccdn.kingdomhall729.com/MarketingAssetsPSD/KingMidas/merlins-saga_psd.zip,N.A,N.A,N.A,PENDING,PENDING,PENDING,PENDING,All,GS4,TRUE,TRUE,TRUE,TRUE,TRUE,TRUE,TRUE,TRUE,TRUE,TRUE,FALSE,FALSE,FALSE,,
WTF,125,,Retired,2025-02-11,2025-01-15,2025-08-01,,2025-01-22,london-mystery,London Mystery,伦敦神探,倫敦神探,London Mystery,Bí Ẩn London,Misteri London,런던 미스터리,London Mystery,Mistério de Londres,London Mystery,Загадка Лондона,,,,,95.18%,200X,,200X,LOW,,41.08%,SLOTS,VIDEO-SLOT,PAYLINES,United Kingdom,,"Blue, brown, gold, newspaper, pocket watch, magnifying glass, pipe, notebook, detective, street lamps, Victorian buildings, fog, cobblestone street, mystery, investigation, London",Europe,,"Malaysia
United Kingdom
Brazil","Dive into the intrigue of London Mystery, a 5x3 slot game with 25 paylines. Featuring 10 regular symbols, a Scatter symbol, and a Wild symbol, this game promises endless excitement. The Wild appears on the 3rd reel and substitutes for all symbols except Scatter. Land special High Pay symbols in their designated positions to trigger unique payouts. Collect Scatter symbols to unlock Free Spins, where additional spins can be retriggered for even greater rewards. Uncover hidden treasures and solve the mystery with every spin!","1. Special payouts for High Pay symbols in specific positions!
2. Retrigger Free Spins for extended gameplay!",16.3,20.6,5x3,25 Paylines,,✓,,✓,,,,,,,,,,,,https://cdn.kingmidasdev.net/syn33/demo8/lobbys/kmgamelauncher/#/gamelauncher/8/london-mystery?currency=HKD&lang=en&test=1,https://publiccdn.kingdomhall729.com/500x500images/KingMidas/london-mystery_500x500_en.jpg,https://cdn.kingmidasdev.net/syn33/demo7/lobbys/kmgamelauncher/#/gamelauncher/8/london-mystery?currency=HKD&lang=en&test=1,N.A,https://publiccdn.kingdomhall729.com/Product+Sheet/london-mystery_product-brochure_en.pdf,https://publiccdn.kingdomhall729.com/Product+Sheet/london-mystery_product-brochure_cn.pdf,https://publiccdn.kingdomhall729.com/website/landing/london-mystery_landing.zip,https://publiccdn.kingdomhall729.com/website/logo/london-mystery_logo.zip,https://publiccdn.kingdomhall729.com/website/banners/london-mystery_banners.zip,https://publiccdn.kingdomhall729.com/MarketingAssetsPSD/KingMidas/london-mystery_psd.zip,https://publiccdn.kingdomhall729.com/website/video/london-mystery_video.zip,N.A,N.A,PENDING,PENDING,PENDING,PENDING,All,GS4,TRUE,TRUE,TRUE,TRUE,TRUE,TRUE,TRUE,TRUE,TRUE,TRUE,FALSE,FALSE,FALSE,,
WTF,126,,Retired,2025-05-05,2025-01-15,2025-08-01,,2025-01-22,cupid-archery,Cupid Archery,幸运之箭,幸運之箭,Cupid Archery,Cung Thần Tình Yêu,Cupid Archery,큐피드의 화살,Cupid Archery,Arco de Cupido,Cupid Archery,Купидон с луком,,,,,96.33%,200X,,200X,LOW-MEDIUM,,43.16%,SLOTS,VIDEO-SLOT,PAYLINES,Greece,,"Pink, gold, hearts, chocolates, love letters, potions, teddy bears, bunnies, cupid, romantic, Valentine’s theme, love and luck.
",Europe,,"Malaysia
United Kingdom
Brazil","Cupid Archery is a 5x3 slot game with 25 paylines, where Cupid’s magical arrows lead to exciting wins! The game features a Base Game, Free Spins, and a Wild Respin Feature. During the Base Game, every 10 spins under the same bet option guarantee a Wild Respin, with locked Wild symbols boosting your chances of big payouts. Take aim and let love bring you rewards!","1. Every 10 spins guarantee a Wild Respin, locking Wild symbols for bigger wins!
2. Get 3 Scatters to unlock 12 Free Spins, plus an extra Wild Respin!
3. Trigger 12 Free Spins instantly with the Buy Feature!",21.2,25.6,5x3,25 Paylines,✓,✓,,,,✓,,,,,,,,,Free Plays,https://cdn.kingmidasdev.net/syn33/demo8/lobbys/kmgamelauncher/#/gamelauncher/8/cupid-archery?currency=HKD&lang=en&test=1,https://publiccdn.kingdomhall729.com/500x500images/KingMidas/cupid-archery_500x500_en.jpg,https://cdn.kingmidasdev.net/syn33/demo7/lobbys/kmgamelauncher/#/gamelauncher/8/cupid-archery?currency=HKD&lang=en&test=1,N.A,https://publiccdn.kingdomhall729.com/Product+Sheet/cupid-archery_product-brochure_en.pdf,https://publiccdn.kingdomhall729.com/Product+Sheet/cupid-archery_product-brochure_cn.pdf,https://publiccdn.kingdomhall729.com/website/landing/cupid-archery_landing.zip,https://publiccdn.kingdomhall729.com/website/logo/cupid-archery_logo.zip,https://publiccdn.kingdomhall729.com/website/banners/cupid-archery_banners.zip,https://publiccdn.kingdomhall729.com/MarketingAssetsPSD/KingMidas/cupid-archery_psd.zip,https://publiccdn.kingdomhall729.com/website/video/cupid-archery_video.zip,N.A,N.A,PENDING,PENDING,PENDING,PENDING,All,GS4,TRUE,TRUE,TRUE,TRUE,TRUE,TRUE,TRUE,TRUE,TRUE,TRUE,FALSE,FALSE,FALSE,,
WTF,127,,Retired,2025-02-11,2025-01-15,2025-08-01,,2025-01-22,horus-glory,Horus Glory,沙漠神殿,,ฮอรัสผู้ยิ่งใหญ่,Vinh Quang Horus,Horus Glory,호루스 글로리,Horus Glory,Glória de Hórus,Horus Glory,Великолепие Гора,,,,,96.01%,1500X,,1500X,MEDIUM,,24.81%,SLOTS,VIDEO-SLOT,PAYLINES,Egypt,,"Gold, purple, pyramids, scarabs, ankhs, jars, Egyptian gods, pharaohs, cats, wings, Eye of Horus, hieroglyphs, columns, temple, desert, ancient Egypt, treasure hunt
",MENA,,"United States of America
United Kingdom
Egypt","Unveil the treasures of ancient Egypt with Horus Glory, a 5x3 slot game featuring 20 paylines. This captivating game includes 9 regular symbols, a Scatter symbol, and a Mystery symbol that transforms into any symbol from the 1st reel, including Scatter. Land 6 or more Scatters anywhere on the reels to unlock Scatter Wins of up to 1500x your bet! Trigger the Giant Symbol Feature when reels 2, 3, and 4 spin together, filling the reels with massive symbols for incredible payouts. Experience the power of Horus with every spin!","1. Mystery symbols transform into 1st reel symbols!
2. Scatter Wins of up to 1500x your bet!
3. Giant Symbol Feature for colossal payouts!",21.3,26.0,5x3,20 Paylines,,,,,,,,,✓,,,,,,,https://cdn.kingmidasdev.net/syn33/demo8/lobbys/kmgamelauncher/#/gamelauncher/8/horus-glory?currency=HKD&lang=en&test=1,https://publiccdn.kingdomhall729.com/500x500images/KingMidas/horus-glory_500x500_en.jpg,https://cdn.kingmidasdev.net/syn33/demo7/lobbys/kmgamelauncher/#/gamelauncher/8/horus-glory?currency=HKD&lang=en&test=1,N.A,https://publiccdn.kingdomhall729.com/Product+Sheet/horus-glory_product-brochure_en.pdf,https://publiccdn.kingdomhall729.com/Product+Sheet/horus-glory_product-brochure_cn.pdf,https://publiccdn.kingdomhall729.com/website/landing/horus-glory_landing.zip,https://publiccdn.kingdomhall729.com/website/logo/horus-glory_logo.zip,https://publiccdn.kingdomhall729.com/website/banners/horus-glory_banners.zip,https://publiccdn.kingdomhall729.com/MarketingAssetsPSD/KingMidas/horus-glory_psd.zip,N.A,N.A,N.A,PENDING,PENDING,PENDING,PENDING,All,GS4,TRUE,TRUE,TRUE,TRUE,TRUE,TRUE,TRUE,TRUE,TRUE,TRUE,FALSE,FALSE,FALSE,,
WTF,128,,Retired,2025-05-05,2025-04-02,2025-08-01,2025-04-10,2025-04-02,rome-gladiator,Rome Gladiator,勇者格斗,勇者格鬥,กลาดิเอเตอร์แห่งโรม,Võ Sĩ La Mã,Gladiator Roma,로마 검투사,Rome Gladiator,Gladiador de Roma,Rome Gladiator,Римский гладиатор,,,,,96.14%,500X,,500X,HIGH,,30.41%,SLOTS,VIDEO-SLOT,PAYLINES,Western,,"Brown, gold, helmets, swords, shields, gladiators, bull, wolf, armor, Colosseum, ancient Rome, battle
",Europe,,"Malaysia
United Kingdom
Brazil","Step into the Colosseum and battle for glory in Rome Gladiator! This 5x3 slot with 20 paylines brings the thrill of ancient Rome to life. Land Gladiator symbols to trigger the Super Respin Feature for bigger wins, or hit three Scatters to unleash Free Spins. Conquer the reels with stacked Wilds and seize Jackpot rewards of up to 500x your bet!","1. Land 2 or more Gladiator symbols to trigger Super Respins, with locked Gladiators on the reels for bigger wins!
2. Get 3 Scatter symbols to unlock 10 Free Spins, where Gladiators turn into Wilds for higher chances to win.
3. Match 15 Gladiator symbols to win the Grand Jackpot of 500x your bet!
4. Instantly trigger 10 Free Spins or 3 Super Respins with the Buy Feature!",17.3,22.1,5x3,20 Paylines,✓,✓,✓,,,,,,,,,✓,,,,https://cdn.kingmidasdev.net/syn33/demo8/lobbys/kmgamelauncher/#/gamelauncher/8/rome-gladiator?currency=HKD&lang=en&test=1,https://publiccdn.kingdomhall729.com/500x500images/KingMidas/rome-gladiator_500x500_en.jpg,https://cdn.kingmidasdev.net/syn33/demo7/lobbys/kmgamelauncher/#/gamelauncher/8/rome-gladiator?currency=HKD&lang=en&test=1,N.A,https://publiccdn.kingdomhall729.com/Product+Sheet/rome-gladiator_product-brochure_en.pdf,https://publiccdn.kingdomhall729.com/Product+Sheet/rome-gladiator_product-brochure_cn.pdf,https://publiccdn.kingdomhall729.com/website/landing/rome-gladiator_landing.zip,https://publiccdn.kingdomhall729.com/website/logo/rome-gladiator_logo.zip,https://publiccdn.kingdomhall729.com/website/banners/rome-gladiator_banners.zip,https://publiccdn.kingdomhall729.com/MarketingAssetsPSD/KingMidas/rome-gladiator_psd.zip,N.A,N.A,N.A,PENDING,PENDING,PENDING,PENDING,All,GS4,TRUE,TRUE,TRUE,TRUE,TRUE,TRUE,TRUE,TRUE,TRUE,TRUE,FALSE,FALSE,FALSE,,
WTF,159,UFA,Retired,2025-08-19,2025-08-04,2025-10-30,,2025-08-04,salsa-fury,Salsa Fury,辣椒派对,辣椒派對,ซัลซ่าฟิวรี,Salsa Cay Nồng,Salsa Fury,살사 퓨리,,Fúria de Salsa,Furia Salsera,Salsa Fury,,,,,96.33%,1500X,,1500X,HIGH,,27.52%,SLOTS,VIDEO-SLOT,CASCADE,Mexico,,Brown/Green/Red/Sombrero/Piñata/Carnival/Taco/Cactus,Latin America,Europe,"Mexico
United States of America
Brazil","Salsa Fury turns up the heat in a 7x7 reel slot fiesta where every spin brings spicy wins! Match 3 or more symbols in combination from left to win. Each win triggers the cascading, letting new symbols drop in for nonstop wins. Land 4 or more Scatters to trigger up to 12 Free Spins and each cascade will doubles your multiplier! Spin the reels, feel the heat, Salsa Fury is your ticket to a spicy 1500x jackpot!
在7x7轴老虎机的热情滚动中，从左匹配3个或更多符号完成连线即可获胜，每次胜利都会触发连锁消除，新符号如皮纳塔糖果般纷飞落下，带来更多胜利机会！收集4个或更多Scatter符号，就能解锁最多12次免费旋转，每次消除都让倍率翻倍！伴随着欢快的节日鼓点，让你的奖励与狂欢气氛一同升温，冲击1500倍的终极大奖！","1. Explosive Cascading Reels with nonstop wins on every spin!
2. Trigger up to 12 Free Spins with spicy multipliers that grow with every cascade!
3. Win up to 1500x your bet with fiery combos and nonstop cascades!
1. 引爆式连环消除转轴——每次旋转带来不间断的胜利狂潮！
2. 最高触发12次免费旋转，火辣倍率随每次消除层层攀升！
3. 赢取最高1500倍注金的火热组合与无限连环消除！",13.8,16.9,7x7,Megaways,,✓,,✓,,,,,,,,,,,,https://cdn.kingmidasdev.net/syn33/demo8/lobbys/kmgamelauncher/#/gamelauncher/8/salsa-fury?currency=HKD&lang=en&test=1,https://publiccdn.kingdomhall729.com/500x500images/KingMidas/salsa-fury_500x500_en.jpg,,,https://publiccdn.kingdomhall729.com/Product+Sheet/salsa-fury_product-brochure_en.pdf,https://publiccdn.kingdomhall729.com/Product+Sheet/salsa-fury_product-brochure_cn.pdf,https://publiccdn.kingdomhall729.com/website/landing/salsa-fury_landing.zip,https://publiccdn.kingdomhall729.com/website/logo/salsa-fury_logo.zip,https://publiccdn.kingdomhall729.com/website/banners/salsa-fury_banners.zip,https://publiccdn.kingdomhall729.com/MarketingAssetsPSD/KingMidas/salsa-fury_psd.zip,,N.A,N.A,PENDING,PENDING,PENDING,PENDING,"All, Except THB",GS4,TRUE,TRUE,TRUE,TRUE,TRUE,TRUE,TRUE,TRUE,TRUE,TRUE,FALSE,FALSE,FALSE,,
WTF,189,,Retired,2025-09-23,2025-09-08,2025-10-30,,2025-09-08,samba-rhapsody,Samba Rhapsody,夏日狂想,,จังหวะแซมบ้า,Khúc Nhạc Samba,Samba Rapsodi,삼바 랩소디,,Rapsódia do Samba,Rapsodia de Samba,ဆမ်ဘာ ​ဘုန်းတော်ဖွဲ့,Samba Rapsodisi,,,,96.33%,2500x,,2500x,HIGH,,47.01%,SLOTS,VIDEO-SLOT,PAYLINES,Western,,"20 PAYLINES, BARTENDER, CASCADING MULTIPLIER, FREE SPIN, PURPLE, RETRIGGER, SAMBA, SCATTER, WILD",Latin America,Europe,"Mexico
United States of America
United Kingdom","Samba Rhapsody brings the spirit of carnival and the art of mixology onto the reels! This 5x3 slot with 20 paylines is bursting with nonstop celebration. Land 3 Scatters to trigger 10 Free Spins where the party gets even wilder, and chase payouts up to 2500x your bet. Spin the reels, sip the rhythm, and dance your way to thrilling wins in Samba Rhapsody!
将狂欢节热情与调酒艺术搬上卷轴！ 这款5x3布局、20条支付线的老虎机，让胜利的庆典永不落幕！触发3个Scatter符号即可开启10次免费旋转，让派对氛围更加狂热！最高可赢得2500倍投注额的惊人回报！转动卷轴，啜饮节奏，在桑巴的律动中舞向令人心动的胜利！","1. 3 Scatters trigger 10 Free Spins with boosted excitement!
2. Chase the ultimate jackpot-sized reward!
1. 免费旋转狂欢，3个Scatter触发10次免费旋转！
2. 2500倍顶级奖励，高潮迭起的盈利潜力！",8.0,11.0,5x3,20 Paylines,,✓,,✓,,,,,,,,,,,,https://cdn.kingmidasdev.net/syn33/demo8/lobbys/kmgamelauncher/#/gamelauncher/8/samba-rhapsody?currency=HKD&lang=en&test=1,https://publiccdn.kingdomhall729.com/500x500images/KingMidas/samba-rhapsody_500x500_en.jpg,,,https://publiccdn.kingdomhall729.com/Product+Sheet/samba-rhapsody_product-brochure_en.pdf,https://publiccdn.kingdomhall729.com/Product+Sheet/samba-rhapsody_product-brochure_cn.pdf,https://publiccdn.kingdomhall729.com/website/landing/samba-rhapsody_landing.zip,https://publiccdn.kingdomhall729.com/website/logo/samba-rhapsody_logo.zip,https://publiccdn.kingdomhall729.com/website/banners/samba-rhapsody_banners.zip,https://publiccdn.kingdomhall729.com/MarketingAssetsPSD/KingMidas/samba-rhapsody_psd.zip,,N.A,N.A,PENDING,PENDING,PENDING,PENDING,All,GS4,TRUE,TRUE,TRUE,TRUE,TRUE,TRUE,TRUE,TRUE,TRUE,TRUE,TRUE,FALSE,FALSE,,
WTF,192,,Retired,2025-10-21,2025-10-08,2025-12-23,,2025-10-22,lucky-cat-gala," 
 	
Lucky Cat Gala",招财盛宴,招財盛宴,งานกาล่าแมวนำโชค,Đại Tiệc Mèo Thần Tài,Gala Kucing Hoki,럭키 캣 갈라,Lucky Cat Gala,Gala Felina da Sorte,"Gala, Gata de la Suerte",Lucky Cat Gala,Şanslı Kedi Galası,,,,96.46%,9000x,-,9000x,HIGH,,21.71%,SLOTS,VIDEO-SLOT,PAYLINES,China,,"CAT, FULL HOUSE, MULTIPLIER SYMBOL",East Asia,South East Asia,"Malaysia
South Korea
India
United Kingdom
Brazil
United Arab Emirates
Australia
South Africa","Lucky Cat Gala invites you to a dazzling 3x3 slot where every spin brings charm and fortune. Simply match 3 or more symbols from left to right to win! Land a screen full of Wilds to unlock the grand Full House win of up to 9000x your bet! Step into the gala and let the Lucky Cats lead you to incredible fortune!
《招财盛宴》邀您踏入璀璨的3x3殿堂，每次旋转皆招财纳福！从左至右匹配3个或更多符号即可轻松获胜，当百搭符号铺满屏幕时，更可解锁满堂彩终极奖励，赢取高达9000倍投注额的惊人回报！即刻加入这场华丽盛宴，让招财猫为您引路，跃向无限财富！","1. Match 3 or more symbols on the 3x3 reels to win!
2. Land a Full House of Wilds to trigger the ultimate 9000x payout!
1. 在3x3转轴上匹配3个或更多符号即可获胜！
2. 满屏百搭符号触发终极9000倍大奖！",4.8,8.2,3x3,Count on Reels Pay,,,,,,,,✓,,,,,,,Free Plays,https://cdn.kingmidasdev.net/syn33/demo8/lobbys/kmgamelauncher/#/gamelauncher/8/lucky-cat-gala?test=1&lang=en&currency=USD,https://publiccdn.kingdomhall729.com/500x500images/KingMidas/lucky-cat-gala_500x500_en.jpg,,,https://publiccdn.kingdomhall729.com/Product+Sheet/lucky-cat-gala_product-brochure_en.pdf,https://publiccdn.kingdomhall729.com/Product+Sheet/lucky-cat-gala_product-brochure_cn.pdf,https://publiccdn.kingdomhall729.com/website/landing/lucky-cat-gala_landing.zip,https://publiccdn.kingdomhall729.com/website/logo/lucky-cat-gala_logo.zip,https://publiccdn.kingdomhall729.com/website/banners/lucky-cat-gala_banners.zip,https://publiccdn.kingdomhall729.com/MarketingAssetsPSD/KingMidas/lucky-cat-gala_psd.zip,https://publiccdn.kingdomhall729.com/website/video/lucky-cat-gala_video.zip,N.A,N.A,PENDING,PENDING,PENDING,PENDING,All,GS4,TRUE,TRUE,TRUE,TRUE,TRUE,TRUE,TRUE,TRUE,TRUE,TRUE,TRUE,FALSE,FALSE,,
WTF,206,"UFA Only, UFA Premium Lobby",Retired,Pending,2025-12-17,N.A,N.A,N.A,cupid-archery-ufa,Cupid Archery,,,Cupid Archery,,,,,,,,,,,,98.00%,200X,,200X,LOW,,43.16%,SLOTS,VIDEO-SLOT,PAYLINES,Greece,,"25 PAYLINES, 200X MULTIPLIER BONUS, BONUS BUY, FREE SPIN, GREEK, MEGA WIN, SCATTER, WILD, WILD RESPIN",Europe,,"Malaysia
United Kingdom
Brazil","Cupid Archery is a 5x3 slot game with 25 paylines, where Cupid’s magical arrows lead to exciting wins! The game features a Base Game, Free Spins, and a Wild Respin Feature. During the Base Game, every 10 spins under the same bet option guarantee a Wild Respin, with locked Wild symbols boosting your chances of big payouts. Take aim and let love bring you rewards!","1. Every 10 spins guarantee a Wild Respin, locking Wild symbols for bigger wins!
2. Get 3 Scatters to unlock 12 Free Spins, plus an extra Wild Respin!
3. Trigger 12 Free Spins instantly with the Buy Feature!",21.9,26.2,5x3,25 Paylines,✓,✓,,,,✓,,,,,,,,,,NA,https://publiccdn.kingdomhall729.com/500x500images/KingMidas/cupid-archery-ufa_500x500_en.jpg,https://cdn.kingmidasdev.net/syn33/demo7/lobbys/kmgamelauncher/#/gamelauncher/8/cupid-archery?currency=HKD&lang=en&test=1,N.A,https://publiccdn.kingdomhall729.com/Product+Sheet/cupid-archery_product-brochure_en.pdf,https://publiccdn.kingdomhall729.com/Product+Sheet/cupid-archery_product-brochure_cn.pdf,https://publiccdn.kingdomhall729.com/website/landing/cupid-archery-ufa_landing.zip,https://publiccdn.kingdomhall729.com/website/logo/cupid-archery-ufa_logo.zip,https://publiccdn.kingdomhall729.com/website/banners/cupid-archery-ufa_banners.zip,https://publiccdn.kingdomhall729.com/MarketingAssetsPSD/KingMidas/cupid-archery_psd.zip,https://publiccdn.kingdomhall729.com/website/video/cupid-archery-ufa_video.zip,N.A,N.A,PENDING,PENDING,PENDING,PENDING,THB Only,GS4,TRUE,FALSE,TRUE,FALSE,FALSE,FALSE,FALSE,FALSE,FALSE,FALSE,FALSE,FALSE,FALSE,,
WTF,212,,Retired,2026-04-28,2025-11-12,N.A,N.A,2025-11-12,aces-of-noble,Aces Of Noble,王牌爵起,,เอซสูงศักดิ์,Lá Át Cao Quý,Aces of Noble,귀족의 에이스,​မြင့်မြတ်သော Ace များ,Ases de Noble,Ases de Noble,Благородные тузы,Asil Aslar,,,,96.68%,3200X,-,3200X,HIGH,,16.39%,SLOTS,VIDEO-SLOT,CASCADE,,,,,,,"Royal reels are spinning in Aces of Noble! Join the 5x4 cascading slot filled with majestic wins. Trigger tumbles to bring more Aces and Wilds to the reels for bigger rewards. The more Wilds appear, the higher your multiplier climbs. Claim your crown and spin for the ultimate prize of up to 2,500x your bet!
皇室轮盘倾力开转，尽在《王牌爵起》！ 步入 5x4 阶梯式瀑布槽位，开启属于你的贵族赢奖之路。触发连消机制，召唤无穷无尽的 Aces 与 Wilds 降临。随着 Wild 符号不断堆叠，奖金倍率将势不可挡地攀升！即刻加冕为王，剑指 2500倍 终极皇家金库！","1. Each tumble adds more Aces and Wilds to the reels!
2. More Wilds mean higher multipliers for bigger rewards!
3. Win up to 2,500x your bet in royal style!
每一次连消，都让 Aces 与 Wilds 奔涌而至！
Wilds 越多倍率越高，奖励翻倍狂飙不停！
尽显皇室风范，豪取高达 2500 倍至尊巨奖！",7.1,10.0,5x4,Tumble,,✓,,✓,,,,,✓,,,,,,,https://cdn.kingmidasdev.net/syn33/demo8/lobbys/kmgamelauncher/#/gamelauncher/8/aces-of-noble?test=1&lang=en&currency=USD,https://publiccdn.kingdomhall729.com/500x500images/KingMidas/aces-of-noble_500x500_en.jpg,,,https://publiccdn.kingdomhall729.com/Product+Sheet/aces-of-noble_product-brochure_en.pdf,,https://publiccdn.kingdomhall729.com/website/landing/aces-of-noble_landing.zip,https://publiccdn.kingdomhall729.com/website/logo/aces-of-noble_logo.zip,https://publiccdn.kingdomhall729.com/website/banners/aces-of-noble_banners.zip,https://publiccdn.kingdomhall729.com/MarketingAssetsPSD/KingMidas/aces-of-noble_psd.zip,,,,PENDING,PENDING,PENDING,PENDING,,GS4,TRUE,TRUE,TRUE,TRUE,TRUE,TRUE,TRUE,TRUE,TRUE,TRUE,TRUE,FALSE,FALSE,,
WTF,229,,Retired,Pending,,,,,fossil-frenzy,Fossil Frenzy,化石狂潮,,ฟอสซิลเฟรนซี่,Cơn sốt hóa thạch,Fossil Frenzy,포실 프렌지,ရုပ်ကြွင်းအကြမ်းဖက်မှု,Frenesi fóssil,Frenesí fósil,ископаемое безумие,Fosil Çılgınlığı,,,,95.98%,2000X,,2000X,MEDIUM,,,SLOTS,VIDEO-SLOT,PAYLINES,,,,,,,"Step into the wild Fossil Frenzy with our 5x5 grid action! Trigger heart-pounding Free Spins and watch the stakes rise as our unique Dice Feature brings lucky multipliers. Roll the dice, ignite the frenzy, and chase a massive payout of up to 2,000x!
锁定《化石狂潮》，这款5x5 精彩不断的老虎机游戏 ！在免费旋转中看倍率狂飙，独特骰子功能为你加持幸运。在这场史前寻宝之旅中，好运将如影随形，助你轻松统治转轮。现在就掷出骰子，引爆全场，锁定您的 2000倍至尊大奖！
","1. 3125 pay ways to win big!
2. Lucky dice rolling to boost your wins instantly!
3. Hit the Free Spins and chase a massive 2,000x payout!
1. 5x5 矩阵全线火力全开，3125 种赢法助你横扫宝藏！
2. 触发独特骰子功能，掷出幸运倍率让奖金翻倍！
3. 开启免费旋转模式，锁定 2000 倍至尊巨奖！",7.2,10.7,5x5,Paying Ways,,✓,,,,,,✓,,✓,,,,,,https://cdn.kingmidasdev.net/syn33/demo8/lobbys/kmgamelauncher/#/gamelauncher/8/fossil-frenzy?test=1&lang=en&currency=EUR,https://publiccdn.kingdomhall729.com/500x500images/KingMidas/fossil-frenzy_500x500_en.jpg,,,https://publiccdn.kingdomhall729.com/Product+Sheet/fossil-frenzy_product-brochure_en.pdf,https://publiccdn.kingdomhall729.com/Product+Sheet/fossil-frenzy_product-brochure_cn.pdf,https://publiccdn.kingdomhall729.com/website/landing/fossil-frenzy_landing.zip,https://publiccdn.kingdomhall729.com/website/logo/fossil-frenzy_logo.zip,https://publiccdn.kingdomhall729.com/website/banners/fossil-frenzy_banners.zip,https://publiccdn.kingdomhall729.com/MarketingAssetsPSD/KingMidas/fossil-frenzy_psd.zip,,,,PENDING,PENDING,PENDING,PENDING,All,GS4,TRUE,TRUE,TRUE,TRUE,TRUE,TRUE,TRUE,TRUE,TRUE,TRUE,TRUE,FALSE,FALSE,,
WTF,230,,Retired,Pending,,,,,mammoth-gold,Mammoth Gold,冰域灵兽,,ทองของแมมมอธ,Voi Mammoth Bằng Vàng,Mammoth Emas,매머드 골드,ရွှေစိုင်ရွှေခဲ,Ouro de Mamute,Oro Mamut,Золото мамонтов,Mamut Altını,,,,95.96%,3840X,,3840X,HIGH,,41.08%,SLOTS,VIDEO-SLOT,PAYLINES,,,,,,,"Enter the frozen wilds of Mammoth Gold, a 5x4 slot adventure filled with primal power. Trigger the Hold & Spin Feature to lock symbols and chase big rewards, or jump straight into the action with Buy Hold & Spin. Brave the ice and hunt down massive wins up to 3,840x!
踏入极寒冰域，唤醒远古灵兽！冰域灵兽采用5x4转盘设计，厚重的冰雪之下隐藏着巨大财富。触发锁定旋转后，收集符号填满转盘，释放强力奖励；还可直接购买锁定旋转，直奔高额回报。最高可赢取3840倍奖金，每一次旋转都充满原始力量！","1. Hold & Spin feature for locked symbol rewards!
2. Buy Hold & Spin option for instant action!
3. Payouts up to 3,840x!

1. 锁定旋转玩法，累积符号赢取大奖!
2.可直接购买锁定旋转，快速冲击高倍奖励!
3. 最高可获得3840倍奖金!",21.0,24.3,5x4,1024 Win Ways,✓,,✓,,,,✓,,,,,,,,,https://cdn.kingmidasdev.net/syn33/demo8/lobbys/kmgamelauncher/#/gamelauncher/8/mammoth-gold?test=1&lang=en&currency=EUR,https://publiccdn.kingdomhall729.com/500x500images/KingMidas/mammoth-gold_500x500_en.jpg,,,https://publiccdn.kingdomhall729.com/Product+Sheet/mammoth-gold_product-brochure_en.pdf,https://publiccdn.kingdomhall729.com/Product+Sheet/mammoth-gold_product-brochure_cn.pdf,https://publiccdn.kingdomhall729.com/website/landing/mammoth-gold_landing.zip,https://publiccdn.kingdomhall729.com/website/logo/mammoth-gold_logo.zip,https://publiccdn.kingdomhall729.com/website/banners/mammoth-gold_banners.zip,https://publiccdn.kingdomhall729.com/MarketingAssetsPSD/KingMidas/mammoth-gold_psd.zip,,,,PENDING,PENDING,PENDING,PENDING,All,GS4,TRUE,TRUE,TRUE,TRUE,TRUE,TRUE,TRUE,TRUE,TRUE,TRUE,TRUE,FALSE,FALSE,,
WTF,231,Bingo+,Retired,Pending,,,,,sure-pay,Sure Pay,,,,,,,,,,,,,,,96.03%,50X,,50X,LOW,,100.00%,SLOTS,VIDEO-SLOT,PAYLINES,,,,,,,"Sure Pay delivers nonstop action with a 100% hit rate, meaning every round brings a win! In the Baseline mode, a multiplier appears in every spin to boost your rewards. Keep the wins flowing and climb toward the top prize of 50x!

Sure Pay 带来稳定又刺激的赢奖体验，100%命中率让每一轮都有收获！在基础模式中，每次旋转都会触发倍数加成，让奖励不断提升。简单直接的玩法，持续累积好运，冲击最高50倍回报！","1. 100% hit rate ensures a win every round!
2. Baseline mode with a multiplier on every spin!
3. Payouts up to 50x!
1. 100%命中率，每轮必有奖励!
2. 基础线玩法每次都会出现倍数加成！
3. 最高可赢50倍奖励！",2.6,5.4,1 Row,1 Payline,,,,,,,,✓,,,,,,,,https://cdn.kingmidasdev.net/syn33/m13/lobbys/kmgamelauncher/#/gamelauncher/8/sure-pay?test=1&lang=en&currency=EUR,https://publiccdn.kingdomhall729.com/500x500images/KingMidas/surepay_500x500_en.jpg,,,https://publiccdn.kingdomhall729.com/Product+Sheet/sure-pay_product-brochure_en.pdf,https://publiccdn.kingdomhall729.com/Product+Sheet/sure-pay_product-brochure_cn.pdf,https://publiccdn.kingdomhall729.com/website/landing/sure-pay_landing.zip,https://publiccdn.kingdomhall729.com/website/logo/sure-pay_logo.zip,https://publiccdn.kingdomhall729.com/website/banners/sure-pay_banners.zip,https://publiccdn.kingdomhall729.com/MarketingAssetsPSD/KingMidas/sure-pay_psd.zip,,,,PENDING,PENDING,PENDING,PENDING,"All, Except PHP",GS4,TRUE,TRUE,TRUE,TRUE,TRUE,TRUE,TRUE,TRUE,TRUE,TRUE,TRUE,FALSE,FALSE,,
WTF,245,,Retired,Pending,,,,,calavera-clash,Calavera Clash,星夜狂欢,,ศึกแห่งคาลาเวร่า,Đầu Lâu Tranh Đấu,Calavera Clash,칼라베라 격돌,ပျော်စရာဆပ်ကပ်,Calavera Clash,Calavera Clash,Стук черепов,Calavera Çatışması,,,,96.05%,3000x,,3000x,HIGH,,22.20%,SLOTS,VIDEO-SLOT,PAYLINES,,,,,,,"Experience Calavera Clash, where the spirits rise and the fiesta never ends! A 5x4 Festival of the Dead themed slot bursting with vibrant calavera symbols, free spins, and multipliers. With Coin rewards having a chance to appear on every spin, each round could lead to a powerful clash of wins!

体验《星夜狂欢》，亡灵苏醒，狂欢不停！灵感源自亡灵节的5x4转轴老虎机，充满骷髅图案与节日氛围。旋转中追逐高倍率奖励与免费旋转，金币奖励有机会在每一局出现，让每次旋转都有机会引爆大奖！","1. Land 6 or more Coin symbols to trigger instant multiplier rewards of up to 200x!
2. Trigger up to 25 Free Spins with Scatter symbols, with chances to retrigger for even more rewards!
3. Chase massive wins with a maximum payout of up to 3,000x your bet!

1. 收集 6 个或以上金币图案，即可触发倍率奖励，最高可达 200倍！
2. 触发 SCATTER 即可获得最多 25次免费旋转，并有机会再次触发额外奖励！
3. 最高可赢取高达 投注额的 3,000倍 巨额奖励！",,,5x4,50 Paylines,,✓,,,,,,✓,,,,,,,,https://cdn.kingmidasdev.net/syn33/m13/lobbys/kmgamelauncher/#/gamelauncher/8/calavera-clash?test=1&lang=en&currency=EUR,https://publiccdn.kingdomhall729.com/500x500images/KingMidas/calavera-clash_500x500_en.jpg,,,https://publiccdn.kingdomhall729.com/Product+Sheet/calavera-clash_product-brochure_en.pdf,,https://publiccdn.kingdomhall729.com/website/landing/calavera-clash_landing.zip,https://publiccdn.kingdomhall729.com/website/logo/calavera-clash_logo.zip,https://publiccdn.kingdomhall729.com/website/banners/calavera-clash_banners.zip,https://publiccdn.kingdomhall729.com/MarketingAssetsPSD/KingMidas/calavera-clash_psd.zip,,,,,,,,All,GS4,TRUE,TRUE,TRUE,TRUE,TRUE,TRUE,TRUE,TRUE,TRUE,TRUE,TRUE,FALSE,FALSE,,
WTF,257,Sweepstakes,Retired,Pending,,,,,mammoth-gold-ss,Mammoth Gold,,,,,,,,,,,,,,,95.96%,3840X,,3840X,HIGH,,41.08%,SLOTS,VIDEO-SLOT,PAYLINES,,,,,,,"Enter the frozen wilds of Mammoth Gold, a 5x4 slot adventure filled with primal power. Trigger the Hold & Spin Feature to lock symbols and chase big rewards, or jump straight into the action with Buy Hold & Spin. Brave the ice and hunt down massive wins up to 3,840x!
踏入极寒冰域，唤醒远古灵兽！冰域灵兽采用5x4转盘设计，厚重的冰雪之下隐藏着巨大财富。触发锁定旋转后，收集符号填满转盘，释放强力奖励；还可直接购买锁定旋转，直奔高额回报。最高可赢取3840倍奖金，每一次旋转都充满原始力量！","1. Hold & Spin feature for locked symbol rewards!
2. Buy Hold & Spin option for instant action!
3. Payouts up to 3,840x!

1. 锁定旋转玩法，累积符号赢取大奖!
2.可直接购买锁定旋转，快速冲击高倍奖励!
3. 最高可获得3840倍奖金!",,,5x4,1024 Win Ways,✓,,✓,,,,✓,,,,,,,,,,,,,,,,,,,,,Sweepstakes Conversion - KM Games Localization,,,,,All,GS4,TRUE,FALSE,FALSE,FALSE,FALSE,FALSE,FALSE,FALSE,FALSE,FALSE,FALSE,FALSE,FALSE,,
WTF,,,Retired,Pending,,,,,maid-dream-cafe,Maid Dream Cafe,梦境女仆,,เมดดรีมคาเฟ่,Quán Cà Phê Giấc Mơ Hầu Gái,Kafe Maid Impian,메이드 드림 카페,Maid Dream Cafe,Café dos Sonhos das Empregadas,Cafetería Maid Dream,Кафе «Девичья мечта»,Hizmetçi Rüya Kafesi,,,,96.41%,5070x,,5070x,LOW,,42.56%,SLOTS,VIDEO-SLOT,PAYLINES,,,,,,,,,,,5x3,20 Lines,✓,,✓,,,,✓,,,,,,,,,,,,,,,,,,,,,,,,,,All,GS4,TRUE,TRUE,TRUE,TRUE,TRUE,TRUE,TRUE,TRUE,TRUE,TRUE,TRUE,FALSE,FALSE,,
WTF,,,Retired,Pending,,,,,joy-circus,Joy Circus,乐翻天团,,ละครสัตว์หรรษา,Rạp Xiếc Hân Hoan,Sirkus Ceria,조이 서커스,ပျော်စရာဆပ်ကပ်,Circo da Alegria,Circo de Alegría,Веселый цирк,Neşe Sirki,,,,96.94%,5000x,,5000x,LOW,,38.40%,SLOTS,VIDEO-SLOT,PAYLINES,,,,,,,,,,,5x3,20 Lines,✓,✓,,,✓,,,,✓,,,,,,,,,,,,,,,,,,,,,,,,All,GS4,TRUE,TRUE,TRUE,TRUE,TRUE,TRUE,TRUE,TRUE,TRUE,TRUE,TRUE,FALSE,FALSE,,
WTF,,,Retired,Pending,,,,,the-great-goa,The Great Goa,古迹奇遇,,มหาสมบัติแห่งกัว,Goa Vĩ Đại,Goa Agung,그레이트 고아,ကြီးမြတ်သော ဂိုအာ,O Grande Goa,El Gran Goa,Великий Гоа,Büyük Goa,,,,95.93%,540x,,540x,HIGH,,29.10%,SLOTS,VIDEO-SLOT,CASCADE,,,,,,,,,,,5x3,Cascading,✓,✓,,,,✓,,✓,,,,,,,,,,,,,,,,,,,,,,,,,All,GS4,TRUE,TRUE,TRUE,TRUE,TRUE,TRUE,TRUE,TRUE,TRUE,TRUE,TRUE,FALSE,FALSE,,
KM,232,,Retired,Pending,,,,,fantasy-epl-mini,Virtual FIFA,,,ฟีฟ่าเสมือนจริง,,,,,,,,,,,,96.00%,5X,,5X,LOW,,,CLASSIC,VIRTUAL,SPORTS,All,,,ALL,,"Malaysia
South Korea
India
United Kingdom
Brazil
United Arab Emirates
Australia
South Africa","Virtual FIFA brings the passion of real football to your screen with fast-paced, round-based action! Watch the champions face off in simulated English Premier League matchups. Before each match begins, place your bets on Home, Away, or Draw — or go for bigger wins with Exact Score, Over/Under, and Total Goals. Whether you're backing your favorites or going with your gut, every match is a shot at glory.",,,,N.A,,,,,,,,,,,,,,,,,,,,,,,,,,,,,,,,,,All,GS5,TRUE,FALSE,TRUE,FALSE,FALSE,FALSE,FALSE,FALSE,FALSE,FALSE,FALSE,FALSE,FALSE,,
KM,186,UFA Only,Retired,2025-09-18,,N.A,N.A,2025-08-13,fantasy-epl,Virtual FIFA,,,ฟีฟ่าเสมือนจริง,,,,,,,,,,,,96.00%,5X,,5X,LOW,,,CLASSIC,VIRTUAL,SPORTS,All,,,ALL,,"Malaysia
South Korea
India
United Kingdom
Brazil
United Arab Emirates
Australia
South Africa","Virtual FIFA brings the passion of real football to your screen with fast-paced, round-based action! Watch the champions face off in simulated English Premier League matchups. Before each match begins, place your bets on Home, Away, or Draw — or go for bigger wins with Exact Score, Over/Under, and Total Goals. Whether you're backing your favorites or going with your gut, every match is a shot at glory.",,2.6,3.5,N.A,,,,,,,,,,,,,,,,,https://stg-epl.livematch-stream.com/?lang=en&params=ZQHxo6Nil4BIJ9UTXArXxOepNjPxBbWo2iscmE5l586ilh4p6CHTAwRj7Ikf%0A6svkV7j16RpTceT%2F%2F4pA6A4dYGK2EAqH2RRpGKZy7wkApxFlGg64mgA7dLLS%0Ay43%2Bbc%2FoUsgC5QlQmtHO%2FaUxDxN7g6X1zKFXq8xT7zKlx%2F9tl%2BPNSYTtT1DF%0AxUmOW6rOB%2F6ug3KrfWSO10suCrhC5WAUKlzRXibmfxI%2FmzIHnQPyBjiau%2BEz%0AsrpHugzoz9nk0%2Bf6jqeyeFNaxDgN15fGfWmPGPhcNNZAXL7iICtFQSh4%2F25P%0A32oHh4aczqKwKj4TndYF%2BNSPT4wKFOM%3D%0A&returnURL=https%3A%2F%2Fm13.kingdomhall729.com%2Fportal&test=1,https://publiccdn.kingdomhall729.com/500x500images/KingMidas/virtual-fifa_500x500_en.jpg,,,N.A,N.A,N.A,N.A,https://publiccdn.kingdomhall729.com/Zip_masterGames/KingMidas/virtual-fifa_assets.zip,https://publiccdn.kingdomhall729.com/MarketingAssetsPSD/KingMidas/virtual-fifa_psd.zip,N.A,Virtual FIFA GDD,,PENDING,PENDING,PENDING,PENDING,THB Only,GS5,TRUE,FALSE,TRUE,FALSE,FALSE,FALSE,FALSE,FALSE,FALSE,FALSE,FALSE,FALSE,FALSE,,
,,,,,,,,,,,,,,,,,,,,,,,,,,,,,,,,,,,,,,,,,,,,,,,,,,,,,,,,,,,,,,,,,,,,,,,,,,,,,,,,,,,,,,,,,,,,,,,
CG,145,,Under Development,Pending,,N.A,N.A,,tekken-8,,,,,,,,,,,,,,,,,,,,,,,NEXT-GEN,VIRTUAL,SPORTS,Japan,,,,,,,,8.2,9.3,N.A,,,,,,,,,,,,,,,,,N.A,N.A,N.A,N.A,N.A,N.A,N.A,N.A,N.A,N.A,N.A,,,PENDING,PENDING,PENDING,PENDING,,GS5,FALSE,FALSE,FALSE,FALSE,FALSE,FALSE,FALSE,FALSE,FALSE,FALSE,FALSE,FALSE,FALSE,,
CG,131,,Under Development,Pending,,N.A,N.A,,street-fighter-6,Street Fighter,,,,,,,,,,,,,,,97.00%,1.96X,-,1.96X,LOW,-,,NEXT-GEN,VIRTUAL,SPORTS,Western,,,South East Asia,,,"Enter the world of Street Fighter Live, where iconic fighters clash in high-stakes battles. Choose your fighter and place your bets on the victor. Will it be a decisive Hadouken or a swift Shoryuken that secures the win? Once bets are locked, the fight begins. Place your wagers and join the action!","1. Wide range of fighters and environments for diverse battle challenges.
2. Captivating gameplay filled with captivating battles and lethal combos.
3. Maximize winnings with up to 1.96x payouts.",10.8,11.8,N.A,,,,,,,,,,,,,,,,,,,,,,,,,,,,Street Fighter GDD,Table Games Translations Masterlist,PENDING,PENDING,PENDING,PENDING,"All, Except THB",GS5,FALSE,FALSE,FALSE,FALSE,FALSE,FALSE,FALSE,FALSE,FALSE,FALSE,FALSE,FALSE,FALSE,,