Studio,GID,Exclusivity,Status,First Live Date,QM/AWC Integrated,Hub88 Integrated,"QM-SA
 Integrated",IGK Integrated,Game Identifier,Product Name EN,Product Name CN,Product Name HANT,Product Name TH,Product Name VN,Product Name ID,Product Name KR,Product Name MY,Product Name PTBR,Product Name ESLA,Product Name RU,Product Name TR,Product Name BN,Product Name HI,Game Icon,RTP,"Highest Payout
(Single Bet)",Bonus,"Max Win
(Highest payout including bonus)",Volatility,Commission,Hit Rate,GENRE / GAME TYPE,Tags,,Game Originated,"Country
(DAU)",Additional Info / Tags / Themes,Market Filter,Additional Market Filter,Country Filter,Game Description,Game Features,"TRANSFER GAME SIZE
（MB）",RESOURCE GAME SIZE (MB),Reels,Pay Ways,Buy Feature,Free Spin,Respin,Retrigger,Lucky Draw,Multiplier Bonus,Hold & Spin,Multiplier Symbol,Increasing Multiplier,Featured Wild,Progressive Jackpot,Fixed Jackpot,Double Chance feature,Instant Play,Gamification Compatibility,GAME DEMO,Game Icon URL,ASIA-DEMO,Game Setting,Brochure EN,Brochure CN,"Game
Landing",Game Logo,Game Banners / Assets,PSD File,Promo Video,Game Design Document,"Localisation
(Translation Progress)",UKGC Certification,GLI 19 Certification,PAGCOR Approved,"Peru 
(Global Labs)
Certification",Supported Currency,Game Service,"Language Available
EN",CN,TH,VN,ID,KR,MY,PTBR,ESLA,RU,TR,BN,HI
KB,284,UFA Premium Lobby,Under Development,Pending,,,,,vulcans-blessing-ufa,Vulcan’s Blessing,,,พรจากวัลแคน,,,,,,,,,,,,96.92%,,,10000x,LOW,,34.87%,SLOTS,VIDEO-SLOT,WINWAYS,,,,,,,"Answer the call of Vulcan's Blessing, a 5x3 slot with 243 ways to win! Collect Prize Symbols to trigger one of three explosive Respin Bonuses, featuring up to four reel sets and blazing multipliers. Let the volcano erupt with fiery rewards of up to 10,000x!","Trigger Volcano, Super Volcano, or Mega Volcano Respin Bonuses!
Play across up to four reel sets with blazing multipliers in the Bonus Feature!
Let the volcano erupt with fiery rewards of up to 10,000x!",,,5x3,243 Win Ways,✓,✓,✓,,,✓,,✓,,✓,,,,✓,,https://vulcans-blessing-demo.gs6.kingmidasdev.net/?test=1&lang=en&currency=THB&ui_set=ufa_premium&buy_feature=1&instant_play=1,https://publiccdn.kingdomhall729.com/500x500images/KingMidas/vulcans-blessing_500x500_en.jpg,,,https://publiccdn.kingdomhall729.com/Product+Sheet/vulcans-blessing_product-brochure_en.pdf,N.A,https://publiccdn.kingdomhall729.com/website/landing/vulcans-blessing_landing.zip,https://publiccdn.kingdomhall729.com/website/logo/vulcans-blessing_logo.zip,https://publiccdn.kingdomhall729.com/website/banners/vulcans-blessing_banners.zip,https://publiccdn.kingdomhall729.com/MarketingAssetsPSD/KingMidas/vulcans-blessing_psd.zip,,,Vulcan - Thai Localize,PENDING,PENDING,PENDING,PENDING,All,GS6,TRUE,FALSE,TRUE,FALSE,FALSE,FALSE,FALSE,FALSE,FALSE,FALSE,FALSE,FALSE,FALSE
KB,283,"UFA Only, UFA Premium Lobby",Under Development,Pending,,,,,wild-bounty-ways-ufa,Wild Bounty Ways,,,วิถีสมบัติผู้ยิ่งใหญ่,,,,,,,,,,,,96.95%,5000X,,5000X,MEDIUM,,20.69%,SLOTS,VIDEO-SLOT,WINWAYS,,,,,,,"Ride the adventure in Wild Bounty Ways, a 5x4 slot game packed with excitement! Gold Plate symbols boost your chances of winning, and each spin can trigger multipliers up to 5x. Activate Free Spins to keep the rewards rolling, aiming for an ultimate payout of 5,000x!
在《狂野宝藏之路》的5x4转盘上，每次旋转都充满刺激！金色符号可以提升获胜几率，每轮还有最高5倍的倍数随机触发。触发免费旋转，让奖励持续累积，赢取最高5000倍的巨额奖金，尽享赏金盛宴！","1. Gold Plate symbols increase your win chances!
2. Up to 5x multiplier can trigger each spin!
3. Free Spins feature with payouts up to 5,000x!
1. 金盘符号提升获胜机会!
2. 每轮最高5倍倍数随机触发!
3. 免费旋转功能，冲击最高5000倍奖励!",,,5x4,2000 Win Ways,,✓,,✓,,,,,✓,✓,,,,✓,,https://wild-bounty-ways-demo.gs6.kingmidasdev.net/?test=1&lang=en&currency=THB&ui_set=ufa_premium&buy_feature=1&instant_play=1,https://publiccdn.kingdomhall729.com/500x500images/KingMidas/wild-bounty-ways_500x500_en.jpg,,,https://publiccdn.kingdomhall729.com/Product+Sheet/wild-bounty-ways_product-brochure_en.pdf,N.A,https://publiccdn.kingdomhall729.com/website/landing/wild-bounty-ways_landing.zip,https://publiccdn.kingdomhall729.com/website/logo/wild-bounty-ways_logo.zip,https://publiccdn.kingdomhall729.com/website/banners/wild-bounty-ways_banners.zip,https://publiccdn.kingdomhall729.com/MarketingAssetsPSD/KingMidas/wild-bounty-ways_psd.zip,,,Wild Bounty - Thai Localize,PENDING,PENDING,PENDING,PENDING,All,GS6,TRUE,FALSE,TRUE,FALSE,FALSE,FALSE,FALSE,FALSE,FALSE,FALSE,FALSE,FALSE,FALSE
KB,282,UFA Premium Lobby,Under Development,Pending,,,,,prosperity-express-ufa,Prosperity Express,,,รถไฟแห่งความมั่งคั่ง,,,,,,,,,,,,97.03%,,,5000X,HIGH,,27.28%,SLOTS,VIDEO-SLOT,WINWAYS,,,,,,,"Next stop: Prosperity! Climb aboard the Prosperity Express, a 5x3 slot with 243 ways to win! Watch multipliers grow as the journey goes, trigger Free Spins & Retriggers for extended rewards, and steam ahead toward massive rewards of up to 5,000x! Your journey to prosperity starts now!","243 ways to win aboard the Prosperity Express!
Increasing multipliers up to 1024x, Free Spins & Retriggers for extended rewards!
Ride toward massive rewards of up to 5,000x!",,,5x3,243 Win Ways,✓,✓,,✓,,,,,✓,✓,,,,✓,,https://prosperity-express-demo.gs6.kingmidasdev.net/?test=1&lang=en&currency=THB&ui_set=ufa_premium&buy_feature=1&instant_play=1,https://publiccdn.kingdomhall729.com/500x500images/KingMidas/prosperity-express_500x500_en.jpg,,,https://publiccdn.kingdomhall729.com/Product+Sheet/prosperity-express_product-brochure_en.pdf,N.A,https://publiccdn.kingdomhall729.com/website/landing/prosperity-express_landing.zip,https://publiccdn.kingdomhall729.com/website/logo/prosperity-express_logo.zip,https://publiccdn.kingdomhall729.com/website/banners/prosperity-express_banners.zip,https://publiccdn.kingdomhall729.com/MarketingAssetsPSD/KingMidas/prosperity-express_psd.zip,,,Express-Thai Localize,PENDING,PENDING,PENDING,PENDING,All,GS6,TRUE,FALSE,TRUE,FALSE,FALSE,FALSE,FALSE,FALSE,FALSE,FALSE,FALSE,FALSE,FALSE
KM,281,UFA,Under Development,Pending,,,,,bots-of-fortune,Bots of Fortune,财富机器人,財富機器人,บอตส์แห่งโชคลาภ,Bots of Fortune,Bots of Fortune,,,Bots da Fortuna,Bots of Fortune,Роботы удачи,Bots of Fortune,,,,97.00%,,,15000X,HIGH,,33.00%,SLOTS,VIDEO-SLOT,WINWAYS,,,,,,,"Power up your luck in Bots of Fortune, a futuristic 5x3 slot packed with fortune-hunting robots and rewarding upgrades! Collect Gold Coins for instant payouts, while Coloured Coins unlock stackable Free Spin features. Expand the reels, trigger colossal multipliers, and chase rewards of up to 15,000x your bet!","1. Collect Gold Coins for instant payouts and jackpot rewards!
2. Stack Red, Blue, and Green Coins to unlock powerful Free Spin upgrades!
3. Power up your wins with rewards of up to 15,000x your bet!",,,5x3,243 Win Ways,✓,✓,✓,✓,,,,✓,,,,✓,,,,,,,,,,,,,,,Bots of Fortune,bots-of-fortune,PENDING,PENDING,PENDING,PENDING,All,GS3,TRUE,TRUE,TRUE,TRUE,TRUE,FALSE,FALSE,TRUE,TRUE,TRUE,TRUE,FALSE,FALSE
KM,280,,Under Development,Pending,,,,,tai-xiu-jackpot,Tai Xiu Jackpot,,,,,,,,,,,,,,,,,,,,,,,,,,,,,,,,,,,,,,,,,,,,,,,,,,,,,,,,,,,,,,,,,PENDING,PENDING,PENDING,PENDING,All,GS2,TRUE,FALSE,TRUE,TRUE,FALSE,FALSE,FALSE,FALSE,FALSE,TRUE,TRUE,FALSE,FALSE
KB,279,,Under Development,Pending,,,,,golden-gem-rush,Golden Gem Rush,黄金宝石热,黃金寶石熱潮,ทองคำอัญมณีเรซ,Mỏ Vàng Bất Tận,Demam Permata Emas,골든 젬 러시,,Corrida do Tesouro Dourado,Fiebre de Gemas Doradas,Золотая Лихорадка Самоцветов,Altın Mücevher Akını,গোল্ডেন জেম রাশ,गोल्डन जेम रश,,97.03%,,,5000X,HIGH,,27.28%,SLOTS,VIDEO-SLOT,WINWAYS,,,"243 WIN WAYS, BUY FEATURE, FREE SPINS, GEMS, GOLD PLATED SYMBOLS, INCREASING MULTIPLIER, RETRIGGER, SCATTER, WILDS
",,,,"The hunt for treasure begins in Golden Gem Rush! Explore this 5x3 slot with 243 ways to win, where Gold Plated Symbols transform into Wilds and every winning cascade doubles your multiplier up to x1,024. Trigger Free Spins with an x8 starting multiplier and uncover rewards of up to 5,000x!","Gold Plated Symbols transform into Wilds for bigger winning combinations!
Every winning cascade doubles your multiplier, climbing up to x1,024!
Trigger Free Spins with an x8 starting multiplier and dig up rewards of up to 5,000x!",,,5x3,243 Win Ways,✓,✓,,✓,,,,,✓,✓,,,,✓,,https://golden-gem-rush-demo.gs6.kingmidasdev.net/?test=1&lang=en&currency=USD&buy_feature=1&instant_play=1,https://publiccdn.kingdomhall729.com/500x500images/KingMidas/golden-gem-rush_500x500_en.jpg,,,https://publiccdn.kingdomhall729.com/Product+Sheet/golden-gem-rush_product-brochure_en.pdf,,https://publiccdn.kingdomhall729.com/website/landing/golden-gem-rush_landing.zip,https://publiccdn.kingdomhall729.com/website/logo/golden-gem-rush_logo.zip,https://publiccdn.kingdomhall729.com/website/banners/golden-gem-rush_banners.zip,https://publiccdn.kingdomhall729.com/MarketingAssetsPSD/KingMidas/golden-gem-rush_psd.zip,,Koban Content Master,,PENDING,PENDING,PENDING,PENDING,All,GS6,TRUE,FALSE,TRUE,TRUE,FALSE,FALSE,FALSE,FALSE,FALSE,TRUE,TRUE,TRUE,FALSE
KB,278,,Under Development,Pending,,,,,mahjong-dragon-ways-2,Mahjong Dragon Ways 2,麻将龙道2,麻将龙中奖路2,มาจองเวย์ดราก้อน 2,Mạt Chược Đường Rồng 2,Mahjong Naga Cara 2,마작 드래곤 길 2,,Mahjong: Formas do Dragão 2,Mahjong: Dragones y Formas 2,Маджонг: Пути Дракона 2,Mahjong Ejderha Yolları 2,মাহজং ড্রাগন পথ 2,माहजोंग ड्रैगन मार्ग 2,,96.99%,,,10000x,MEDIUM,,30.45%,SLOTS,VIDEO-SLOT,WINWAYS,,,"2000 WIN WAYS, BUY FEATURE, DRAGON, FREE SPIN, GOLD PLATED SYMBOLS, RETRIGGER, MAHJONG, MULTIPLIER SYMBOL, WILD, SCATTER",,,,"The golden dragon returns in Mahjong Dragon Ways 2, a 5x4 slot with 2,000 ways to win! Every cascading win grows your multiplier while Gold Plated Symbols transform into Wilds for even bigger rewards. Trigger Free Spins and chase a legendary payout of up to 10,000x!","Gold Plated Symbols transform into Wilds for bigger winning combinations!
Keep your multiplier growing through cascading wins and Free Spins!
Follow the golden dragon and chase rewards of up to 10,000x!",,,4x5x5x5x4,2000 Ways,✓,✓,,✓,,,,✓,,✓,,,,✓,,https://mahjong-dragon-ways-2-demo.gs6.kingmidasdev.net/?test=1&lang=en&currency=USD&buy_feature=1&instant_play=1,https://publiccdn.kingdomhall729.com/500x500images/KingMidas/mahjong-dragon-ways-2_500x500_en.jpg,,,https://publiccdn.kingdomhall729.com/Product+Sheet/mahjong-dragon-ways-2_product-brochure_en.pdf,,https://publiccdn.kingdomhall729.com/website/landing/mahjong-dragon-ways-2_landing.zip,https://publiccdn.kingdomhall729.com/website/logo/mahjong-dragon-ways-2_logo.zip,https://publiccdn.kingdomhall729.com/website/banners/mahjong-dragon-ways-2_banners.zip,https://publiccdn.kingdomhall729.com/MarketingAssetsPSD/KingMidas/mahjong-dragon-ways-2_psd.zip,,,Mahjong 2 ,PENDING,PENDING,PENDING,PENDING,All,GS6,TRUE,FALSE,TRUE,TRUE,FALSE,FALSE,FALSE,FALSE,FALSE,TRUE,TRUE,TRUE,FALSE
KB,277,UFA,Under Development,Pending,,,,,vulcans-blessing,Vulcan’s Blessing,火神的祝福,火神的祝福,พรจากวัลแคน,Phước Lành Vulcan,Berkat Vulcan,벌칸의 축복,,Bênção de Vulcan,La Bendición de Vulcan,Благословение Вулкана,Vulcan'ın Kutsaması,ভালকানের আশীর্বাদ,वल्कन का आशीर्वाद,,96.92%,,,10000x,LOW,,34.87%,SLOTS,VIDEO-SLOT,WINWAYS,,,"243 WIN WAYS, BUY FEATURE, FEATURED WILD, FREE SPIN, RESPIN, MULTIPLIER BONUS, MULTIPLIER SYMBOLS, SUPER VOLCANO, MEGA VOLCANO",,,,"Answer the call of Vulcan's Blessing, a 5x3 slot with 243 ways to win! Collect Prize Symbols to trigger one of three explosive Respin Bonuses, featuring up to four reel sets and blazing multipliers. Let the volcano erupt with fiery rewards of up to 10,000x!","Trigger Volcano, Super Volcano, or Mega Volcano Respin Bonuses!
Play across up to four reel sets with blazing multipliers in the Bonus Feature!
Let the volcano erupt with fiery rewards of up to 10,000x!",,,5x3,243 Win Ways,✓,✓,✓,,,✓,,✓,,✓,,,,✓,,https://vulcans-blessing-demo.gs6.kingmidasdev.net/?test=1&lang=en&currency=USD&buy_feature=1&instant_play=1,https://publiccdn.kingdomhall729.com/500x500images/KingMidas/vulcans-blessing_500x500_en.jpg,,,https://publiccdn.kingdomhall729.com/Product+Sheet/vulcans-blessing_product-brochure_en.pdf,,https://publiccdn.kingdomhall729.com/website/landing/vulcans-blessing_landing.zip,https://publiccdn.kingdomhall729.com/website/logo/vulcans-blessing_logo.zip,https://publiccdn.kingdomhall729.com/website/banners/vulcans-blessing_banners.zip,https://publiccdn.kingdomhall729.com/MarketingAssetsPSD/KingMidas/vulcans-blessing_psd.zip,,,Vulcan - Thai Localize,PENDING,PENDING,PENDING,PENDING,All,GS6,TRUE,FALSE,TRUE,TRUE,FALSE,FALSE,FALSE,FALSE,FALSE,TRUE,TRUE,TRUE,FALSE
KM,276,,Live,2026-07-01,,,,,olympus-fortune,Olympus Fortune,奥林匹斯财运,奧林帕斯財運,Olympus สะพัดโชค,Tài lộc Olympus,Keberuntungan Olympus,,,Fortuna do Olimpo,Olympus Fortune,Удача Олимпа,Olympus fortune,,,,96.99%,10000X,,10000x,MEDIUM,,32.00%,SLOTS,VIDEO-SLOT,WINWAYS,,,"1024 WIN WAYS, ANCIENT CIVILIZATION, BUY FEATURE, HOLD & SPIN, MULTIPLIER WHEEL, SCATTER, WILD, ZEUS
",,,,"Ascend to the realm of the gods in Olympus Fortune, a 6x5 reel slot with 1,024 ways to win! Match 4+ symbols from left to right to trigger consecutive wins, while the Bonus Wheel progresses with each win to unlock greater rewards. Gold-plated symbols may turn Wild, and the Gold Light Moment can activate randomly for extra win chances. Land 3 Scatters to trigger Hold & Spin and claim the blessings of Olympus!

登入众神领域，在《奥林匹斯财运》中开启传奇之旅！这是一款拥有 1,024 种赢奖方式的 6x5 老虎机。从最左向右匹配 4 个或以上相同符号即可触发连胜，奖励轮盘将随连胜推进而增长，带来更高奖励机会。镀金符号有机会转化为Wilds，而“金光时刻”可在任意旋转中随机触发，带来额外赢奖机会。集齐 3 个SCATTER即可触发“锁定旋转”，赢取奥林匹斯的祝福！","Gold-plated symbols can transform into Wilds for more winning opportunities!
Trigger the Hold & Spin Feature for increased multipliers and greater rewards!
Enjoy 1,024 ways to win on every spin!

镀金符号可转化为 Wilds，带来更多赢奖机会！
触发“锁定旋转”可随机获得倍数奖励与更高收益
每次旋转均拥有 1,024 种赢奖方式！",,,5x4,1024 Win Ways,✓,✓,,✓,,,✓,,✓,✓,,,,,"Tournament, Cash Drop",https://demo8.kingmidasdev.net/games/olympus-fortune?test=1&currency=usd,https://publiccdn.kingdomhall729.com/500x500images/KingMidas/olympus-fortune_500x500_en.jpg,,,https://publiccdn.kingdomhall729.com/Product+Sheet/olympus-fortune_product-brochure_en.pdf,https://publiccdn.kingdomhall729.com/Product+Sheet/olympus-fortune_product-brochure_cn.pdf,https://publiccdn.kingdomhall729.com/website/landing/olympus-fortune_landing.zip,https://publiccdn.kingdomhall729.com/website/logo/olympus-fortune_logo.zip,https://publiccdn.kingdomhall729.com/website/banners/olympus-fortune_banners.zip,https://publiccdn.kingdomhall729.com/MarketingAssetsPSD/KingMidas/olympus-fortune_psd.zip,,[S-002] [Olympus Fortune] [WAY] [Clone - Frame Of Fortune] ,olympus-fortune,PENDING,PENDING,PENDING,PENDING,All,GS3,TRUE,TRUE,TRUE,TRUE,TRUE,FALSE,FALSE,TRUE,TRUE,TRUE,TRUE,FALSE,FALSE
KB,275,Sweepstakes,Integrated,Pending,,,,,wild-bounty-ways-ss,Wild Bounty Ways,,,,,,,,,,,,,,,96.95%,5000X,,5000X,MEDIUM,,20.69%,SLOTS,VIDEO-SLOT,WINWAYS,,,"2000 WIN WAYS, CASCADING WINS, FREE SPINS, INCREASING MULTIPLIER, MEGA WIN, SCATTER, SHERIFF, WILDS, WILD WEST
",,,,"Ride the adventure in Wild Bounty Ways, a 5x4 slot game packed with excitement! Gold Plate symbols boost your chances of winning, and each spin can trigger multipliers up to 5x. Activate Free Spins to keep the rewards rolling, aiming for an ultimate payout of 5,000x!
在《狂野宝藏之路》的5x4转盘上，每次旋转都充满刺激！金色符号可以提升获胜几率，每轮还有最高5倍的倍数随机触发。触发免费旋转，让奖励持续累积，赢取最高5000倍的巨额奖金，尽享赏金盛宴！","1. Gold Plate symbols increase your win chances!
2. Up to 5x multiplier can trigger each spin!
3. Free Spins feature with payouts up to 5,000x!
1. 金盘符号提升获胜机会!
2. 每轮最高5倍倍数随机触发!
3. 免费旋转功能，冲击最高5000倍奖励!",,,5x4,2000 Win Ways,,✓,,✓,,,,,✓,✓,,,,✓,,N.A,https://publiccdn.kingdomhall729.com/500x500images/KingMidas/wild-bounty-ways_500x500_en.jpg,,,https://publiccdn.kingdomhall729.com/Product+Sheet/wild-bounty-ways_product-brochure_en.pdf,,https://publiccdn.kingdomhall729.com/website/landing/wild-bounty-ways_landing.zip,https://publiccdn.kingdomhall729.com/website/logo/wild-bounty-ways_logo.zip,https://publiccdn.kingdomhall729.com/website/banners/wild-bounty-ways_banners.zip,https://publiccdn.kingdomhall729.com/MarketingAssetsPSD/KingMidas/wild-bounty-ways_psd.zip,,,,PENDING,PENDING,PENDING,PENDING,All,GS6,TRUE,FALSE,FALSE,FALSE,FALSE,FALSE,FALSE,FALSE,FALSE,FALSE,FALSE,FALSE,FALSE
KB,274,Sweepstakes,Integrated,Pending,,,,,mr-diamond-deluxe-ss,Mr Diamond Deluxe,,,,,,,,,,,,,,,97.03%,5000X,,5000X,HIGH,,27.28%,SLOTS,VIDEO-SLOT,WINWAYS,,,"243 WIN WAYS, BUY FEATURE, FREE SPIN, GOLD PLATED SYMBOLS, INCREASING MULTIPLIER, RETRIGGER, SCATTER, WILD",,,,"Step into the sparkling world of Mr. Diamond Deluxe, a 5x3 slot adventure full of dazzling rewards! Random multipliers can strike at any spin, keeping the excitement alive. Trigger Free Spins or activate Buy Free Spin for instant bonus action. Stack your luck and aim for a stunning 5,000x payout!
在《Mr. Diamond》豪华版的5x3转盘上，每一次旋转都可能带来惊喜财富！随机倍数随时触发，让每个转动充满期待。触发免费旋转或使用购买免费旋转，轻松进入奖励模式。锁定好运，赢取最高5000倍的巨额奖励，尽享钻石般的豪华体验！","1. Random multipliers boost your wins instantly!
2. Free Spins and Buy Free Spin for immediate bonus play!
3. Aim for up to 5,000x payout and dazzling rewards!
1. 随机倍数即时触发，提高获胜机会！
2. 免费旋转和购买免费旋转功能，快速进入奖励环节！
3. 赢取最高5000倍奖金，畅享豪华体验！",,,5x3,243 Win Ways,✓,✓,,✓,,,,,✓,✓,,,,✓,,N.A,https://publiccdn.kingdomhall729.com/500x500images/KingMidas/mr-diamond-deluxe_500x500_en.jpg,,,https://publiccdn.kingdomhall729.com/Product+Sheet/mr-diamond-deluxe_product-brochure_en.pdf,,https://publiccdn.kingdomhall729.com/website/landing/mr-diamond-deluxe_landing.zip,https://publiccdn.kingdomhall729.com/website/logo/mr-diamond-deluxe_logo.zip,https://publiccdn.kingdomhall729.com/website/banners/mr-diamond-deluxe_banners.zip,https://publiccdn.kingdomhall729.com/MarketingAssetsPSD/KingMidas/mr-diamond-deluxe_psd.zip,,,,PENDING,PENDING,PENDING,PENDING,All,GS6,TRUE,FALSE,FALSE,FALSE,FALSE,FALSE,FALSE,FALSE,FALSE,FALSE,FALSE,FALSE,FALSE
KB,273,Sweepstakes,Integrated,Pending,,,,,ppc-mahjong-dragon-ways-ss,Mahjong Dragon Ways,,,,,,,,,,,,,,,96.95%,5000X,,5000X,MEDIUM,,28.97%,SLOTS,VIDEO-SLOT,CASCADE,,,"Gold, Red, Mahjong Tiles, Yuanbao, Chinese Copper, Cascading Wins, Free Spins, Dragon, Mega Win",East Asia,South East Asia,"China
Malaysia","Mahjong Dragon Ways is a 5x4 reel slot inspired by classic Mahjong with dragon theme. With up to 2,000 ways to win, each win increases your multiplier, reaching up to 10x during Free Spins! Land 3 or more Scatters to unlock Free Spins and chase a max payout of 5,000x your bet! Follow the golden dragon and discover your path to big rewards!
龙腾牌局风云起，胡牌聚运赢翻天！在《麻将龙道》5x4卷轴的东方幻境中，每次获胜都能让您的倍率从1倍开始节节攀升，直至10倍封顶，盈利如巨龙腾空势不可挡！集齐3枚神秘""胡""字徽，即可召唤神龙赐福的免费旋转，在龙纹翻飞间累积倍率直冲巅峰，更有机会斩获5000倍终极暴富大奖！黄金巨龙已蓄势待发，现在就加入战局，让神龙助您牌开得胜，赢取属于您的传奇财富！","1. Cascading Wins with growing multipliers every round!
2. Hit 3 or more Scatters to unlock at least 10 Free Spins!
3. Gold symbols transform into Wilds for bigger payouts!
1. 连环消除赢奖，每轮倍率持续增长！
2. 击中3个或更多Scatter符号，即可解锁至少10次免费旋转！
3. 黄金符号可变身为Wild百搭符号，带来更丰厚奖励！",,,5x4,2000 Win Ways,,✓,,✓,,,,,✓,✓,,,,✓,,N.A,https://publiccdn.kingdomhall729.com/500x500images/KingMidas/mahjong-dragon-ways_500x500_en.jpg,,,https://publiccdn.kingdomhall729.com/Product+Sheet/mahjong-dragon-ways_product-brochure_en.pdf,https://publiccdn.kingdomhall729.com/Product+Sheet/mahjong-dragon-ways_product-brochure_cn.pdf,https://publiccdn.kingdomhall729.com/website/landing/mahjong-dragon-ways_landing.zip,https://publiccdn.kingdomhall729.com/website/logo/mahjong-dragon-ways_logo.zip,https://publiccdn.kingdomhall729.com/website/banners/mahjong-dragon-ways_banners.zip,https://publiccdn.kingdomhall729.com/MarketingAssetsPSD/KingMidas/mahjong-dragon-ways_psd.zip,,,,PENDING,PENDING,PENDING,PENDING,All,GS6,TRUE,FALSE,FALSE,FALSE,FALSE,FALSE,FALSE,FALSE,FALSE,FALSE,FALSE,FALSE,FALSE
KB,272,Sweepstakes,Integrated,Pending,,,,,azt-ss,Aztec Fortune,,,,,,,,,,,,,,,96.95%,5000X,,5000X,MEDIUM,,28.97%,SLOTS,VIDEO-SLOT,CASCADE,,,"2000 WIN WAYS, AZTEC, CASCADING WINS, GOLDEN SYMBOL, INCREASING MULTIPLIER, RETRIGGER, SCATTER, WILD
",Latin America,Europe,"United Kingdom
United States of America
Mexico","Uncover the ancient riches in Aztec Fortune, an exciting 5x4 slot with expanding rows and non-stop wins! Golden symbols appear on the middle reels, turning into Wilds as multipliers rise to a mighty 10x! Land 3 or more Scatters to unlock 10 or more Free Spins. With every cascade, fortune grows. Chase the power of the gods and win up to 5000x!
《阿兹特克财富》带您深入神秘地图，探寻失落的黄金城！在这片5x4图腾转盘中，胜利将唤醒沉睡的机关落下新的图案，创造更多制胜机会！胜利之神随时可能苏醒，化身所向披靡的百搭图腾，并带来最高10倍的财富增幅！当三枚神圣的符号同时显现，您将获得至少10次神秘旋转，每次消除都让奖励层层叠加！在这趟冒险之旅的终点，等待您的是至高无上的5000倍黄金大奖！准备好揭开古文明的最大秘密了吗？","1. Gold-plated symbols transform into Wilds for extra wins!
2. Trigger 10 Free Spins with rising multipliers up to 10x!
1. 镀金图腾觉醒，蜕变为万能符号助您横扫奖池！
2. 激活10次神圣旋转，倍率阶梯式暴涨至10倍巅峰！",,,5x4,2000 Win Ways,,✓,,✓,,,,,✓,✓,,,,✓,,N.A,https://publiccdn.kingdomhall729.com/500x500images/KingMidas/aztec-fortune_500x500_en.jpg,,,https://publiccdn.kingdomhall729.com/Product+Sheet/aztec-fortune_product-brochure_en.pdf,https://publiccdn.kingdomhall729.com/Product+Sheet/aztec-fortune_product-brochure_cn.pdf,https://publiccdn.kingdomhall729.com/website/landing/aztec-fortune_landing.zip,https://publiccdn.kingdomhall729.com/website/logo/aztec-fortune_logo.zip,https://publiccdn.kingdomhall729.com/website/banners/aztec-fortune_banners.zip,https://publiccdn.kingdomhall729.com/MarketingAssetsPSD/KingMidas/aztec-fortune_psd.zip,https://publiccdn.kingdomhall729.com/website/video/aztec-fortune_video.zip,,,PENDING,PENDING,PENDING,PENDING,All,GS6,TRUE,FALSE,FALSE,FALSE,FALSE,FALSE,FALSE,FALSE,FALSE,FALSE,FALSE,FALSE,FALSE
KB,271,Sweepstakes,Integrated,Pending,,,,,zeus-ss,Treasures of Olympus 1000,,,,,,,,,,,,,,,96.95%,15000X,,15000X,HIGH,,27.94%,SLOTS,VIDEO-SLOT,SCATTER PAYS,,,"BUY FEATURE, CASCADING WINS, FREE SPIN, GREEK MYTHOLOGY, MULTIPLIER SYMBOL, RETRIGGER, SCATTER PAYS, ZEUS
",Europe,,"United Kingdom
United States of America
Greece","Enter the realm of gods in Treasures of Olympus 1000, a 6x5 slot filled with divine rewards! Match 8 or more symbols anywhere on the screen and watch them tumble away for nonstop wins. Multiplier symbols worth up to 1,000x can appear at any time for massive payouts! Land 4 or more Scatters to unlock 15 Free Spins, where multipliers grow with every win. Spin for glory and win up to an epic 15,000x!
《奥林匹斯的宝藏1000》邀您开启神话般的财富之旅！6x5的恢弘转盘中，8个相同符号任意相连即触发震撼消除效果，胜利接踵而至！神秘倍率符号随时空降，最高赐予1000倍财富恩赐！当4道宙斯雷电划破天际，15轮神圣旋转即刻开启——每次取胜都将获得众神馈赠的倍率加持！在这片神恩眷顾之地，勇者最高可斩获15000倍惊天大奖！立即启程，让奥林匹斯众神为您的幸运加冕！","1. Symbols pay anywhere with tumbling wins for endless combos!
2. Multiplier symbols up to 1,000x boost every spin!
3. Trigger 15 Free Spins with rising multipliers and epic payouts!
1. 符号任意排列，消除续战无限连发！
2. 每局都有机会爆出1000倍乘数加持！
3. 激活15次免费旋转，倍率越飙越高，奖励突破天际！",,,6x5,Scatter Pays,✓,✓,,✓,,,,✓,,,,,,✓,,N.A,https://publiccdn.kingdomhall729.com/500x500images/KingMidas/treasures-of-olympus-1000_500x500_en.jpg,,,https://publiccdn.kingdomhall729.com/Product+Sheet/treasures-of-olympus-1000_product-brochure_en.pdf,https://publiccdn.kingdomhall729.com/Product+Sheet/treasures-of-olympus-1000_product-brochure_cn.pdf,https://publiccdn.kingdomhall729.com/website/landing/treasures-of-olympus-1000_landing.zip,https://publiccdn.kingdomhall729.com/website/logo/treasures-of-olympus-1000_logo.zip,https://publiccdn.kingdomhall729.com/website/banners/treasures-of-olympus-1000_banners.zip,https://publiccdn.kingdomhall729.com/MarketingAssetsPSD/KingMidas/treasures-of-olympus-1000_psd.zip,https://publiccdn.kingdomhall729.com/website/video/treasures-of-olympus-1000_video.zip,,,PENDING,PENDING,PENDING,PENDING,All,GS6,TRUE,FALSE,FALSE,FALSE,FALSE,FALSE,FALSE,FALSE,FALSE,FALSE,FALSE,FALSE,FALSE
KB,270,Sweepstakes,Integrated,Pending,,,,,sugar-candy-bonanza-ss,Sugar Candy Bonanza,,,,,,,,,,,,,,,96.92%,15000X,-,15000X,HIGH,,27.93%,SLOTS,VIDEO-SLOT,SCATTER PAYS,,,"BUY FEATURE, CANDY, FREE SPIN, MULTIPLIER SYMBOL, RETRIGGER, SWEET, SCATTER PAYS",,,,"Dive into Sugar Candy Bonanza, a 6x5 candy world slot where sweet clusters bring nonstop wins! Land 4 scatters to trigger 15 free spins, and retrigger 5 more free spins with 3 or more scatters for nonstop fun. Chase up to 15000x payout in this sugar rush adventure!
《糖果狂欢》甜蜜开启！6x5糖果世界，缤纷组合引爆无限胜利！收集4个Scatter符号即可触发15次免费旋转，更能在免费旋转中凭借3+个Scatter符号重复激活额外5次旋转，让甜蜜风暴永不停歇！最高可赢得15000倍投注额的梦幻奖励，这场甜蜜冒险等你来嗨！","1. 4 scatters trigger 15 free spins with nonstop winning chances!
2. 3 or more scatters during free spins award 5 extra free spins!
3. Maximum payout reaches up to 15000x your bet!

1. 4个Scatter符号瞬间激活15次免费旋转，甜蜜连赢永不停歇！
2. 免费旋转中3+个Scatter符号立即追加5次免费旋转，狂欢无限续杯！
3. 15000倍终极巨奖让您的投注金额甜到发烫！

",,,6x5,Scatter Pays,✓,✓,,✓,,,,✓,,,,,,✓,,N.A,https://publiccdn.kingdomhall729.com/500x500images/KingMidas/sugar-candy-bonanza_500x500_en.jpg,,,https://publiccdn.kingdomhall729.com/Product+Sheet/sugar-candy-bonanza_product-brochure_en.pdf,https://publiccdn.kingdomhall729.com/Product+Sheet/sugar-candy-bonanza_product-brochure_cn.pdf,https://publiccdn.kingdomhall729.com/website/landing/sugar-candy-bonanza_landing.zip,https://publiccdn.kingdomhall729.com/website/logo/sugar-candy-bonanza_logo.zip,https://publiccdn.kingdomhall729.com/website/banners/sugar-candy-bonanza_banners.zip,https://publiccdn.kingdomhall729.com/MarketingAssetsPSD/KingMidas/sugar-candy-bonanza_psd.zip,https://publiccdn.kingdomhall729.com/website/video/sugar-candy-bonanza_video.zip,,,PENDING,PENDING,PENDING,PENDING,All,GS6,TRUE,FALSE,FALSE,FALSE,FALSE,FALSE,FALSE,FALSE,FALSE,FALSE,FALSE,FALSE,FALSE
KB,269,UFA,Integrated,Pending,,,,,prosperity-express,Prosperity Express,繁荣列车,繁榮列車,รถไฟแห่งความมั่งคั่ง,Chuyến Tàu Thịnh Vượng,Ekspres Kemakmuran,번영 특급열차,,Expresso da Prosperidade,Expreso de la Prosperidad,Экспресс Процветания,Refah Ekspresi,সমৃদ্ধির এক্সপ্রেস,समृद्धि एक्सप्रेस,,97.03%,,,5000X,HIGH,,27.28%,SLOTS,VIDEO-SLOT,WINWAYS,,,"243 WIN WAYS, BUY FEATURE, INCREASING MULTIPLIER, RETRIGGER, 
TRAIN CONDUCTOR, SCATTER, WILD
",,,,"Next stop: Prosperity! Climb aboard the Prosperity Express, a 5x3 slot with 243 ways to win! Watch multipliers grow as the journey goes, trigger Free Spins & Retriggers for extended rewards, and steam ahead toward massive rewards of up to 5,000x! Your journey to prosperity starts now!","243 ways to win aboard the Prosperity Express!
Increasing multipliers up to 1024x, Free Spins & Retriggers for extended rewards!
Ride toward massive rewards of up to 5,000x!",,,5x3,243 Win Ways,✓,✓,,✓,,,,,✓,✓,,,,✓,,https://prosperity-express-demo.gs6.kingmidasdev.net/?test=1,https://publiccdn.kingdomhall729.com/500x500images/KingMidas/prosperity-express_500x500_en.jpg,,,https://publiccdn.kingdomhall729.com/Product+Sheet/prosperity-express_product-brochure_en.pdf,N.A,https://publiccdn.kingdomhall729.com/website/landing/prosperity-express_landing.zip,https://publiccdn.kingdomhall729.com/website/logo/prosperity-express_logo.zip,https://publiccdn.kingdomhall729.com/website/banners/prosperity-express_banners.zip,https://publiccdn.kingdomhall729.com/MarketingAssetsPSD/KingMidas/prosperity-express_psd.zip,,,Express-Thai Localize,PENDING,PENDING,PENDING,PENDING,All,GS6,TRUE,FALSE,TRUE,TRUE,FALSE,FALSE,FALSE,FALSE,FALSE,TRUE,TRUE,TRUE,FALSE
KB,268,Pusulabet,Integrated,Pending,,,,,sugar-candy-bonanza-pusulabet,Sugar Candy Pusulabet,,,,,,,,,,,Şekerleme Pusulabet,,,,96.92%,15000X,-,15000X,HIGH,,27.93%,SLOTS,VIDEO-SLOT,SCATTER PAYS,,,"BUY FEATURE, CANDY, FREE SPIN, MULTIPLIER SYMBOL, RETRIGGER, SWEET, SCATTER PAYS",,,,"Dive into Sugar Candy Bonanza, a 6x5 candy world slot where sweet clusters bring nonstop wins! Land 4 scatters to trigger 15 free spins, and retrigger 5 more free spins with 3 or more scatters for nonstop fun. Chase up to 15000x payout in this sugar rush adventure!
《糖果狂欢》甜蜜开启！6x5糖果世界，缤纷组合引爆无限胜利！收集4个Scatter符号即可触发15次免费旋转，更能在免费旋转中凭借3+个Scatter符号重复激活额外5次旋转，让甜蜜风暴永不停歇！最高可赢得15000倍投注额的梦幻奖励，这场甜蜜冒险等你来嗨！","1. 4 scatters trigger 15 free spins with nonstop winning chances!
2. 3 or more scatters during free spins award 5 extra free spins!
3. Maximum payout reaches up to 15000x your bet!

1. 4个Scatter符号瞬间激活15次免费旋转，甜蜜连赢永不停歇！
2. 免费旋转中3+个Scatter符号立即追加5次免费旋转，狂欢无限续杯！
3. 15000倍终极巨奖让您的投注金额甜到发烫！

",15.4,41.3,6x5,Scatter Pays,✓,✓,,✓,,,,✓,,,,,,✓,,https://sugar-candy-bonanza-demo.gs6.kingmidasdev.net/?test=1&lang=tr&currency=TRY&ui_set=pusulabet&buy_feature=1&instant_play=1,https://publiccdn.kingdomhall729.com/500x500images/KingMidas/sugar-candy-pusulabet_500x500_en.jpg,,,https://publiccdn.kingdomhall729.com/Product+Sheet/sugar-candy-pusulabet_product-brochure_en.pdf,N.A,https://publiccdn.kingdomhall729.com/website/landing/sugar-candy-pusulabet_landing.zip,https://publiccdn.kingdomhall729.com/website/logo/sugar-candy-pusulabet_logo.zip,https://publiccdn.kingdomhall729.com/website/banners/sugar-candy-pusulabet_banners.zip,https://publiccdn.kingdomhall729.com/MarketingAssetsPSD/KingMidas/sugar-candy-pusulabet_psd.zip,N.A,,,PENDING,PENDING,PENDING,PENDING,All,GS6,TRUE,FALSE,FALSE,FALSE,FALSE,FALSE,FALSE,FALSE,FALSE,FALSE,TRUE,FALSE,FALSE
KB,267,,Integrated,Pending,,,,,pirates-waves-of-fortune,Pirates! Waves of Fortune,海盗！财富浪潮,,โจรสลัด! คลื่นแห่งโชคลาภ,Cướp biển! Sóng Tài Lộc,Bajak Laut! Ombak Keberuntungan,해적! 행운의 물결,,Piratas! Ondas da Fortuna,¡Piratas! Olas de Fortuna,Пираты! Волны Удачи,Korsanlar! Servet Dalgaları,জলদস্যু! ভাগ্যের ঢেউ,समुद्री डाकू! किस्मत की लहरें,,96.98%,2000X,,2000X,MEDIUM,,20.69%,SLOTS,VIDEO-SLOT,PAYLINES,,,"10 PAYLINES, DARK, PIRATES, RESPIN, WILDS
",,,,"Ahoy, matey! Join the Pirates! and sail the Waves of Fortune in pursuit of untold riches! Trigger the special feature for a guaranteed winning respin, and land a full-screen symbol combination to unleash a bountiful x10 Multiplier. Great fortunes await, with rewards of up to 2,000x. Your next discovery could be legendary!","Pirates! Waves of Fortune Feature with a guaranteed winning respin!
Full-screen symbol combinations unleash a powerful x10 Multiplier!
Set sail for rewards of up to 2,000x!",,,3x4x3,10 Paylines,✓,,✓,,,,,,,,,,,✓,,https://pirates-waves-of-fortune-demo.gs6.kingmidasdev.net/?test=1,https://publiccdn.kingdomhall729.com/500x500images/KingMidas/pirates-waves-of-fortune_500x500_en.jpg,,,https://publiccdn.kingdomhall729.com/Product+Sheet/pirates-waves-of-fortune_product-brochure_en.pdf,N.A,https://publiccdn.kingdomhall729.com/website/landing/pirates-waves-of-fortune_landing.zip,https://publiccdn.kingdomhall729.com/website/logo/pirates-waves-of-fortune_logo.zip,https://publiccdn.kingdomhall729.com/website/banners/pirates-waves-of-fortune_banners.zip,https://publiccdn.kingdomhall729.com/MarketingAssetsPSD/KingMidas/pirates-waves-of-fortune_psd.zip,,,,PENDING,PENDING,PENDING,PENDING,All,GS6,TRUE,FALSE,TRUE,TRUE,FALSE,FALSE,FALSE,FALSE,FALSE,TRUE,TRUE,TRUE,FALSE
KB,266,,Integrated,Pending,,,,,caishen-double-fortune,Caishen Double Fortune,财神双倍财富,,ไฉซิ่น โชคสองเท่า,Thần Tài Song Lộc Phát,Caishen Rejeki Ganda	,차이션 더블 포춘	,,Caishen Fortuna Dupla        ,Caishen Doble Fortuna        ,Цайшэнь Двойная Удача	,Caishen Çift Şans	,কাইশেন ডবল ফরচুন	,काइशेन डबल फॉर्च्यून	,,96.95%,,,2400X,MEDIUM,,16.95%,SLOTS,VIDEO-SLOT,PAYLINES,,,"BUY FEATURE, CAISHEN, CASCADE, GOD OF WEALTH, INCREASING MULTIPLIER
",,,,"May fortune smile upon you in Caishen Double Fortune! Watch winning symbols explode and cascade into consecutive rewards as multipliers climb up to 20x! Be blessed with the Caishen Double Fortune Feature, guaranteeing 10 to 12 winning rounds and rewards of up to 2,400x!","Up to 12 guaranteed winning rounds with the Caishen Double Fortune Feature!
Multipliers increase with every win, reaching up to 20x!
Hammering cascades of excitement with rewards of up to 2,400x!",19.6,50.7,1x1,1 Payline,✓,,,,,,,,✓,,,,,✓,,https://caishen-double-fortune-demo.gs6.kingmidasdev.net/?test=1,https://publiccdn.kingdomhall729.com/500x500images/KingMidas/caishen-double-fortune_500x500_en.jpg,,,https://publiccdn.kingdomhall729.com/Product+Sheet/caishen-double-fortune_product-brochure_en.pdf,N.A,https://publiccdn.kingdomhall729.com/website/landing/caishen-double-fortune_landing.zip,https://publiccdn.kingdomhall729.com/website/logo/caishen-double-fortune_logo.zip,https://publiccdn.kingdomhall729.com/website/banners/caishen-double-fortune_banners.zip,https://publiccdn.kingdomhall729.com/MarketingAssetsPSD/KingMidas/caishen-double-fortune_psd.zip,,,,PENDING,PENDING,PENDING,PENDING,All,GS6,TRUE,FALSE,TRUE,TRUE,FALSE,FALSE,FALSE,FALSE,FALSE,TRUE,TRUE,TRUE,FALSE
KB,265,,Integrated,Pending,,,,,high-stake-heist,High Stake Heist,豪赌劫案,,การปล้นครั้งใหญ่,Vụ Cướp Lớn,Perampokan Taruhan Tinggi       ,하이 스테이크 강탈,,Roubo de Aposta Alta,Golpe de Apuesta Alta,Ограбление по-Крупному        ,Büyük Vurgun Soygunu,হাই স্টেক হাইস্ট,हाई स्टेक हीस्त,,96.95%,,,5000X,MEDIUM,,28.97%,SLOTS,VIDEO-SLOT,WINWAYS,,,"2000 WIN WAYS, CASCADING WINS, FREE SPINS, HEIST, INCREASING MULTIPLIER, MEGA WIN, SCATTER, VAULT, WILDS
",,,,"Every spin is a daring heist in High Stake Heist! Break into the vault in this 5x4 slot with 2,000 ways to win, where Gold Plated Symbols transform into Wilds and cascading wins build increasing multipliers. Trigger Free Spins for boosted multipliers and escape with rewards of up to 5,000x!","Gold Plated Symbols transform into Wilds for bigger winning combinations!
Increasing multipliers grow with every cascade, reaching up to x10 in Free Spins!
Crack the vault and escape with rewards of up to 5,000x!",20.9,52.1,5x4,2000 Win Ways,,✓,,✓,,,,,✓,✓,,,,✓,,https://high-stake-heist-demo.gs6.kingmidasdev.net/?test=1,https://publiccdn.kingdomhall729.com/500x500images/KingMidas/high-stake-heist_500x500_en.jpg,,,https://publiccdn.kingdomhall729.com/Product+Sheet/high-stake-heist_product-brochure_en.pdf,N.A,https://publiccdn.kingdomhall729.com/website/landing/high-stake-heist_landing.zip,https://publiccdn.kingdomhall729.com/website/logo/high-stake-heist_logo.zip,https://publiccdn.kingdomhall729.com/website/banners/high-stake-heist_banners.zip,https://publiccdn.kingdomhall729.com/MarketingAssetsPSD/KingMidas/high-stake-heist_psd.zip,,,,PENDING,PENDING,PENDING,PENDING,All,GS6,TRUE,FALSE,TRUE,TRUE,FALSE,FALSE,FALSE,FALSE,FALSE,TRUE,TRUE,TRUE,FALSE
KB,264,UFA,Integrated,Pending,,,,,wild-bounty-ways,Wild Bounty Ways,狂野宝藏之路,,วิถีสมบัติผู้ยิ่งใหญ่,Đường Săn Thưởng,Jalan Harta Karun Liar,와일드 바운티 웨이즈,,Trilhas do Prêmio Selvagem,Sendas de Botín Salvaje,Дикие Пути Богатства,Vahşi Ödül Yolları,ওয়াইল্ড বাউন্টি ওয়েজ,वाइल्ड बाउंटी वेज़,,96.95%,5000X,,5000X,MEDIUM,,20.69%,SLOTS,VIDEO-SLOT,WINWAYS,,,"2000 WIN WAYS, CASCADING WINS, FREE SPINS, INCREASING MULTIPLIER, MEGA WIN, SCATTER, SHERIFF, WILDS, WILD WEST
",,,,"Ride the adventure in Wild Bounty Ways, a 5x4 slot game packed with excitement! Gold Plate symbols boost your chances of winning, and each spin can trigger multipliers up to 5x. Activate Free Spins to keep the rewards rolling, aiming for an ultimate payout of 5,000x!
在《狂野宝藏之路》的5x4转盘上，每次旋转都充满刺激！金色符号可以提升获胜几率，每轮还有最高5倍的倍数随机触发。触发免费旋转，让奖励持续累积，赢取最高5000倍的巨额奖金，尽享赏金盛宴！","1. Gold Plate symbols increase your win chances!
2. Up to 5x multiplier can trigger each spin!
3. Free Spins feature with payouts up to 5,000x!
1. 金盘符号提升获胜机会!
2. 每轮最高5倍倍数随机触发!
3. 免费旋转功能，冲击最高5000倍奖励!",25.1,60.2,5x4,2000 Win Ways,,✓,,✓,,,,,✓,✓,,,,✓,,https://wild-bounty-ways-demo.gs6.kingmidasdev.net/?test=1&lang=en&currency=USD&buy_feature=1&instant_play=1,https://publiccdn.kingdomhall729.com/500x500images/KingMidas/wild-bounty-ways_500x500_en.jpg,,,https://publiccdn.kingdomhall729.com/Product+Sheet/wild-bounty-ways_product-brochure_en.pdf,N.A,https://publiccdn.kingdomhall729.com/website/landing/wild-bounty-ways_landing.zip,https://publiccdn.kingdomhall729.com/website/logo/wild-bounty-ways_logo.zip,https://publiccdn.kingdomhall729.com/website/banners/wild-bounty-ways_banners.zip,https://publiccdn.kingdomhall729.com/MarketingAssetsPSD/KingMidas/wild-bounty-ways_psd.zip,,,Wild Bounty - Thai Localize,PENDING,PENDING,PENDING,PENDING,All,GS6,TRUE,FALSE,TRUE,TRUE,FALSE,FALSE,FALSE,FALSE,FALSE,TRUE,TRUE,TRUE,FALSE
KB,263,,Integrated,Pending,,,,,golden-fortune-bonsai,Golden Fortune Bonsai,财神双倍财富	,,ไฉซิ่น โชคสองเท่า,Thần Tài Song Lộc Phát,Caishen Rejeki Ganda	,차이션 더블 포춘	,,Caishen Fortuna Dupla	,Caishen Doble Fortuna	,Цайшэнь Двойная Удача	,Caishen Çift Şans	,কাইশেন ডবল ফরচুন	,काइशेन डबल फॉर्च्यून	,,96.98%,2000X,,2000X,MEDIUM,,20.69%,SLOTS,VIDEO-SLOT,PAYLINES,,,"10 PAYLINES, BONSAI, COIN, ORIENTAL, RESPIN, WILDS
",,,,"Seek prosperity beneath the Golden Fortune Bonsai, where every spin brings new blessings! This 3x4x3 reel slot features guaranteed winning respins, while landing a full screen of matching symbols grants a powerful 10x Multiplier. Let your fortune blossom with rewards of up to 2,000x your bet. Your lucky moment could be just one spin away!","Guaranteed winning respins with the Golden Fortune Bonsai Feature!
Full-screen matching symbols grant a powerful 10x Multiplier!
Watch your fortune blossom with rewards of up to 2,000x your bet!",24.3,26.6,3x4x3,10 Paylines,,,✓,,,,,,,,,,,✓,,https://golden-fortune-bonsai-demo.gs6.kingmidasdev.net/?test=1,https://publiccdn.kingdomhall729.com/500x500images/KingMidas/golden-fortune-bonsai_500x500_en.jpg,,,https://publiccdn.kingdomhall729.com/Product+Sheet/farm-frenzy-1000_product-brochure_en.pdf,N.A,https://publiccdn.kingdomhall729.com/website/landing/golden-fortune-bonsai_landing.zip,https://publiccdn.kingdomhall729.com/website/logo/golden-fortune-bonsai_logo.zip,https://publiccdn.kingdomhall729.com/website/banners/golden-fortune-bonsai_banners.zip,https://publiccdn.kingdomhall729.com/MarketingAssetsPSD/KingMidas/golden-fortune-bonsai_psd.zip,,,,PENDING,PENDING,PENDING,PENDING,All,GS6,TRUE,FALSE,TRUE,TRUE,FALSE,FALSE,FALSE,FALSE,FALSE,TRUE,TRUE,TRUE,FALSE
KB,262,,Integrated,Pending,,,,,farm-frenzy-1000,Farm Frenzy 1000,农场狂熱 1000,,ฟาร์มเฟรนซี 1000,Cơn Sốt Nông Trại 1000,Demam Pertanian 1000,팜 프렌지 1000,,Frenzy da Fazenda 1000,Fiebre de Granja 1000,Фермерское Безумие 1000,Çiftlik Çılgınlığı 1000,ফার্ম ফ্রেনজি 1000,फार्म फ्रेन्जी 1000,,96.95%,15000X,-,15000X,HIGH,,27.94%,SLOTS,VIDEO-SLOT,SCATTER PAYS,,,"BUY FEATURE, CHICKEN, FARM, FREE SPIN, MULTIPLIER SYMBOL, RETRIGGER, SCATTER PAYS
",,,,"Farm Frenzy brings farm life to the reels on 6x5 slot! Watch as random multipliers from 2x to 1000x boost your wins. Land 4 or more scatters to trigger 15 free spins, with an extra 5 spins waiting if you get lucky! Collect the golden eggs and chase the ultimate 15,000x payout!

《农场狂热1000》将农场生活搬上 6×5 转轴，让丰收乐趣充满屏幕！游戏中随机出现 2 倍至 1,000 倍的乘数，让每一次旋转都可能收获惊喜。当屏幕上出现 4 个或以上 Scatter 时，可触发 15 次免费旋转，运气好时还能额外获得 5 次奖励旋转。收集 金蛋，追逐最高 15,000 倍投注 的丰厚大奖吧！","1. Random multipliers from 2x to 1000x boost every win!
2. 4 or more scatters trigger 15 free spins!
3. Buy Free Spin Feature available anytime for instant bonus play!

1. 随机乘数 2–1,000 倍，提升每次旋转奖励!
2. 4 个或以上 Scatter 可触发 15 次免费旋转!
3. 可随时购买免费旋转功能，即时体验额外奖励!",30.5,68.6,6x5,Scatter Pays,✓,✓,,✓,,✓,,,,,,,,✓,,https://farm-frenzy-1000-demo.gs6.kingmidasdev.net/?test=1,https://publiccdn.kingdomhall729.com/500x500images/KingMidas/farm-frenzy-1000_500x500_en.jpg,,,https://publiccdn.kingdomhall729.com/Product+Sheet/golden-fortune-bonsai_product-brochure_en.pdf,N.A,https://publiccdn.kingdomhall729.com/website/landing/farm-frenzy-1000_landing.zip,https://publiccdn.kingdomhall729.com/website/logo/farm-frenzy-1000_logo.zip,https://publiccdn.kingdomhall729.com/website/banners/farm-frenzy-1000_banners.zip,https://publiccdn.kingdomhall729.com/MarketingAssetsPSD/KingMidas/farm-frenzy-1000_psd.zip,,,,PENDING,PENDING,PENDING,PENDING,All,GS6,TRUE,FALSE,TRUE,TRUE,FALSE,FALSE,FALSE,FALSE,FALSE,TRUE,TRUE,TRUE,FALSE
KB,261,,Integrated,Pending,,,,,greatest-christmas-1000,Greatest Christmas 1000,最伟大的圣诞节1000,,เกรทเทสต์ คริสต์มาส 1000,Giáng Sinh Tuyệt Nhất 1000,Natal Terhebat 1000        ,최고의 크리스마스 1000,,La Navidad Más Grande 1000,O Maior Natal 1000,Величайшее Рождество 1000,En Büyük Noel 1000,গ্রেটেস্ট ক্রিসমাস ১০০০,ग्रेटेस्ट क्रिसमस 1000,,96.95%,15000X,-,15000X,HIGH,,27.94%,SLOTS,VIDEO-SLOT,SCATTER PAYS,,,"BUY FEATURE, CHRISTMAS, FREE SPIN, REINDEER, RETRIGGER, SANTA CLAUS, SCATTER, SCATTER PAYS, WILD, MULTIPLIER SYMBOL
",,,,"Get into the festive spirit with Greatest Christmas 1000, a 6x5 slot game filled with gifts from Santa! Random multipliers from 2x to 1000x can appear to boost your holiday wins. Land 4 or more scatters to trigger 15 free spins with extra 5 spins along the way. Celebrate big this Christmas with payouts up to 15,000x your bet!

进入《最伟大的圣诞节1000》，与圣诞老人一起开启满载礼物的欢乐旋转！这是一款 6×5 转轴 的老虎机游戏，游戏中随机出现 2 倍至 1,000 倍的乘数，让节日奖励更丰厚。
当屏幕上出现 4 个或以上 Scatter 时，可触发 15 次免费旋转，并在游戏过程中额外获得 5 次奖励旋转。在这个圣诞季，赢取最高 15,000 倍投注 的超值大奖，尽情庆祝节日吧！","1. Random multipliers from 2x to 1000x!
2. 4 or more scatters trigger 15 free spins!
3. Win up to 15,000x your bet this festive season!

1. 随机乘数，可达 2 倍至 1,000 倍
2. 4 个或以上 Scatter 可触发 15 次免费旋转!
3. 最高可赢 15,000 倍投注，尽享节日丰厚回报！",25.4,59.8,6x5,Scatter Pays,✓,✓,,✓,,,,✓,,,,,,✓,,https://greatest-christmas-1000-demo.gs6.kingmidasdev.net/?test=1,https://publiccdn.kingdomhall729.com/500x500images/KingMidas/greatest-christmas-1000_500x500_en.jpg,,,https://publiccdn.kingdomhall729.com/Product+Sheet/greatest-christmas-1000_product-brochure_en.pdf,N.A,https://publiccdn.kingdomhall729.com/website/landing/greatest-christmas-1000_landing.zip,https://publiccdn.kingdomhall729.com/website/logo/greatest-christmas-1000_logo.zip,https://publiccdn.kingdomhall729.com/website/banners/greatest-christmas-1000_banners.zip,https://publiccdn.kingdomhall729.com/MarketingAssetsPSD/KingMidas/greatest-christmas-1000_psd.zip,,,,PENDING,PENDING,PENDING,PENDING,All,GS6,TRUE,FALSE,TRUE,TRUE,FALSE,FALSE,FALSE,FALSE,FALSE,TRUE,TRUE,TRUE,FALSE
KM,260,Sweepstakes,Integrated,Pending,,,,,mahjong-beauty-ss,Mahjong Beauty,,,,,,,,,,,,,,,96.99%,10000X,,10000X,MEDIUM,,32.05%,SLOTS,VIDEO-SLOT,CASCADE,China,,"2000 WINWAYS, CASCADING WINS, DRAGON, FREE SPINS, MAHJONG TILES, MEGA WIN, SCATTER, WILDS
",East Asia,South East Asia,"China
Malaysia","Mahjong Beauty Ways invites you to a stunning 5x4 slot journey that blends the elegance of mahjong with endless fortunes. With up to 2,000 ways to win, every spin can trigger cascading wins that lift  your multiplier all the way up to 10x in Free Spins. Land 3 or more Scatters to unlock Free Spins, where golden tiles turn into Wilds to bring even bigger prizes. With a max payout of 5,000x your bet, Mahjong Beauty Ways turns each spin into a beautiful path toward riches!

侵入《美女麻将》的华丽世界，每一次旋转都让您感受经传统麻将美学与现代财富之道的完美碰撞！转动5x4的绚丽转轴，解锁多达2,000种赢法，每次消除连锁都让您倍率飙升，免费旋转阶段直冲10倍暴击！收集3个或更多Scatter触发免费旋转，黄金麻将牌化作万能百搭，助您横扫大奖！最高可赢取单注5,000倍的终极财富！","1. Cascading wins that build up your multiplier for bigger rewards!
2. Trigger 10 Free Spins by landing 3 or more Scatters.
3. Watch golden tiles transform into Wilds for bigger wins
4. Chase the ultimate prize with a jaw-dropping 5,000x your bet!

1. 连环暴富机制，每次消除触发倍率飙升，赢越多翻越狠！
2. 3个Scatter即刻开启10次免费旋转，黄金牌助阵收益翻倍！
3. 精美麻将牌随机化身为Wild，轻松打通赢钱路径！
4. 终极一击5000倍 – 幸运降临，单局狂揽惊天巨奖！",,,5x4,2000 Win Ways,✓,✓,,✓,,,,,✓,✓,,,,,,N.A,https://publiccdn.kingdomhall729.com/500x500images/KingMidas/mahjong-beauty-ss_500x500_en.jpg,,,https://publiccdn.kingdomhall729.com/Product+Sheet/mahjong-beauty_product-brochure_en.pdf,https://publiccdn.kingdomhall729.com/Product+Sheet/mahjong-beauty_product-brochure_cn.pdf,https://publiccdn.kingdomhall729.com/website/landing/mahjong-beauty-ss_landing.zip,https://publiccdn.kingdomhall729.com/website/logo/mahjong-beauty-ss_logo.zip,https://publiccdn.kingdomhall729.com/website/banners/mahjong-beauty-ss_banners.zip,https://publiccdn.kingdomhall729.com/MarketingAssetsPSD/KingMidas/mahjong-beauty_psd.zip,https://publiccdn.kingdomhall729.com/website/video/mahjong-beauty_video.zip,Mahjong Beauty Slots,Sweepstakes Conversion - KM Games Localization,PENDING,PENDING,PENDING,PENDING,All,GS3,TRUE,FALSE,FALSE,FALSE,FALSE,FALSE,FALSE,FALSE,FALSE,FALSE,FALSE,FALSE,FALSE
KB,259,UFA Premium Lobby,Live,2026-06-05,,,,,african-buffalo-5000-ufa,African Buffalo 5000,,,แอฟริกันควาย 5000,,,,,,,,,,,,97.01%,"5,000X",,5000X,LOW,,52.94%,SLOTS,VIDEO-SLOT,WINWAYS,,,"1024 WIN WAYS, BUY FEATURE, BUFFALO, FREE SPIN, FEATURED WILD, MULTIPLIER SYMBOLS, SCATTER, WILD
",,,,"Explore the African savanna where mighty buffalo lead the way across a 5x4 grid with 1,024 ways to win. Trigger Free Spins to unlock wild features and respin action, while bonus multipliers boost each payout. With up to 5,000x max win, every spin builds toward stronger rewards","1.Free Spins trigger unlocks bonus rounds with added winning potential
2.Special wild mechanics and respin features enhance gameplay flow
3.Bonus multipliers boost wins, with up to 5,000x max payout potential",20.3,54.8,5x4,1024 win ways,✓,✓,,,,,,✓,,✓,,,,✓,,https://african-buffalo-5000-demo.gs6.kingmidasdev.net/?test=1&lang=en&currency=THB&ui_set=ufa_premium&buy_feature=1&instant_play=1,https://publiccdn.kingdomhall729.com/500x500images/KingMidas/african-buffalo-5000_500x500_en.jpg,,,https://publiccdn.kingdomhall729.com/Product+Sheet/african-buffalo-5000_product-brochure_en.pdf,,https://publiccdn.kingdomhall729.com/website/landing/african-buffalo-5000_landing.zip,https://publiccdn.kingdomhall729.com/website/logo/african-buffalo-5000_logo.zip,https://publiccdn.kingdomhall729.com/website/banners/african-buffalo-5000_banners.zip,https://publiccdn.kingdomhall729.com/MarketingAssetsPSD/KingMidas/african-buffalo-5000_psd.zip,,,,PENDING,PENDING,PENDING,PENDING,THB Only,GS6,TRUE,FALSE,TRUE,FALSE,FALSE,FALSE,FALSE,FALSE,FALSE,FALSE,FALSE,FALSE,FALSE
KB,258,UFA Premium Lobby,Live,2026-05-29,2026-02-11,,,2026-02-13,golden-fortune-horse-ufa,Golden Fortune Horse,,,"ทองคำ
โชคลาภ
ม้า",,,,,,,,,,,,97.04%,5000X,,5000X,MEDIUM,,23.93%,SLOTS,VIDEO-SLOT,WINWAYS,,,"243 WIN WAYS, BUY FEATURE, DISCO, FREE SPIN, FEATURED WILD, JACKPOT, MULTIPLIER SYMBOL, SCATTER, WILD
",,,,"Golden Fortune Horse rides onto the reels in a thrilling 5x3 slot adventure! Trigger Free Spins or use Buy Free Spin to dive straight into bonus action. Watch for special symbols that instantly award 1,000x, and spin your way toward a majestic 5,000x payout!
《黄金幸运马》驰骋在5x3的转盘上，带来刺激非凡的旋转体验！触发免费旋转或直接购买免费旋转，立即进入奖励环节。注意特殊符号的出现，可瞬间赢取1000倍，一路旋转冲击至最高5000倍奖励！","1. Free Spins and Buy Free Spin feature for instant bonus play!
2. Special symbols award 1,000x instantly!
3. Chase the ultimate payout of 5,000x your bet!
1. 免费旋转与购买免费旋转功能，即刻进入奖励环节！
2. 特殊符号出现即可赢取1000倍奖励！
3. 冲击最高5000倍奖金，享受豪华财富！",41.0,75.0,5x3,243 Win Ways,✓,✓,,,,,,✓,,✓,,,,✓,,https://golden-fortune-horse-demo.gs6.kingmidasdev.net/?test=1&lang=en&currency=THB&ui_set=ufa_premium&buy_feature=1&instant_play=1,https://publiccdn.kingdomhall729.com/500x500images/KingMidas/golden-fortune-horse_500x500_en.jpg,,,https://publiccdn.kingdomhall729.com/Product+Sheet/golden-fortune-horse_product-brochure_en.pdf,,https://publiccdn.kingdomhall729.com/website/landing/golden-fortune-horse_landing.zip,https://publiccdn.kingdomhall729.com/website/logo/golden-fortune-horse_logo.zip,https://publiccdn.kingdomhall729.com/website/banners/golden-fortune-horse_banners.zip,https://publiccdn.kingdomhall729.com/MarketingAssetsPSD/KingMidas/golden-fortune-horse_psd.zip,https://publiccdn.kingdomhall729.com/website/video/golden-fortune-horse_video.zip,,,PENDING,PENDING,PENDING,PENDING,THB Only,GS6,TRUE,FALSE,TRUE,FALSE,FALSE,FALSE,FALSE,FALSE,FALSE,FALSE,FALSE,FALSE,FALSE
KM,256,Sweepstakes,Integrated,Pending,,,,,gold-rush-bonanza-ss,Gold Rush Bonanza,,,,,,,,,,,,,,,97.00%,5000X,100X,5000X,HIGH,,37.17%,SLOTS,VIDEO-SLOT,CASCADE,Western,Myanmar,"Adventure, Coins, Cowboys, Diamond, Gold, Hat, Sheriff, Treasures, Weapons, Wild West",North America,Latin America,"United States of America
Brazil
Malaysia","Saddle up for a Wild West adventure on a 6x5 reel slot, where fortunes await with every spin!
Match 4 or more symbols to win, with cascading reels keeping the excitement high! Land consecutive combos to trigger Free Spin, where multiplier diamonds can boost your winnings by up to 100x! Retrigger Free Spins for even more chances to strike gold. Feeling lucky? Buy Free Spins and start with at least 15 spins to chase the ultimate prize. With up to 5000x your bet to be won, the Wild West is calling, are you ready for the gold rush?","1. Enjoy a 6x5 reel featuring dynamic cascading and spinning mechanics!
2. Use the 'Buy Free Spin' feature to instantly access amazing prizes!
3. Trigger Free Spins to activate multiplier diamonds that can boost your winnings by up to 100x!",,,6x5,Cluster Pays,✓,✓,,✓,,✓,,,,,,,,,,N.A,https://publiccdn.kingdomhall729.com/500x500images/KingMidas/gold-rush-bonanza-ss_500x500_en.jpg,https://m13.ns86.kingmakergames.co/games/gold-rush-bonanza?currency=USD&test=1,,https://publiccdn.kingdomhall729.com/Product+Sheet/gold-rush-bonanza_product-brochure_en.pdf,https://publiccdn.kingdomhall729.com/Product+Sheet/gold-rush-bonanza_product-brochure_cn.pdf,https://publiccdn.kingdomhall729.com/website/landing/gold-rush-bonanza-ss_landing.zip,https://publiccdn.kingdomhall729.com/website/logo/gold-rush-bonanza-ss_logo.zip,https://publiccdn.kingdomhall729.com/website/banners/gold-rush-bonanza-ss_banners.zip,https://publiccdn.kingdomhall729.com/MarketingAssetsPSD/KingMidas/gold-rush-bonanza_psd.zip,https://publiccdn.kingdomhall729.com/website/video/gold-rush-bonanza_video.zip,Gold Rush Bonanza (Wild West Slots) GDD,Sweepstakes Conversion - KM Games Localization,PENDING,PENDING,PENDING,PENDING,"All, Except THB",GS3,TRUE,FALSE,FALSE,FALSE,FALSE,FALSE,FALSE,FALSE,FALSE,FALSE,FALSE,FALSE,FALSE
KM,255,Sweepstakes,Integrated,Pending,,,,,wonder-ace-ss,Wonder Ace,,,,,,,,,,,,,,,96.99%,10000X,,10000X,MEDIUM,,32.00%,SLOTS,VIDEO-SLOT,WINWAYS,,,"1024 WIN WAYS, BUY FEATURE, FREE SPIN, INCREASING MULTIPLIER, MULTIPLIER WHEEL, SCATTER, WILD
",,,,"Down the rabbit hole with Alice in Wonder Ace, a 5x4 slot adventure with 1024 win ways sparkling through every spin. Trigger Free Spins and watch the magic grows while waiting for the gold plate to boost your rewards. Hit the 10x multiplier and chase fantastical rewards up to 10000x your bet! Follow Alice and let every spin write your next win!
《奇幻王牌》邀您开启5x4卷轴奇幻之旅！每次旋转皆闪耀1024种赢线，触发免费旋转后待黄金铭牌降临，让奖励飞跃攀升！高达10倍倍率，更可追逐10,000倍投注额的奇幻大奖！紧跟爱丽丝的脚步，让每次旋转谱写您的胜利篇章！","1. Free Spins with magical Gold Plates that boost your rewards!
2. A powerful 10x multiplier that brings bigger wins to life!
3. Up to 10,000x payout for truly wonder filled moments!",,,5x4,1024 Win Ways,✓,✓,,,,,,,✓,✓,,,,,,N.A,https://publiccdn.kingdomhall729.com/500x500images/KingMidas/wonder-ace_500x500_en.jpg,,,https://publiccdn.kingdomhall729.com/Product+Sheet/wonder-ace_product-brochure_en.pdf,https://publiccdn.kingdomhall729.com/Product+Sheet/wonder-ace_product-brochure_cn.pdf,https://publiccdn.kingdomhall729.com/website/landing/wonder-ace_landing.zip,https://publiccdn.kingdomhall729.com/website/logo/wonder-ace_logo.zip,https://publiccdn.kingdomhall729.com/website/banners/wonder-ace_banners.zip,https://publiccdn.kingdomhall729.com/MarketingAssetsPSD/KingMidas/wonder-ace_psd.zip,https://publiccdn.kingdomhall729.com/website/video/wonder-ace_video.zip,Wonder Ace Slots ,Sweepstakes Conversion - KM Games Localization,PENDING,PENDING,PENDING,PENDING,All,GS3,TRUE,FALSE,FALSE,FALSE,FALSE,FALSE,FALSE,FALSE,FALSE,FALSE,FALSE,FALSE,FALSE
KM,254,Sweepstakes,Integrated,Pending,,,,,tides-of-fortune-ss,Tides of Fortune,,,,,,,,,,,,,,,97.00%,10000X,,10000X,HIGH,,33.07%,SLOTS,VIDEO-SLOT,MATCH-3,,,"1024 WIN WAYS, BUY FEATURE, HOLD & SPIN, MERMAID, MULTIPLIER WHEEL, TREASURE CHEST, SCATTER, WILD
",,,,"Dive into the deep and chase hidden riches in Tides of Fortune! Spin the 5x4 reels and uncover mystery multipliers that boost your wins. Land Scatter symbols to summon mermaids and trigger Free Spins. Buy the bonus and let the waves lift your rewards. Every spin pulls you closer to 10000X ocean treasures!
潜入深海，寻找被浪潮掩埋的宝藏！转动5x4转轴，触发神秘倍数提升赢奖。收集散布符号即可召唤美人鱼，开启免费旋转！也可直接购买奖励回合，让幸运浪潮推你走向10000倍丰厚回报！","Cascading reels deliver back‑to‑back wins in a single spin!
Incrementing win multipliers in Free Game! 
Trigger Free Spins with Scatters and retrigger for endless treasures!

5x4转轴设计，每轮都有机会触发神秘倍数！
散布符号触发免费旋转，提升整体赢奖！
支持直接购买奖励回合，快速冲击高回报！",,,5x4,Cluster Pays,✓,✓,,✓,,✓,,,,,,,,,,N.A,https://publiccdn.kingdomhall729.com/500x500images/KingMidas/tides-of-fortune_500x500_en.jpg,,,https://publiccdn.kingdomhall729.com/Product+Sheet/tides-of-fortune_product-brochure_en.pdf,https://publiccdn.kingdomhall729.com/Product+Sheet/tides-of-fortune_product-brochure_cn.pdf,https://publiccdn.kingdomhall729.com/website/landing/tides-of-fortune_landing.zip,https://publiccdn.kingdomhall729.com/website/logo/tides-of-fortune_logo.zip,https://publiccdn.kingdomhall729.com/website/banners/tides-of-fortune_banners.zip,https://publiccdn.kingdomhall729.com/MarketingAssetsPSD/KingMidas/tides-of-fortune_psd.zip,https://publiccdn.kingdomhall729.com/website/video/tides-of-fortune_video.zip,Tides of Fortune Slots,Sweepstakes Conversion - KM Games Localization,PENDING,PENDING,PENDING,PENDING,"All, Except THB",GS3,TRUE,FALSE,FALSE,FALSE,FALSE,FALSE,FALSE,FALSE,FALSE,FALSE,FALSE,FALSE,FALSE
KM,253,Sweepstakes,Integrated,Pending,,,,,elite-aviator-club-ss,Elite Aviator Club,,,,,,,,,,,,,,,97.00%,125X,-,125X,HIGH,,,NEXT-GEN,INSTANT,CRASH,Western,Myanmar,"AIRPLANE, ARCADE, CASH OUT, CASUAL, CRASH, RISING CURVE
",ALL,,"Malaysia
South Korea
India
United Kingdom
Brazil
United Arab Emirates
Australia
South Africa","Elite Aviator Club is a crash game that will take you through the skies! Set your bet limit before the plane takes off into the horizon. The further the plane flies, the higher the multiplier climbs, promising bigger rewards for the fearless. Stay sharp and choose your moment to cash out before the plane vanishes from sight. ","1. Enjoy a dual bet option for a more intuitive cashout experience!
2. Potentially win a payout of up to 125x
3. Live Eject feature to monitor the remaining players in the bet.",,,N.A,,,,,,,,,,,,,,,,"Tournament, Cash Drop",N.A,https://publiccdn.kingdomhall729.com/500x500images/KingMidas/elite-aviator-club-ss_500x500_en.jpg,https://demo7.kingmidasdev.net/games/elite-aviator-club?currency=USD&test=1,https://supports-3-m7.kingdomhall729.com/elite-aviator-club/settings,https://publiccdn.kingdomhall729.com/Product+Sheet/elite-aviator-club_product-brochure_en.pdf,https://publiccdn.kingdomhall729.com/Product+Sheet/elite-aviator-club_product-brochure_cn.pdf,https://publiccdn.kingdomhall729.com/website/landing/elite-aviator-club-ss_landing.zip,https://publiccdn.kingdomhall729.com/website/logo/elite-aviator-club-ss_logo.zip,https://publiccdn.kingdomhall729.com/website/banners/elite-aviator-club-ss_banners.zip,https://publiccdn.kingdomhall729.com/MarketingAssetsPSD/KingMidas/elite-aviator-club_psd.zip,https://publiccdn.kingdomhall729.com/website/video/elite-aviator-club_video.zip,Aviator - Vanilla Base Game.xlsx,Sweepstakes Conversion - KM Games Localization,PENDING,PENDING,PENDING,PENDING,All,GS3,TRUE,FALSE,FALSE,FALSE,FALSE,FALSE,FALSE,FALSE,FALSE,FALSE,FALSE,FALSE,FALSE
KM,252,Sweepstakes,Integrated,Pending,,,,,toridama-tap-smash-ss,Toridama Tap Smash,,,,,,,,,,,,,,,97.03%,9999X,,9999X,HIGH,,,NEXT-GEN,INSTANT,CASUAL,Japan,,"ARCADE, CARTOON, CASUAL, MEGA WIN, TORIDAMA
",ALL,,"Malaysia
South Korea
India
United Kingdom
Brazil
United Arab Emirates
Australia
South Africa","Get ready for a smashing good time in Toridama Tap Smash! In this fast-paced clicker game, tap to help the quirky Toridama butt-smash through a tower of wacky objects. Each tap places a small bet with a chance to win random multipliers. Smash your way to the bottom and unlock a surprise jackpot! With vibrant animations, satisfying smash effects, and live social updates, it’s simple, addictive, and endlessly fun to play.

《Toridama点击摔碎》 屁墩暴击9999倍，爽到停不下来！操控魔性Toridama施展""屁墩神功""，狂砸奇葩道具塔！每次点击既是下注又是暴击，随机倍数奖励随时爆发！若能一路砸穿塔底，更能解锁神秘大奖！炫彩动画、解压特效、即時社交播报，简单上头停不下来！ ","1. Tap to smash quirky objects and win random multipliers up to 9,999x!
2. Simple one-tap gameplay with addictive progression.
3. Build your combo meter for even bigger rewards!

1.　一指连点，最高可赢9999倍超狂奖励！
2.　魔性操作，越点越上头的暴富循环！
3.　连击不止，奖励倍率持续飙升！",,,N.A,,,,,,,,,,,,,,,,,N.A,https://publiccdn.kingdomhall729.com/500x500images/KingMidas/toridama-tap-smash-ss_500x500_en.jpg,,,https://publiccdn.kingdomhall729.com/Product+Sheet/toridama-tap-smash_product-brochure_en.pdf,https://publiccdn.kingdomhall729.com/Product+Sheet/toridama-tap-smash_product-brochure_cn.pdf,https://publiccdn.kingdomhall729.com/website/landing/toridama-tap-smash-ss_landing.zip,https://publiccdn.kingdomhall729.com/website/logo/toridama-tap-smash-ss_logo.zip,https://publiccdn.kingdomhall729.com/website/banners/toridama-tap-smash-ss_banners.zip,https://publiccdn.kingdomhall729.com/MarketingAssetsPSD/KingMidas/toridama-tap-smash_psd.zip,https://publiccdn.kingdomhall729.com/website/video/toridama-tap-smash_video.zip,Toridama Tap Smash GDD,Sweepstakes Conversion - KM Games Localization,PENDING,PENDING,PENDING,PENDING,All,GS3,TRUE,FALSE,FALSE,FALSE,FALSE,FALSE,FALSE,FALSE,FALSE,FALSE,FALSE,FALSE,FALSE
KM,251,Sweepstakes,Integrated,Pending,,,,,toridama-crash-ss,Toridama Crash,,,,,,,,,,,,,,,97.00%,250X,-,250X,HIGH,,,NEXT-GEN,INSTANT,CRASH,Japan,,"ARCADE, CARTOON, CASUAL, CRASH, TORIDAMA
",ALL,,"Malaysia
South Korea
India
United Kingdom
Brazil
United Arab Emirates
Australia
South Africa","Toridama - Crash is a fun and wacky Japanese IP game where players bet on a rising multiplier, aiming to cash out before the motorcycle crashes. The longer you wait, the bigger the payout, but if you wait too long and the motorcycle explodes, you lose everything! Strategize to maximize your winnings and enjoy the quirky, hilarious cash-out scenes that make each round unpredictable and exciting. Laugh along as you experience the wild moments and unexpected crashes!","1. Place up to two bets per round to increase your chances and strategize your cash-out.
2. Watch the multiplier rise for the chance to win up to 125x!
3. Enjoy quirky animations during cash-out for added fun and surprises.
4. Track players’ progress with the live drop-out feature to see who stays in the game.",,,N.A,,,,,,,,,,,,,,,,,N.A,https://publiccdn.kingdomhall729.com/500x500images/KingMidas/toridama-crash-ss_500x500_en.jpg,https://demo7.kingmidasdev.net/games/toridama-crash?currency=USD&test=1,,https://publiccdn.kingdomhall729.com/Product+Sheet/toridama-crash_product-brochure_en.pdf,https://publiccdn.kingdomhall729.com/Product+Sheet/toridama-crash_product-brochure_cn.pdf,https://publiccdn.kingdomhall729.com/website/landing/toridama-crash-ss_landing.zip,https://publiccdn.kingdomhall729.com/website/logo/toridama-crash-ss_logo.zip,https://publiccdn.kingdomhall729.com/website/banners/toridama-crash-ss_banners.zip,https://publiccdn.kingdomhall729.com/MarketingAssetsPSD/KingMidas/toridama-crash_psd.zip,https://publiccdn.kingdomhall729.com/website/video/toridama-crash_video.zip,Toridama Crash GDD,Sweepstakes Conversion - KM Games Localization,PENDING,PENDING,PENDING,PENDING,All,GS3,TRUE,FALSE,FALSE,FALSE,FALSE,FALSE,FALSE,FALSE,FALSE,FALSE,FALSE,FALSE,FALSE
KM,250,Sweepstakes,Integrated,Pending,,,,,toridama-rps-ss,Toridama Rock Paper Scissors,,,,,,,,,,,,,,,96.82%,6X,1000X,1000X,MEDIUM,,,NEXT-GEN,INSTANT,CASUAL,Japan,,"1000X MULTIPLIER BONUS, ARCADE, CARTOON, CASUAL, TORIDAMA
",ALL,,"Malaysia
South Korea
India
United Kingdom
Brazil
United Arab Emirates
Australia
South Africa","Toridama - Rock, Paper, Scissors! takes the classic game to a whole new level with wacky, fast-paced action. Go head-to-head with quirky chickens, outsmart their moves, and claim your rewards! Watch out for golden hands, defeating them means even bigger payouts. With unpredictable twists and exciting stakes, every round is a wild battle of luck and strategy!","1. Challenge three quirky chickens at once in a fast-paced battle of wits and luck!
2. Defeat all 3 chickens with golden hands to win a maximum payout of 1000x!
3. Hilarious and unpredictable cutscenes that make each victory and defeat even more entertaining!",,,N.A,,,,,,,,,,,,,,,,,N.A,https://publiccdn.kingdomhall729.com/500x500images/KingMidas/toridama-rps-ss_500x500_en.jpg,https://demo7.kingmidasdev.net/games/toridama-rps?currency=USD&test=1,,https://publiccdn.kingdomhall729.com/Product+Sheet/toridama-rps_product-brochure_en.pdf,https://publiccdn.kingdomhall729.com/Product+Sheet/toridama-rps_product-brochure_cn.pdf,https://publiccdn.kingdomhall729.com/website/landing/toridama-rps-ss_landing.zip,https://publiccdn.kingdomhall729.com/website/logo/toridama-rps-ss_logo.zip,https://publiccdn.kingdomhall729.com/website/banners/toridama-rps-ss_banners.zip,https://publiccdn.kingdomhall729.com/MarketingAssetsPSD/KingMidas/toridama-rps_psd.zip,https://publiccdn.kingdomhall729.com/website/video/toridama-rock-paper-scissors_video.zip,Toridama RockPaperScissors GDD,Sweepstakes Conversion - KM Games Localization,PENDING,PENDING,PENDING,PENDING,All,GS1,TRUE,FALSE,FALSE,FALSE,FALSE,FALSE,FALSE,FALSE,FALSE,FALSE,FALSE,FALSE,FALSE
KM,249,Sweepstakes,Integrated,Pending,,,,,chicken-crossy-ss,Chicken Crossy,,,,,,,,,,,,,,,95.99%,3138009.60x,-,3138009.60x,HIGH,,,NEXT-GEN,INSTANT,CRASH,All,,"CARTOON, CASH OUT, CHICKEN, CRASH, CUTE, MEGA WIN
",ALL,,"Malaysia
South Korea
India
United Kingdom
Brazil
United Arab Emirates
Australia
South Africa","Get ready for high-stakes fun in Chicken Crossy! Guide your daring chicken through lanes of speeding traffic, collecting multipliers with every step. The further you go, the bigger the rewards! Cash out anytime to secure your wins or push your luck for the ultimate prize with payouts of over 3,000,000X! Cross to Win!","1. Captivating crossing-style game featuring a daring chicken!
2. Cash out anytime and lock in your winnings!
3. Dynamic difficulty levels, with payouts up to 3,138,009X!",,,N.A,,,,,,,,,,,,,,,,,N.A,https://publiccdn.kingdomhall729.com/500x500images/KingMidas/chicken-crossy-ss_500x500_en.jpg,,,https://publiccdn.kingdomhall729.com/Product+Sheet/chicken-crossy_product-brochure_en.pdf,https://publiccdn.kingdomhall729.com/Product+Sheet/chicken-crossy_product-brochure_cn.pdf,https://publiccdn.kingdomhall729.com/website/landing/chicken-crossy-ss_landing.zip,https://publiccdn.kingdomhall729.com/website/logo/chicken-crossy-ss_logo.zip,https://publiccdn.kingdomhall729.com/website/banners/chicken-crossy-ss_banners.zip,https://publiccdn.kingdomhall729.com/MarketingAssetsPSD/KingMidas/chicken-crossy_psd.zip,https://publiccdn.kingdomhall729.com/website/video/chicken-crossy_video.zip,Chicken Crossy,Sweepstakes Conversion - KM Games Localization,PENDING,PENDING,PENDING,PENDING,All,GS1,TRUE,FALSE,FALSE,FALSE,FALSE,FALSE,FALSE,FALSE,FALSE,FALSE,FALSE,FALSE,FALSE
KM,248,,Live,2026-07-01,,,,,aztec-rush-bonanza,Aztec Rush Bonanza,阿兹特克狂潮,Aztec Rush Bonanza,Aztec Rush Bonanza,Aztec Rush Bonanza,Aztec Rush Bonanza,,,Aztec Rush Bonanza,Aztec Rush Bonanza,Aztec Rush Bonanza,Aztec Rush Bonanza,,,,97.00%,5000X,100X,5000X,HIGH,,37.17%,SLOTS,VIDEO-SLOT,CASCADE,Western,Myanmar,"AZTEC, BONUS BUY, CASCADING WINS, FREE SPIN, MULTIPLIER BONUS
",North America,Latin America,"United States of America
Brazil
Malaysia","Embark on an adventure in Aztec Rush Bonanza, a 6x5 cascading slot where fortune awaits! Match 4+ symbols to trigger cascading wins and unlock Free Spins with up to 100x multiplier diamonds and chase wins up to 5000x your bet! The temple is calling, are you ready?

踏入失落文明的神秘遗迹，在《阿兹特克狂潮》中寻找隐藏宝藏！6x5 连消转轴带来持续中奖机会，免费旋转搭配最高 100 倍倍数钻石，让奖金不断攀升。重触发免费旋转，挑战最高 5000 倍投注奖金！","1. Enjoy a 6x5 reel featuring dynamic cascading and spinning mechanics!
2. Use the 'Buy Free Spin' feature to instantly access amazing prizes!
3. Trigger Free Spins to activate multiplier diamonds that can boost your winnings by up to 100x!

体验 6x5 赛道布局，搭配动态连消与旋转机制，连锁奖励不断触发！
购买‘免费旋转’功能，即刻进入免费旋转模式，赢取丰厚大奖！
触发免费旋转后激活倍数钻石，最高可将赢奖提升至 100 倍！",16.7,21.4,6x5,Cluster Pays,✓,✓,,✓,,✓,,,,,,,,,"Tournament, Cash Drop",https://demo8.kingmidasdev.net/games/aztec-rush-bonanza?test=1&currency=usd,https://publiccdn.kingdomhall729.com/500x500images/KingMidas/aztec-rush-bonanza_500x500_en.jpg,,,https://publiccdn.kingdomhall729.com/Product+Sheet/aztec-rush-bonanza_product-brochure_en.pdf,https://publiccdn.kingdomhall729.com/Product+Sheet/aztec-rush-bonanza_product-brochure_cn.pdf,https://publiccdn.kingdomhall729.com/website/landing/aztec-rush-bonanza_landing.zip,https://publiccdn.kingdomhall729.com/website/logo/aztec-rush-bonanza_logo.zip,https://publiccdn.kingdomhall729.com/website/banners/aztec-rush-bonanza_banners.zip,https://publiccdn.kingdomhall729.com/MarketingAssetsPSD/KingMidas/aztec-rush-bonanza_psd.zip,,Aztec Rush Bonanza,aztec-rush-bonanza,PENDING,PENDING,PENDING,PENDING,All,GS3,TRUE,TRUE,TRUE,TRUE,TRUE,FALSE,FALSE,TRUE,TRUE,TRUE,TRUE,FALSE,FALSE
KB,247,GrandpashaOnly,Live,2026-05-06,2026-04-17,,,,sugar-candy-bonanza-grandpasha,Grandpasha Bonanza,,,,,,,,,,,Grandpasha Bonanzası,,,,96.92%,15000X,-,15000X,HIGH,,27.93%,SLOTS,VIDEO-SLOT,SCATTER PAYS,,,"BUY FEATURE, CANDY, FREE SPIN, MULTIPLIER SYMBOL, RETRIGGER, SWEET, SCATTER PAYS",,,,"Dive into Grandpasha Bonanza, a 6x5 candy slot where sweet clusters bring nonstop wins! Land 4 Scatters to trigger 15 Free Spins, with more Scatters adding extra spins to the bonus. Chase payouts of up to 15,000x in this sugar rush adventure!
《糖果狂欢》甜蜜开启！6x5糖果世界，缤纷组合引爆无限胜利！收集4个Scatter符号即可触发15次免费旋转，更能在免费旋转中凭借3+个Scatter符号重复激活额外5次旋转，让甜蜜风暴永不停歇！最高可赢得15000倍投注额的梦幻奖励，这场甜蜜冒险等你来嗨！","1. 4 scatters trigger 15 free spins with nonstop winning chances!
2. 3 or more scatters during free spins award 5 extra free spins!
3. Maximum payout reaches up to 15000x your bet!

1. 4个Scatter符号瞬间激活15次免费旋转，甜蜜连赢永不停歇！
2. 免费旋转中3+个Scatter符号立即追加5次免费旋转，狂欢无限续杯！
3. 15000倍终极巨奖让您的投注金额甜到发烫！

",15.4,41.3,6x5,Scatter Pays,✓,✓,,✓,,,,✓,,,,,,✓,,https://sugar-candy-bonanza-demo.gs6.kingmidasdev.net/?test=1&lang=en&currency=USD&ui_set=pasha_bet&buy_feature=1&instant_play=1,https://publiccdn.kingdomhall729.com/500x500images/KingMidas/grandpasha-bonanza_500x500_en.jpg,,,https://publiccdn.kingdomhall729.com/Product+Sheet/grandpasha_bonanza_product-brochure_en.pdf,,https://publiccdn.kingdomhall729.com/website/landing/grandpasha_bonanza_landing.zip,https://publiccdn.kingdomhall729.com/website/logo/grandpasha_bonanza_logo.zip,https://publiccdn.kingdomhall729.com/website/banners/grandpasha_bonanza_banners.zip,https://publiccdn.kingdomhall729.com/MarketingAssetsPSD/KingMidas/grandpasha-bonanza_psd.zip,,,,PENDING,PENDING,PENDING,PENDING,All,GS6,TRUE,FALSE,FALSE,FALSE,FALSE,FALSE,FALSE,FALSE,FALSE,FALSE,TRUE,FALSE,FALSE
KB,246,"UFA, MPS",Live,2026-05-04,,,,,african-buffalo-5000,African Buffalo 5000,非洲水牛5000,非洲水牛5000,แอฟริกันควาย 5000,Bò rừng Châu Phi 5000,Afrika Kerbau 5000,아프리카버팔로5000,,Africano Búfalo 5000,Africano Búfalo 5000,Африканский Буйвол 5000,Afrika Bufalo 5000,আফ্রিকানমহিষ5000,अफ्रीकीभैंस5000,,97.01%,"5,000X",,5000X,LOW,,52.94%,SLOTS,VIDEO-SLOT,WINWAYS,,,"1024 WIN WAYS, BUY FEATURE, BUFFALO, FREE SPIN, FEATURED WILD, MULTIPLIER SYMBOLS, SCATTER, WILD
",,,,"Explore the African savanna where mighty buffalo lead the way across a 5x4 grid with 1,024 ways to win. Trigger Free Spins to unlock wild features and respin action, while bonus multipliers boost each payout. With up to 5,000x max win, every spin builds toward stronger rewards","1.Free Spins trigger unlocks bonus rounds with added winning potential
2.Special wild mechanics and respin features enhance gameplay flow
3.Bonus multipliers boost wins, with up to 5,000x max payout potential",20.3,54.8,5x4,1024 win ways,✓,✓,,,,,,✓,,✓,,,,✓,"Tournament, Cash Drop",https://african-buffalo-5000-demo.gs6.kingmidasdev.net/?test=1,https://publiccdn.kingdomhall729.com/500x500images/KingMidas/african-buffalo-5000_500x500_en.jpg,,,https://publiccdn.kingdomhall729.com/Product+Sheet/african-buffalo-5000_product-brochure_en.pdf,,https://publiccdn.kingdomhall729.com/website/landing/african-buffalo-5000_landing.zip,https://publiccdn.kingdomhall729.com/website/logo/african-buffalo-5000_logo.zip,https://publiccdn.kingdomhall729.com/website/banners/african-buffalo-5000_banners.zip,https://publiccdn.kingdomhall729.com/MarketingAssetsPSD/KingMidas/african-buffalo-5000_psd.zip,,,,PENDING,PENDING,PENDING,PENDING,All,GS6,TRUE,FALSE,TRUE,TRUE,FALSE,FALSE,FALSE,FALSE,FALSE,TRUE,TRUE,TRUE,FALSE
KB,244,,Live,2026-06-30,,,,,mr-diamond-deluxe,Mr Diamond Deluxe,Mr. Diamond 豪华版,Mr. Diamond 豪華版,Mr. Diamond เดลักซ์,Mr. Diamond Cao Cấp,Mr. Diamond Deluxe,Mr. Diamond 디럭스,,Mr. Diamond Deluxe,Mr. Diamond Deluxe,Mr. Diamond Делюкс,Mr. Diamond Deluxe,Mr. Diamond ডিলাক্স,Mr. Diamond डीलक्स,,97.03%,5000X,,5000X,HIGH,,27.28%,SLOTS,VIDEO-SLOT,WINWAYS,,,"243 WIN WAYS, BUY FEATURE, FREE SPIN, GOLD PLATED SYMBOLS, INCREASING MULTIPLIER, RETRIGGER, SCATTER, WILD",,,,"Step into the sparkling world of Mr. Diamond Deluxe, a 5x3 slot adventure full of dazzling rewards! Random multipliers can strike at any spin, keeping the excitement alive. Trigger Free Spins or activate Buy Free Spin for instant bonus action. Stack your luck and aim for a stunning 5,000x payout!
在《Mr. Diamond》豪华版的5x3转盘上，每一次旋转都可能带来惊喜财富！随机倍数随时触发，让每个转动充满期待。触发免费旋转或使用购买免费旋转，轻松进入奖励模式。锁定好运，赢取最高5000倍的巨额奖励，尽享钻石般的豪华体验！","1. Random multipliers boost your wins instantly!
2. Free Spins and Buy Free Spin for immediate bonus play!
3. Aim for up to 5,000x payout and dazzling rewards!
1. 随机倍数即时触发，提高获胜机会！
2. 免费旋转和购买免费旋转功能，快速进入奖励环节！
3. 赢取最高5000倍奖金，畅享豪华体验！",,,5x3,243 Win Ways,✓,✓,,✓,,,,,✓,✓,,,,✓,,https://mr-diamond-deluxe-demo.gs6.kingmidasdev.net/?test=1,https://publiccdn.kingdomhall729.com/500x500images/KingMidas/mr-diamond-deluxe_500x500_en.jpg,,,https://publiccdn.kingdomhall729.com/Product+Sheet/mr-diamond-deluxe_product-brochure_en.pdf,,https://publiccdn.kingdomhall729.com/website/landing/mr-diamond-deluxe_landing.zip,https://publiccdn.kingdomhall729.com/website/logo/mr-diamond-deluxe_logo.zip,https://publiccdn.kingdomhall729.com/website/banners/mr-diamond-deluxe_banners.zip,https://publiccdn.kingdomhall729.com/MarketingAssetsPSD/KingMidas/mr-diamond-deluxe_psd.zip,,,,PENDING,PENDING,PENDING,PENDING,All,GS6,TRUE,FALSE,TRUE,TRUE,FALSE,FALSE,FALSE,FALSE,FALSE,TRUE,TRUE,TRUE,FALSE
KB,243,,Live,2026-06-30,,,,,draculas-castle-banquet,Dracula's Castle Banquet,德古拉城堡盛宴,,งานเลี้ยงที่ปราสาทแดรกคิวลา,Dạ tiệc lâu đài máu,Pesta di Kastil Dracula,드라큘라 성의 연회,,Banquete do Castelo do Drácula,Banquete del Castillo de Drácula,Пир в Замке Дракулы,Dracula'nın Şöleni Şatosu,ড্রাকুলাস ক্যাসেল ব্যাঙ্কুয়েট,ड्रैकुला का महल दावत,,96.98%,2000X,-,2000X,MEDIUM,,20.69%,SLOTS,VIDEO-SLOT,PAYLINES,,,"10 PAYLINES, DARK, DRACULA, RESPIN, VAMPIRE, WILDS
",,,,"Dracula’s Castle Banquet invites you into a dark feast of fortune on a 3x4x3 slot with 10 paylines! Watch as the Dracula’s Castle Banquet Feature appears at random, bringing chilling surprises to the reels. Feel the thrill when a powerful 10x multiplier strikes, and dare to chase haunting rewards of up to 2,000x your bet inside the vampire’s domain!
《德古拉城堡盛宴》带你走进德古拉的黑暗城堡，在一场神秘盛宴中展开刺激对决。这是一款3x4x3的老虎机游戏。10条赢线，每一次旋转都充满未知惊喜。德古拉城堡盛宴奖励将随机出现，搭配强力10倍倍率，让奖金瞬间暴涨！勇敢赴宴，冲击最高 2000 倍 的黑暗财富！","1. Random Dracula’s Castle Banquet Feature triggers surprise moments!
2. Powerful 10x multiplier boosts winning potential!
3. 3x4x3 slots with 10 paylines and payouts up to 2000x!
1. 随机触发德古拉城堡盛宴玩法，带来未知惊喜!
2. 强力10倍倍率，大幅提升获胜潜力!
3. 3x4x3老虎机搭配10条赢线，最高可赢2000倍奖金！",18.4,21.2,3x4x3,10 Paylines,,,✓,,,,,,,,,,,✓,,https://draculas-castle-banquet-demo.gs6.kingmidasdev.net/?test=1,https://publiccdn.kingdomhall729.com/500x500images/KingMidas/draculas-castle-banquet_500x500_en.jpg,,,https://publiccdn.kingdomhall729.com/Product+Sheet/draculas-castle-banquet_product-brochure_en.pdf,,https://publiccdn.kingdomhall729.com/website/landing/draculas-castle-banquet_landing.zip,https://publiccdn.kingdomhall729.com/website/logo/draculas-castle-banquet_logo.zip,https://publiccdn.kingdomhall729.com/website/banners/draculas-castle-banquet_banners.zip,https://publiccdn.kingdomhall729.com/MarketingAssetsPSD/KingMidas/draculas-castle-banquet_psd.zip,,,,PENDING,PENDING,PENDING,PENDING,All,GS6,TRUE,FALSE,TRUE,TRUE,FALSE,FALSE,FALSE,FALSE,FALSE,TRUE,TRUE,TRUE,FALSE
KB,242,,Live,2026-06-30,,,,,dragon-fortune,Dragon Fortune,龙之财富,,มังกรโชค        ,Rồng Tài Lộc        ,Naga Rejeki,드래곤 포춘,,Dragão Fortuna,Dragón Fortuna,Дракон Удачи,Ejderha Şansı,ড্রাগন ফরচুন,ड्रैगन फॉर्च्यून,,96.95%,5000X,-,5000X,MEDIUM,,28.97%,SLOTS,VIDEO-SLOT,WINWAYS,,,"2000 WIN WAYS, CASCADING WINS, DRAGON, FREE SPINS, JADE SEAL, MEGA WIN, ORIENTAL, SCATTER, WILDS
",,,,"Step into the legendary world of Dragon Fortune, a 5x4 video slot packed with cascading wins and magical multipliers! Trigger the Dragon Fortune Feature to transform Gold Plated symbols into Wilds and unlock Free Spins with increasing multipliers. Land matching symbols across the reels for huge payouts of up to 5,000x your bet! With 2,000 ways to win, every spin holds the chance for a spectacular reward!

踏入《龙之财富》的传奇世界，这是一款 5×4 转轴 的视频老虎机，充满连锁奖励与神奇乘数！触发 龙之财富功能，将镀金符号转化为 Wild，并开启乘数递增的 免费旋转功能。当符号在卷轴上匹配铺满时，即可赢取高达 5,000 倍投注 的丰厚奖励！拥有 2,000 种中奖方式，每一次旋转都可能带来惊喜大奖！","1. Gold Plated symbols on reels 2, 3, and 4 can transform into Wilds for bigger wins!
2. 3 or more Scatter triggers 10 free spins, and each additional Scatter awards 2 extra free spins!
3. Win up to 5,000x your bet in this magical dragon adventure!

1. 出现在 2、3、4 卷轴的镀金符号可转化为 Wild，助你赢取更大奖金！ 
2. 3个或以上 Scatter 可触发 10 次免费旋转，每额外 Scatter 再获 2 次旋转！ 
3. 在这场神奇的龙之冒险中，最高可赢取 5,000 倍的终极大奖！",21.5,45.0,5x4,2000 Win Ways,,✓,,✓,,,,,✓,✓,,,,✓,,https://dragon-fortune-demo.gs6.kingmidasdev.net/?test=1,https://publiccdn.kingdomhall729.com/500x500images/KingMidas/dragon-fortune_500x500_en.jpg,,,https://publiccdn.kingdomhall729.com/Product+Sheet/dragon-fortune_product-brochure_en.pdf,,https://publiccdn.kingdomhall729.com/website/landing/dragon-fortune_landing.zip,https://publiccdn.kingdomhall729.com/website/logo/dragon-fortune_logo.zip,https://publiccdn.kingdomhall729.com/website/banners/dragon-fortune_banners.zip,https://publiccdn.kingdomhall729.com/MarketingAssetsPSD/KingMidas/dragon-fortune_psd.zip,https://publiccdn.kingdomhall729.com/website/video/dragon-fortune_video.zip,,,PENDING,PENDING,PENDING,PENDING,All,GS6,TRUE,FALSE,TRUE,TRUE,FALSE,FALSE,FALSE,FALSE,FALSE,TRUE,TRUE,TRUE,FALSE
KB,241,,Live,2026-06-30,,,,,heavenly-feast-with-wukong,Heavenly Feast with Wu Kong,与悟空的蟠桃盛宴,,งานเลี้ยงสวรรค์กับหวูคง,Ngộ Không: Yến Tiệc Thiên Cung,Pesta Surgawi Dengan Wukong ,오공과 함께하는 천국의 향연,,Festín Celestial con Wu Kong,Banquete Celestial com Wu Kong,Небесный Пир с У Конгом,Wu Kong ile Cennet Ziyafeti,উ কং এর সাথে স্বর্গীয় ভোজ,वू कोंग के साथ स्वर्गीय दावत,,97.01%,2500X,-,2500X,MEDIUM,,22.19%,SLOTS,VIDEO-SLOT,PAYLINES,,," 5 PAYLINES, FEATURED WILD, PEACH, RESPIN, MONKEY KING
",,,,"Monkey King is returning for a Heavenly Feast with Wukong! Watch fortune dance on the 3x3 reels! Trigger the Heavenly Feast Feature to freeze random symbols and respin for the ultimate prize! Fill the reels with matching symbols to unlock a 10x bonus and reach a 2,500x payout worthy of the heavens!

《与悟空的蟠桃盛宴》中，齐天大圣带你共赴仙界盛宴！在 3×3 转轴 上，幸运符号翩翩起舞。触发与悟空的蟠桃盛宴功能后，系统将随机冻结符号并重转其余转轴，助你争取最终大奖。若相同符号填满整个画面，即可触发 10 倍奖励加成，更有机会赢取高达 2,500 倍投注 的仙界丰厚回报！          ","1. Heavenly Feast With Wukong Feature to freeze and respin!
2. Fill all reels with matching symbols to trigger a 10x bonus!
3. Spin and reach the highest payout of 2,500x!

1. 与悟空的蟠桃盛宴功能，冻结符号并触发重转玩法!
2. 全画面相同符号触发 10 倍奖励加成!
3. 最高可赢 2,500 倍投注，每一转都充满仙界惊喜!",17.9,41.9,3x3,5 Paylines,,,✓,,,,,,,✓,,,,✓,,https://heavenly-feast-with-wukong-demo.gs6.kingmidasdev.net/?test=1,https://publiccdn.kingdomhall729.com/500x500images/KingMidas/heavenly-feast-with-wukong_500x500_en.jpg,,,https://publiccdn.kingdomhall729.com/Product+Sheet/heavenly-feast-with-wukong_product-brochure_en.pdf,,https://publiccdn.kingdomhall729.com/website/landing/heavenly-feast-with-wukong_landing.zip,https://publiccdn.kingdomhall729.com/website/logo/heavenly-feast-with-wukong_logo.zip,https://publiccdn.kingdomhall729.com/website/banners/heavenly-feast-with-wukong_banners.zip,https://publiccdn.kingdomhall729.com/MarketingAssetsPSD/KingMidas/heavenly-feast-with-wukong_psd.zip,,,,PENDING,PENDING,PENDING,PENDING,All,GS6,TRUE,FALSE,TRUE,TRUE,FALSE,FALSE,FALSE,FALSE,FALSE,TRUE,TRUE,TRUE,FALSE
KB,240,,Live,2026-06-30,,,,,mega-fortune-ox,Mega Fortune Ox,超级幸运金牛,,เมกะฟอร์จูนอ็อกซ์,Bò Siêu May Mắn,Rejeki Mega Ox,메가 포춘 옥스,,Mega Fortuna del Buey,O Boi da Mega Fortuna,Мега Фортуна Бык,Mega Şans Öküzü,মেগা ফরচুন অক্স,मेगा फॉर्च्यून ऑक्स,,96.98%,2000X,,2000X,MEDIUM,,20.69%,SLOTS,VIDEO-SLOT,PAYLINES,,,"10 PAYLINES, COPPER COIN, INGOT, OX, RED PACKET, RESPIN, WILDS
",,,,"The golden ox awaits in Mega Fortune Ox, a 3x4x3 slot game blessed with 10 lucky paylines. Trigger the Mega Fortune Ox Feature, where the first and third reels sync with the same symbols for bigger win! Fill the reels with matching symbols to unlock a grand reward of up to 2,000x your bet!

《超级幸运金牛》中，金牛降临，为你带来满满好运！这是一款 3×4×3 结构 的老虎机游戏，配备 10 条幸运连线。成功触发 超级幸运金牛功能 后，第 1 轴与第 3 轴 将同步出现相同符号，大幅提升中奖机会。
当相同符号填满转轴画面时，即可解锁最高 2,000 倍投注奖励，每一次旋转都充满惊喜！","1. Watch the reels sync for big wins!
2. Fill the screen and strike 2,000x!
3. Spin on 10 paylines of pure luck!

1. 超级幸运金牛功能，转轴同步，提升中奖机会!
2. 填满画面赢大奖，最高可达 2,000 倍投注!
3. 10 条幸运连线，玩法简单，中奖潜力十足!",14.8,16.9,3x4x3,10 Paylines,,,✓,,,,,,,,,,,✓,,https://mega-fortune-ox-demo.gs6.kingmidasdev.net/?test=1,https://publiccdn.kingdomhall729.com/500x500images/KingMidas/mega-fortune-ox_500x500_en.jpg,,,https://publiccdn.kingdomhall729.com/Product+Sheet/mega-fortune-ox_product-brochure_en.pdf,,https://publiccdn.kingdomhall729.com/website/landing/mega-fortune-ox_landing.zip,https://publiccdn.kingdomhall729.com/website/logo/mega-fortune-ox_logo.zip,https://publiccdn.kingdomhall729.com/website/banners/mega-fortune-ox_banners.zip,https://publiccdn.kingdomhall729.com/MarketingAssetsPSD/KingMidas/mega-fortune-ox_psd.zip,,,,PENDING,PENDING,PENDING,PENDING,All,GS6,TRUE,FALSE,TRUE,TRUE,FALSE,FALSE,FALSE,FALSE,FALSE,TRUE,TRUE,TRUE,FALSE
FXG,239,,Under Development,Pending,,,,,mega-fishing,Mega Fishing 5000,,,,,,,,,,,,,,,,,,,,,,,,,,,,,,,,,,,N.A,,,,,,,,,,,,,,,,,,,,,,,,,,,,,,PENDING,PENDING,PENDING,PENDING,,GS8,FALSE,FALSE,FALSE,FALSE,FALSE,FALSE,FALSE,FALSE,FALSE,FALSE,FALSE,FALSE,FALSE
KM,238,,Live,2026-04-08,2026-04-08,,,,pedas-gila,Spicy Gila,,,,,Pedas Gila,,,,,,,,,,96.99%,10000X,-,10000X,MEDIUM,,36.00%,SLOTS,VIDEO-SLOT,WINWAYS,,,"1024 WIN WAYS, BUY FEATURE, CHILLY, HOLD & SPIN, MULTIPLIER WHEEL, SCATTER, SPICY, WILD
",,,,"Step into Spicy Gila, a fiery 5x4 reel slot with 1,024 ways where bold flavors meet explosive wins! Trigger cascading matches to power up the Multiplier Wheel, while gold symbols transform into Wilds. Land 3 Scatters to unlock Hold & Spin and stack up massive multipliers for sizzling rewards!

踏入《Spicy Gila》的火辣世界，在这款 5x4、拥有 1,024 种获胜方式的老虎机中，体验连击不断的高能玩法！连续消除触发倍数轮盘，金色符号还能转化为百搭。收集 3 个 SCATTER 符号开启锁定旋转，叠加倍数赢取炙热大奖！","1. Land 3 Scatters to trigger the Hold & Spin feature with growing multipliers!
2. Cascading reels and Multiplier Wheel boost wins with every consecutive match!
3. Fill reels and spin bonus wheels to unlock massive multiplier rewards!

1. 集齐3个SCATTER触发锁定旋转，倍数持续提升!
2. 连续胜利累积激活倍数转轮，赢取更多奖励！
3. 填满卷轴启动奖励轮盘，解锁高倍巨额回报！",18.7,22.0,5x4,1024 Win Ways,✓,✓,,✓,,,✓,,✓,✓,,,,,"Tournament, Cash Drop",https://demo8.kingmidasdev.net/games/pedas-gila?test=1,https://publiccdn.kingdomhall729.com/500x500images/KingMidas/spicy-gila_500x500_en.jpg,,,https://publiccdn.kingdomhall729.com/Product+Sheet/spicy-gila_product-brochure_en.pdf,,https://publiccdn.kingdomhall729.com/website/landing/spicy-gila_landing.zip,https://publiccdn.kingdomhall729.com/website/logo/spicy-gila_logo.zip,https://publiccdn.kingdomhall729.com/website/banners/spicy-gila_banners.zip,https://publiccdn.kingdomhall729.com/MarketingAssetsPSD/KingMidas/spicy-gila_psd.zip,,Spicy Gila Slots,Pedas Gila localization (only EN and ID are used),PENDING,PENDING,PENDING,PENDING,All,GS3,TRUE,FALSE,FALSE,FALSE,TRUE,FALSE,FALSE,FALSE,FALSE,FALSE,FALSE,FALSE,FALSE
KB,237,UFA,Live,2026-05-26,,,,2025-03-17,maya-temple-of-fortune,Maya: Temple of Fortune,玛雅：财富之殿,,มายา: วัดแห่งโชค,Maya: Đền Tài Lộc,Maya: Kuil Rejeki        ,마야: 포춘의 사원        ,,Maya: Templo da Fortuna        ,Maya: Templo de la Fortuna        ,Майя: Храм Удачи        ,Maya: Şansın Tapınağı        ,মায়া: ফরচুনের মন্দির	,माया: फॉर्च्यून का मंदिर        ,,96.95%,2400X,-,2400X,LOW,,50.24%,SLOTS,VIDEO-SLOT,PAYLINES,,,"1 PAYLINE, BUY FEATURE, INCREASING MULTIPLIER, MAYA
",,,,"Venture into the mysterious world of Maya: Temple of Fortune, a 1x1 slot with guaranteed chains of wins and multipliers up to x20! Trigger the Maya: Temple of Fortune Feature to enjoy 10–12 consecutive winning rounds. Land winning symbols and watch them cascade for huge payouts while standing a chance to win up to 2,400x your bet in this exciting adventure!

勇闯神秘的《玛雅：财富之殿》，这款 1×1 转轴 老虎机保证连胜，并拥有高达 x20 乘数！触发 玛雅：财富之殿功能，可享受连续 10–12 个获胜回合。符号获胜后会瀑布下落，助你赢取丰厚奖金高达 2,400 倍投注，开启刺激的玛雅冒险！","1. Trigger the Maya Feature for guaranteed 10–12 consecutive wins!
2. Spin for multipliers up to x20 and win up to 2,400x your bet!
3. Instantly trigger the Maya: Temple of Fortune Feature with Buy Feature for 100x your bet!

1. 触发玛雅：财富之殿功能即可连续赢得 10–12 回合的奖励！
2. 旋转赢取高达20倍乘数，奖金最高可达 2,400 倍投注！
3. 通过购买功能以当前投注的100倍立即触发玛雅：财富之殿功能！",23.2,55.2,1x1,1 Payline,✓,,,,,,,,✓,,,,,✓,,https://maya-temple-of-fortune-demo.gs6.kingmidasdev.net/?test=1,https://publiccdn.kingdomhall729.com/500x500images/KingMidas/maya-temple-of-fortune_500x500_en.jpg,,,https://publiccdn.kingdomhall729.com/Product+Sheet/maya-temple-of-fortune_product-brochure_en.pdf,https://publiccdn.kingdomhall729.com/Product+Sheet/maya-temple-of-fortune_product-brochure_cn.pdf,https://publiccdn.kingdomhall729.com/website/landing/maya-temple-of-fortune_landing.zip,https://publiccdn.kingdomhall729.com/website/logo/maya-temple-of-fortune_logo.zip,https://publiccdn.kingdomhall729.com/website/banners/maya-temple-of-fortune_banners.zip,https://publiccdn.kingdomhall729.com/MarketingAssetsPSD/KingMidas/maya-temple-of-fortune_psd.zip,https://publiccdn.kingdomhall729.com/website/video/maya-temple-of-fortune_video.zip,,,PENDING,PENDING,PENDING,PENDING,"All, Except THB",GS6,TRUE,TRUE,TRUE,TRUE,FALSE,FALSE,FALSE,FALSE,FALSE,TRUE,TRUE,TRUE,FALSE
KM,236,"UFA Only, UFA Premium Lobby",Live,2026-04-23,,,,,tides-of-fortune-ufa,Tides of Fortune,,,เกลียวคลื่นแห่งโชคลาภ,,,,,,,,,,,,97.00%,10000X,,10000X,HIGH,No Commission,,SLOTS,VIDEO-SLOT,MATCH-3,,,"1024 WIN WAYS, BUY FEATURE, HOLD & SPIN, MERMAID, MULTIPLIER WHEEL, TREASURE CHEST, SCATTER, WILD
",,,,"Dive beneath the waves where ancient riches await in Tides of Fortune! Navigate the 5x4 reels where mystery multipliers lurk in the deep, ready to amplify your winnings. Scatter symbols attract mermaids from the depths, granting you Free Spins and flooding the reels with endless riches. Feeling bold? Buy your way into the bonus round and let the tides of fortune carry you toward legendary rewards. Every spin is a chance to rule the seas and claim your ocean‑born treasure!","Cascading reels deliver back‑to‑back wins in a single spin!
Incrementing win multipliers in Free Game! 
Trigger Free Spins with Scatters and retrigger for endless treasures!",32.9,40.0,5x4,Cluster Pays,✓,✓,,✓,,✓,,,,,,,,,Free Plays,N.A,https://publiccdn.kingdomhall729.com/500x500images/KingMidas/tides-of-fortune_500x500_en.jpg,,,https://publiccdn.kingdomhall729.com/Product+Sheet/tides-of-fortune_product-brochure_en.pdf,https://publiccdn.kingdomhall729.com/Product+Sheet/tides-of-fortune_product-brochure_cn.pdf,https://publiccdn.kingdomhall729.com/website/landing/tides-of-fortune_landing.zip,https://publiccdn.kingdomhall729.com/website/logo/tides-of-fortune_logo.zip,https://publiccdn.kingdomhall729.com/website/banners/tides-of-fortune_banners.zip,https://publiccdn.kingdomhall729.com/MarketingAssetsPSD/KingMidas/tides-of-fortune_psd.zip,https://publiccdn.kingdomhall729.com/website/video/tides-of-fortune_video.zip,Tides of Fortune Slots,tides-of-fortune,PENDING,PENDING,PENDING,PENDING,THB Only,GS3,TRUE,FALSE,TRUE,FALSE,FALSE,FALSE,FALSE,FALSE,FALSE,FALSE,FALSE,FALSE,FALSE
KM,235,"UFA Only, UFA Premium Lobby",Live,2026-04-23,,,,,cleopatras-treasure-ufa,Cleopatra's Treasure,,,ขุมทรัพย์ คลีโอพัตรา,,,,,,,,,,,,97.00%,5000X,200,5000X,HIGH,No commission,34.01%,SLOTS,MATCH-3,CASCADE,Egypt,Thailand,"200X MULTIPLIER BONUS, BONUS BUY, CASCADING WINS, EGYPT, FREE SPIN, MEGA WIN, SCATTER, WILD
",North America,MENA,"United States of America
United Kingdom
Egypt","Unearth the riches of ancient Egypt with Cleopatra's Treasure! Navigate the 5x4 reels where mystery multipliers lie in wait, ready to amplify your winnings. Scatter symbols unlock the gate to free spins, granting you endless opportunities to claim Cleopatra's coveted treasures. Feeling bold? Buy your way into the free spins bonus and let the sands of time rain down riches upon you. Spin the reels and embrace your destiny as the next ruler of the Nile!","1. 5x4 reel with dynamic Cascading and Spinning Reels mechanics!
2. Take a chance with the 'Buy Free Spin' feature to win amazing prizes!
3. Exciting Mystery Multiplier & Scatter to win up to 5000x payout!",25.9,31.1,5x4,Cluster Pays,✓,✓,,✓,,✓,,,,,,,,,"Free Plays, Tournament, Cash Drop",N.A,https://publiccdn.kingdomhall729.com/500x500images/KingMidas/cleopatras-treasure-ufa_500x500_en.jpg,https://demo7.kingmidasdev.net/games/cleopatras-treasure?currency=USD&test=1,https://dev-slot-support.kmgamesdev.net/cleopatras-treasure/settings,https://publiccdn.kingdomhall729.com/Product+Sheet/cleopatras-treasure_product-brochure_en.pdf,https://publiccdn.kingdomhall729.com/Product+Sheet/cleopatras-treasure_product-brochure_cn.pdf,https://publiccdn.kingdomhall729.com/website/landing/cleopatras-treasure-ufa_landing.zip,https://publiccdn.kingdomhall729.com/website/logo/cleopatras-treasure-ufa_logo.zip,https://publiccdn.kingdomhall729.com/website/banners/cleopatras-treasure-ufa_banners.zip,https://publiccdn.kingdomhall729.com/MarketingAssetsPSD/KingMidas/cleopatras-treasure_psd.zip,https://publiccdn.kingdomhall729.com/website/video/cleopatras-treasure-ufa_video.zip,Cleopatra's Treasure Slots,Table Games Translations Masterlist,PENDING,PENDING,PENDING,PENDING,THB Only,GS3,TRUE,FALSE,TRUE,FALSE,FALSE,FALSE,FALSE,FALSE,FALSE,FALSE,FALSE,FALSE,FALSE
KM,234,"UFA Only, UFA Premium Lobby",Live,2026-04-23,,,,,gold-rush-bonanza-ufa,Gold Rush Bonanza,,,ขุมทองโบนันซ่า,,,,,,,,,,,,97.00%,5000X,100X,5000X,HIGH,,37.17%,SLOTS,VIDEO-SLOT,CASCADE,Western,Myanmar,"100X MULTIPLIER BONUS, BONUS BUY, CASCADING WINS, COWGIRL, FREE SPIN, MEGA WIN
",North America,Latin America,"United States of America
Brazil
Malaysia","Saddle up for a 6x5 Wild West slot adventure! Match 4+ symbols for cascading wins, trigger Free Spins with multiplier diamonds up to 100x, retrigger for even more chances, or buy Free Spins starting with 15 spins. Strike gold and win up to 5,000x your bet!","1. Enjoy a 6x5 reel featuring dynamic cascading and spinning mechanics!
2. Use the 'Buy Free Spin' feature to instantly access amazing prizes!
3. Trigger Free Spins to activate multiplier diamonds that can boost your winnings by up to 100x!",16.7,21.4,6x5,Cluster Pays,✓,✓,,✓,,✓,,,,,,,,,"Free Plays, Cash Drop, Tournament",N.A,https://publiccdn.kingdomhall729.com/500x500images/KingMidas/gold-rush-bonanza-ufa_500x500_en.jpg,https://m13.ns86.kingmakergames.co/games/gold-rush-bonanza?currency=USD&test=1,,https://publiccdn.kingdomhall729.com/Product+Sheet/gold-rush-bonanza_product-brochure_en.pdf,https://publiccdn.kingdomhall729.com/Product+Sheet/gold-rush-bonanza_product-brochure_cn.pdf,https://publiccdn.kingdomhall729.com/website/landing/gold-rush-bonanza-ufa_landing.zip,https://publiccdn.kingdomhall729.com/website/logo/gold-rush-bonanza-ufa_logo.zip,https://publiccdn.kingdomhall729.com/website/banners/gold-rush-bonanza-ufa_banners.zip,https://publiccdn.kingdomhall729.com/MarketingAssetsPSD/KingMidas/gold-rush-bonanza_psd.zip,https://publiccdn.kingdomhall729.com/website/video/gold-rush-bonanza_video.zip,Gold Rush Bonanza (Wild West Slots) GDD,Table Games Translations Masterlist,PENDING,PENDING,PENDING,PENDING,THB Only,GS3,TRUE,FALSE,TRUE,FALSE,FALSE,FALSE,FALSE,FALSE,FALSE,FALSE,FALSE,FALSE,FALSE
KB,233,UFA,Live,2026-02-13,2026-02-11,,,2026-02-13,golden-fortune-horse,Golden Fortune Horse,"黄金
幸运
马","黃金
幸運
馬","ทองคำ
โชคลาภ
ม้า","Ngựa
Vàng
Tài Lộc","Kuda 
Keberuntungan 
Emas","골든
포춘
호스",,"Cavalo
da Fortuna
Dourada","Caballo 
de la Fortuna
Dorada","Золотая 
Лошадь 
Удачи","Altın 
Talih 
Atı","স্বর্ণ
ভাগ্য
ঘোড়া","गोल्डन
फॉर्च्यून
हॉर्स",,97.04%,5000X,,5000X,MEDIUM,,23.93%,SLOTS,VIDEO-SLOT,WINWAYS,,,"243 WIN WAYS, BUY FEATURE, DISCO, FREE SPIN, FEATURED WILD, JACKPOT, MULTIPLIER SYMBOL, SCATTER, WILD
",,,,"Golden Fortune Horse rides onto the reels in a thrilling 5x3 slot adventure! Trigger Free Spins or use Buy Free Spin to dive straight into bonus action. Watch for special symbols that instantly award 1,000x, and spin your way toward a majestic 5,000x payout!
《黄金幸运马》驰骋在5x3的转盘上，带来刺激非凡的旋转体验！触发免费旋转或直接购买免费旋转，立即进入奖励环节。注意特殊符号的出现，可瞬间赢取1000倍，一路旋转冲击至最高5000倍奖励！","1. Free Spins and Buy Free Spin feature for instant bonus play!
2. Special symbols award 1,000x instantly!
3. Chase the ultimate payout of 5,000x your bet!
1. 免费旋转与购买免费旋转功能，即刻进入奖励环节！
2. 特殊符号出现即可赢取1000倍奖励！
3. 冲击最高5000倍奖金，享受豪华财富！",41.0,75.0,5x3,243 Win Ways,✓,✓,,,,,,✓,,✓,,,,✓,"Tournament, Cash Drop",https://golden-fortune-horse-demo.gs6.kingmidasdev.net/?test=1,https://publiccdn.kingdomhall729.com/500x500images/KingMidas/golden-fortune-horse_500x500_en.jpg,,,https://publiccdn.kingdomhall729.com/Product+Sheet/golden-fortune-horse_product-brochure_en.pdf,,https://publiccdn.kingdomhall729.com/website/landing/golden-fortune-horse_landing.zip,https://publiccdn.kingdomhall729.com/website/logo/golden-fortune-horse_logo.zip,https://publiccdn.kingdomhall729.com/website/banners/golden-fortune-horse_banners.zip,https://publiccdn.kingdomhall729.com/MarketingAssetsPSD/KingMidas/golden-fortune-horse_psd.zip,https://publiccdn.kingdomhall729.com/website/video/golden-fortune-horse_video.zip,,,PENDING,PENDING,PENDING,PENDING,All,GS6,TRUE,FALSE,TRUE,TRUE,FALSE,FALSE,FALSE,FALSE,FALSE,TRUE,TRUE,TRUE,FALSE
KM,228,,Integrated,Pending,,,,,instant-four-dice,Four Dice,,,สี่ลูกเต๋า,Tứ Xúc Cược Nhanh,,,,,Cuatro Dados,Четыре кубика,Four Dice,,,,96.85%,6X,,10.8X,MEDIUM,No Commission,,NEXT-GEN,INSTANT,DICE,,,"DICE GAME, INSTANT GAMES, RED DICE, TABLE GAMES, WHITE DICE
",,,,"Fast Action, Instant Wins! Skip the wait and dive straight into the excitement! With four dice and two ways to bet, your results are revealed the moment you bet. Experience lightning-fast gameplay and chase a payout of up to 10.8x your bet. Roll now and win instantly!
快如闪电，一掷千金！ 告别漫长等待，感受极速心跳。四颗骰子，两种策略玩法，下注瞬间即刻揭晓结果！操作简单直接，奖励立等可取，最高可达 10.8倍 强力赔付。现在就来一试手气，体验最纯粹的骰子快感！","1. Get your payout results the second you place your bet!
2. Four dice and two distinct betting modes for double the fun!
3. Scale your winnings and aim for the ultimate 10.8x reward!
1. 下注后结果秒出，奖励瞬间到账！
2. 四颗骰子组合出两种策略模式，双倍快乐！
3. 挑战幸运极限，赢取高达 10.8 倍的丰厚回报！",9.7,14.4,N.A,,,,,,,,,,,,,,,,,https://demo8.kingmidasdev.net/games/instant-four-dice?test=1,https://publiccdn.kingdomhall729.com/500x500images/KingMidas/instant-four-dice_500x500_en.jpg,,,https://publiccdn.kingdomhall729.com/Product+Sheet/instant-four-dice_product-brochure_en.pdf,,https://publiccdn.kingdomhall729.com/website/landing/instant-four-dice_landing.zip,https://publiccdn.kingdomhall729.com/website/logo/instant-four-dice_logo.zip,https://publiccdn.kingdomhall729.com/website/banners/instant-four-dice_banners.zip,https://publiccdn.kingdomhall729.com/MarketingAssetsPSD/KingMidas/instant-four-dice_psd.zip,,VN Instant Games GDD,Table Games Translations Masterlist,PENDING,PENDING,PENDING,PENDING,All,GS3,TRUE,FALSE,TRUE,TRUE,FALSE,FALSE,FALSE,FALSE,TRUE,TRUE,TRUE,FALSE,FALSE
KM,227,,On Hold,Pending,,,,,penalty-shoot-desktop,,,,,,,,,,,,,,,,97.13%,19X,-,19X,LOW,No Commission,,CLASSIC,VIRTUAL,SPORTS,,,,,,,,,4.2,8.8,N.A,,,,,,,,,,,,,,,,,https://demo8.kingmidasdev.net/games/penalty-shoot-desktop?test=1,,,,,,,,,,,,Table Games Translations Masterlist,PENDING,PENDING,PENDING,PENDING,,GS3,FALSE,FALSE,FALSE,FALSE,FALSE,FALSE,FALSE,FALSE,FALSE,FALSE,FALSE,FALSE,FALSE
KM,225,,Integrated,Pending,,,,,instant-plinko,Plinko Rush,,,พลิงโก้ รัช,Cơn Lốc Plinko,,,,,Plinko Rush,Гонка Плинко,Plinko Rush,,,,96.98%,800X,,800X,HIGH,No Commission,,NEXT-GEN,INSTANT,PLINKO,,,"INSTANT GAMES, MULTIPLIER, PLINKO
",,,,Instant Wins at Your Fingertips! Experience the fast-paced thrill of Plinko Rush! One tap is all it takes to trigger instant rewards. Chain your clicks for back-to-back payouts and chase the ultimate 800x multiplier. Your next big win is just a click away!,"1. Experience the simplest, quickest version of Plinko ever made!
2. Chain your clicks to trigger an avalanche of instant payouts!
3. Win up to 800x your bet in a flash!",10.0,22.1,N.A,,,,,,,,,,,,,,,,,https://demo8.kingmidasdev.net/games/instant-plinko?test=1,https://publiccdn.kingdomhall729.com/500x500images/KingMidas/instant-plinko-rush_500x500_en.jpg,,,https://publiccdn.kingdomhall729.com/Product+Sheet/instant-plinko-rush_product-brochure_en.pdf,,https://publiccdn.kingdomhall729.com/website/landing/instant-plinko-rush_landing.zip,https://publiccdn.kingdomhall729.com/website/logo/instant-plinko-rush_logo.zip,https://publiccdn.kingdomhall729.com/website/banners/instant-plinko-rush_banners.zip,https://publiccdn.kingdomhall729.com/MarketingAssetsPSD/KingMidas/instant-plinko-rush_psd.zip,,VN Instant Games GDD,Table Games Translations Masterlist,PENDING,PENDING,PENDING,PENDING,All,GS3,TRUE,FALSE,TRUE,TRUE,FALSE,FALSE,FALSE,FALSE,TRUE,TRUE,TRUE,FALSE,FALSE
KM,224,UFA,Live,2026-04-22,2026-03-11,,,,tides-of-fortune,Tides of Fortune,财富浪潮,,"เกลียวคลื่นแห่งโชคลาภ
",Tides of Fortune,Tides of Fortune,,,Tides of Fortune,Tides of Fortune,Tides of Fortune,Tides of Fortune,,,,97.00%,10000X,,10000X,HIGH,No Commission,33.07%,SLOTS,VIDEO-SLOT,MATCH-3,,,"1024 WIN WAYS, BUY FEATURE, HOLD & SPIN, MERMAID, MULTIPLIER WHEEL, TREASURE CHEST, SCATTER, WILD
",,,,"Dive into the deep and chase hidden riches in Tides of Fortune! Spin the 5x4 reels and uncover mystery multipliers that boost your wins. Land Scatter symbols to summon mermaids and trigger Free Spins. Buy the bonus and let the waves lift your rewards. Every spin pulls you closer to 10000X ocean treasures!
潜入深海，寻找被浪潮掩埋的宝藏！转动5x4转轴，触发神秘倍数提升赢奖。收集散布符号即可召唤美人鱼，开启免费旋转！也可直接购买奖励回合，让幸运浪潮推你走向10000倍丰厚回报！","Cascading reels deliver back‑to‑back wins in a single spin!
Incrementing win multipliers in Free Game! 
Trigger Free Spins with Scatters and retrigger for endless treasures!

5x4转轴设计，每轮都有机会触发神秘倍数！
散布符号触发免费旋转，提升整体赢奖！
支持直接购买奖励回合，快速冲击高回报！",32.9,40.0,5x4,Cluster Pays,✓,✓,,✓,,✓,,,,,,,,,Free Plays,https://demo8.kingmidasdev.net/games/tides-of-fortune?test=1&currency=EUR,https://publiccdn.kingdomhall729.com/500x500images/KingMidas/tides-of-fortune_500x500_en.jpg,,,https://publiccdn.kingdomhall729.com/Product+Sheet/tides-of-fortune_product-brochure_en.pdf,https://publiccdn.kingdomhall729.com/Product+Sheet/tides-of-fortune_product-brochure_cn.pdf,https://publiccdn.kingdomhall729.com/website/landing/tides-of-fortune_landing.zip,https://publiccdn.kingdomhall729.com/website/logo/tides-of-fortune_logo.zip,https://publiccdn.kingdomhall729.com/website/banners/tides-of-fortune_banners.zip,https://publiccdn.kingdomhall729.com/MarketingAssetsPSD/KingMidas/tides-of-fortune_psd.zip,https://publiccdn.kingdomhall729.com/website/video/tides-of-fortune_video.zip,Tides of Fortune Slots,tides-of-fortune,PENDING,PENDING,PENDING,PENDING,"All, Except THB",GS3,TRUE,TRUE,TRUE,TRUE,TRUE,FALSE,FALSE,TRUE,TRUE,TRUE,TRUE,FALSE,FALSE
KM,223,"UFA Only, UFA Premium Lobby",Live,2026-04-22,2025-12-17,N.A,N.A,N.A,flame-of-fortune-ufa,Flame of Fortune,,," 
 	
เปลวไฟแห่งโชคลาภ",,,,,,,,,,,,96.99%,10000X,-,10000X,MEDIUM,,32.00%,SLOTS,VIDEO-SLOT,WINWAYS,,,"1024 WIN WAYS, BUY FEATURE, HOLD & SPIN, LOTUS, MULTIPLIER WHEEL, NEZHA, PEACH, SCATTER, WILD
",,,,"Your legend awaits in Flame of Fortune! Feel the power of cascading reels, where every win triggers consecutive wins and ignites the Multiplier Wheel for ever-growing rewards. Watch as gold-plated symbols transform into Wilds, forging your path to victory. Land 3 Scatters to unlock the Hold & Spin Feature and fill the reels to unleash powerful multipliers and legendary wins. With 1,024 ways to win, every spin is a chance to claim your legend!","Gold symbols turn into Wilds for stronger hits!
Hold and Spin Feature with powerful multipliers!
1,024 ways to win with every spin!",22.1,28.5,5x4,1024 Win Ways,✓,✓,,✓,,,✓,,✓,✓,,,,,"Free Plays, Tournament, Cash Drop",N.A,https://publiccdn.kingdomhall729.com/500x500images/KingMidas/flame-of-fortune_500x500_en.jpg,https://publiccdn.kingdomhall729.com/Product+Sheet/flame-of-fortune_product-brochure_en.pdf,https://publiccdn.kingdomhall729.com/website/landing/flame-of-fortune_landing.zip,https://publiccdn.kingdomhall729.com/Product+Sheet/flame-of-fortune_product-brochure_en.pdf,https://publiccdn.kingdomhall729.com/Product+Sheet/flame-of-fortune_product-brochure_cn.pdf,https://publiccdn.kingdomhall729.com/website/landing/flame-of-fortune_landing.zip,https://publiccdn.kingdomhall729.com/website/logo/flame-of-fortune_logo.zip,https://publiccdn.kingdomhall729.com/Zip_masterGames/KingMidas/flame-of-fortune_assets.zip,https://publiccdn.kingdomhall729.com/MarketingAssetsPSD/KingMidas/flame-of-fortune_psd.zip,https://publiccdn.kingdomhall729.com/website/video/flame-of-fortune_video.zip,,,PENDING,PENDING,PENDING,PENDING,THB Only,GS3,TRUE,FALSE,TRUE,FALSE,FALSE,FALSE,FALSE,FALSE,FALSE,FALSE,FALSE,FALSE,FALSE
KM,222,,Integrated,Pending,2026-04-29,N.A,N.A,2026-04-29,coin-rush-deluxe,Coin Rush Deluxe,,,คอยน์ รัช ดีลักซ์,Coin Rush Deluxe,,,,,Coin Rush Deluxe,Coin Rush Deluxe,Coin Rush Deluxe,কয়েন রাশ ডিলাক্স,कॉइन रश डीलक्स,,97.24%,977X,9741X,9752X,HIGH,No Commission,,NEXT-GEN,INSTANT,CASUAL,,,"COIN TOSS, WHEEL BONUS, INCREASING MULTIPLIER, TABLE GAMES
",,,,"Feeling lucky? In Coin Rush Deluxe, bet on Heads or Tails to build your multiplier with each correct guess. The further you go, the bigger the wins. But don’t forget to cash out before the next flip to secure your rewards. Push your luck for a chance to win up to 9752x!

想试试手气吗？在《Coin Rush Deluxe》 中，通过投注“正面”或“反面”来累积您的奖金倍数。每猜对一次，奖金就会随之翻倍！走得越远，赢回的奖金就越丰厚。别忘了在下一次翻转前及时提现，锁定您的胜利果实。挑战极限，最高可赢取 9752 倍巨奖！","1. A fresh instant-game twist on the classic Coin Toss.
2. Flip the coin, chase the multiplier, and win up to 9752x!

1. 经典硬币投掷游戏的全新玩法。
2. 翻转硬币，追逐倍数，最高赢取 9752 倍大奖！",17.9,25.4,N.A,,,,,,,,,,,,,,,,,https://demo8.kingmidasdev.net/games/coin-rush-deluxe?test=1,https://publiccdn.kingdomhall729.com/500x500images/KingMidas/coin-rush-deluxe_500x500_en.jpg,,,https://publiccdn.kingdomhall729.com/Product+Sheet/coin-rush-deluxe_product-brochure_en.pdf,,https://publiccdn.kingdomhall729.com/website/landing/coin-rush-deluxe_landing.zip,https://publiccdn.kingdomhall729.com/website/logo/coin-rush-deluxe_logo.zip,https://publiccdn.kingdomhall729.com/website/banners/coin-rush-deluxe_banners.zip,https://publiccdn.kingdomhall729.com/MarketingAssetsPSD/KingMidas/coin-rush-deluxe_psd.zip,,GDD - Coin Rush Deluxe,Table Games Translations Masterlist,PENDING,PENDING,PENDING,PENDING,All,GS2,TRUE,FALSE,TRUE,TRUE,FALSE,FALSE,FALSE,FALSE,TRUE,TRUE,TRUE,TRUE,TRUE
KM,221,BetrupiOnly,Live,2025-12-11,2025-11-26,N.A,N.A,N.A,gems-of-betrupi,Gems Of Betrupi,,,,,,,,,,,,,,,97.00%,5000X,-,5000X,HIGH,No Commission,27.10%,SLOTS,MATCH-3,CASCADE,"Step into the sacred chambers of Valhalla, where a treasure trove of gems awaits your discovery. Match 4 or more symbols to unlock exciting rewards. Look out for scatter symbols to trigger bonus spins that reveal random gem types. Want to boost your earnings? Buy the free spin feature and increase your chances of winning big. ","1. Match symbols combination to win varies reward! 
2. Collect 3 Scatters for free spin. More Scatters for bigger multiplier bonus!
3. Take a chance with the 'Buy Free Spin' feature to win fantastic prizes!
4. Exciting bonus multipliers to win up to 5000x payout!","BONUS BUY, CASCADING WIN, FULL CLEAR, FREE SPIN, MEGA WIN, SCATTER, SPECIAL SYMBOL, VIKING
",,,,"Step into the sacred chambers of Valhalla, where a treasure trove of gems awaits your discovery. Match 4 or more symbols to unlock exciting rewards. Look out for scatter symbols to trigger bonus spins that reveal random gem types. Want to boost your earnings? Buy the free spin feature and increase your chances of winning big. ","1. Match symbols combination to win varies reward! 
2. Collect 3 Scatters for free spin. More Scatters for bigger multiplier bonus!
3. Take a chance with the 'Buy Free Spin' feature to win fantastic prizes!
4. Exciting bonus multipliers to win up to 5000x payout!",21.9,26.2,6x6,Cluster Pays,✓,✓,,,,,,,,,,,,,,N.A,N.A,,,N.A,N.A,N.A,N.A,N.A,N.A,N.A,,,PENDING,PENDING,PENDING,PENDING,All,GS3,TRUE,FALSE,FALSE,FALSE,FALSE,FALSE,FALSE,FALSE,FALSE,FALSE,FALSE,FALSE,FALSE
KM,220,GettobetOnly,Live,2025-12-11,2025-11-26,N.A,N.A,N.A,gems-of-gettobet,Gems Of Gettobet,,,,,,,,,,,,,,,97.00%,5000X,-,5000X,HIGH,No Commission,27.10%,SLOTS,MATCH-3,CASCADE,"Step into the sacred chambers of Valhalla, where a treasure trove of gems awaits your discovery. Match 4 or more symbols to unlock exciting rewards. Look out for scatter symbols to trigger bonus spins that reveal random gem types. Want to boost your earnings? Buy the free spin feature and increase your chances of winning big. ","1. Match symbols combination to win varies reward! 
2. Collect 3 Scatters for free spin. More Scatters for bigger multiplier bonus!
3. Take a chance with the 'Buy Free Spin' feature to win fantastic prizes!
4. Exciting bonus multipliers to win up to 5000x payout!","BONUS BUY, CASCADING WIN, FULL CLEAR, FREE SPIN, MEGA WIN, SCATTER, SPECIAL SYMBOL, VIKING
",,,,"Step into the sacred chambers of Valhalla, where a treasure trove of gems awaits your discovery. Match 4 or more symbols to unlock exciting rewards. Look out for scatter symbols to trigger bonus spins that reveal random gem types. Want to boost your earnings? Buy the free spin feature and increase your chances of winning big. ","1. Match symbols combination to win varies reward! 
2. Collect 3 Scatters for free spin. More Scatters for bigger multiplier bonus!
3. Take a chance with the 'Buy Free Spin' feature to win fantastic prizes!
4. Exciting bonus multipliers to win up to 5000x payout!",22.0,26.3,6x6,Cluster Pays,✓,✓,,,,,,,,,,,,,,N.A,N.A,,,N.A,N.A,N.A,N.A,N.A,N.A,N.A,,,PENDING,PENDING,PENDING,PENDING,All,GS3,TRUE,FALSE,FALSE,FALSE,FALSE,FALSE,FALSE,FALSE,FALSE,FALSE,FALSE,FALSE,FALSE
KB,219,"UFA Only, UFA Premium Lobby",On Hold,Pending,2025-07-30,N.A,N.A,-,cleo-cleopatra-ufa,Cleopatra’s Fortune Ways,,,เส้นทางโชคลาภแห่งคลีโอพัตรา,,,,,,,,,,,,96.95%,5000X,,5000X,MEDIUM,,28.97%,SLOTS,VIDEO-SLOT,CASCADE,Egypt,,"2000 WINWAYS, BONUS BUY, CASCADING WINS, FREE SPINS, MEGA WIN, SCATTER, WILDS
",North America,Europe,"United Kingdom
United States of America
Egypt","Indulge in the mystique of Cleopatra’s Fortune Ways. This 5x4 reel slot offers up to 2,000 win ways with cascading symbols for non-stop chances to win. Gold-plated symbols light up the reels and transform into Wilds for even bigger rewards. Land 3 or more Scatters to unlock 10 Free Spins or more. During Free Spins, each win boosts your multiplier up to x10! Riches, royalty, and endless excitement await in Cleopatra’s Fortune Ways.
穿越时空的黄金邀约！在《克利奥帕特拉的财富之路》的5x4古老卷轴中藏有2000条获胜路径，每次消除都将带来新的财富契机。当三枚埃及艳后头像同时出现，神秘的力量将为您开启10次神圣旋转——每一次胜利都让倍率如金字塔般层层叠加，直冲10倍巅峰！在这片黄金与神秘交织的国度，最高5000倍的终极财富正等待着真正的冒险者。此刻启程，让艳后的祝福指引您走向无限荣光！","1. Golden symbols transform into Wilds for bigger rewards!
2. Cascading Symbols create back-to-back win opportunities in a single spin!
3. Win up to 10 Free Spins or more, with multipliers rising as high as 10x!
1. 特定符号蜕变为百搭图腾，瞬间激活多重赢线！
2. 获胜符号自动爆破，新符号连环坠落，单局触发多重收益！
3. 收集3枚Scatters即刻开启10+次旋转，每局胜利使倍率疯狂攀升至10倍封顶！",N.A,N.A,5x4,2000 Win Ways,,✓,,✓,,,,,✓,✓,,,,✓,,https://cleopatras-fortune-ways-demo.gs6.kingmidasdev.net/?test=1&ui_set=ufa_premium&lang=en,https://publiccdn.kingdomhall729.com/500x500images/KingMidas/cleopatras-fortune-ways_500x500_en.jpg,,,https://publiccdn.kingdomhall729.com/Product+Sheet/cleopatras-fortune-ways_product-brochure_en.pdf,https://publiccdn.kingdomhall729.com/Product+Sheet/cleopatras-fortune-ways_product-brochure_cn.pdf,https://publiccdn.kingdomhall729.com/website/landing/cleopatras-fortune-ways_landing.zip,https://publiccdn.kingdomhall729.com/website/logo/cleopatras-fortune-ways_logo.zip,https://publiccdn.kingdomhall729.com/website/banners/cleopatras-fortune-ways_banners.zip,https://publiccdn.kingdomhall729.com/MarketingAssetsPSD/KingMidas/cleopatras-fortune-ways_psd.zip,,,,PENDING,PENDING,PENDING,PENDING,THB Only,GS6,TRUE,FALSE,TRUE,FALSE,FALSE,FALSE,FALSE,FALSE,FALSE,FALSE,FALSE,FALSE,FALSE
KB,218,"UFA Only, UFA Premium Lobby",On Hold,Pending,,N.A,N.A,N.A,lucky-tiger-ufa,Lucky Tiger,,,เสือโชคดี,,,,,,,,,,,,97.01%,2500X,-,2500X,MEDIUM,,22.19%,SLOTS,VIDEO-SLOT,PAYLINES,,," 5 PAYLINES, FEATURED WILD, ORIENTAL, RED, RESPIN, TIGER
",,,,"Get ready to roar with Lucky Tiger, a classic 3x3 slot with 5 paylines and wild surprises! Watch for the random x10 symbol that can supercharge your payouts instantly. Trigger the Lucky Tiger Mode for mega wins, with the highest payout reaching up to 2,500x. Simple to play, thrilling to spin — your luck might just strike with the tiger’s roar!
《幸运虎》经典3x3老虎机，五条赢线引爆野性惊喜！每一次旋转都可能触发神秘虎之力，让普通符号化身黄金奖励！随机出现的10倍符号随时点燃您的奖励，瞬间激活幸运虎模式冲击终极2,500倍巨额大奖！玩法简单却充满刺激，虎啸之时，即是幸运降临之际！","1. Random x10 symbol can appear to boost payouts in an instant!
2. Lucky Tiger Mode gives higher chances to land mega wins!
3. Maximum payout reaches up to 2,500x your bet!

1. 随机10倍符号随时空降，瞬间引爆奖励！
2. 幸运虎模式开启暴击状态，巨奖命中率飙升！
3. 2,500倍封顶大奖！野性咆哮，财富觉醒！",N.A,N.A,3x3,5 Paylines,,,✓,,,,,,,✓,,,,✓,,https://lucky-tiger-demo.gs6.kingmidasdev.net/?test=1&ui_set=ufa_premium&lang=en,https://publiccdn.kingdomhall729.com/500x500images/KingMidas/lucky-tiger_500x500_en.jpg,,,https://publiccdn.kingdomhall729.com/Product+Sheet/lucky-tiger_product-brochure_en.pdf,https://publiccdn.kingdomhall729.com/Product+Sheet/lucky-tiger_product-brochure_cn.pdf,https://publiccdn.kingdomhall729.com/website/landing/lucky-tiger_landing.zip,https://publiccdn.kingdomhall729.com/website/logo/lucky-tiger_logo.zip,https://publiccdn.kingdomhall729.com/website/banners/lucky-tiger_banners.zip,https://publiccdn.kingdomhall729.com/MarketingAssetsPSD/KingMidas/lucky-tiger_psd.zip,https://publiccdn.kingdomhall729.com/website/video/lucky-tiger_video.zip,,,PENDING,PENDING,PENDING,PENDING,THB Only,GS6,TRUE,FALSE,TRUE,FALSE,FALSE,FALSE,FALSE,FALSE,FALSE,FALSE,FALSE,FALSE,FALSE
KB,217,"UFA Only, UFA Premium Lobby",On Hold,Pending,,N.A,N.A,N.A,bg-bunny-girl-ufa,Bunny VIP Night,,,ค่ำคืนวีไอพีกระต่าย,,,,,,,,,,,,96.95%,15000X,,15000X,HIGH,,27.94%,SLOTS,VIDEO-SLOT,SCATTER PAYS,United States of America,,"1000 WINWAYS, BONUS BUY, CASCADING WINS, FREE SPINS, MEGA WIN, SCATTER, WILDS
",North America,Europe,"United Kingdom
United States of America
","Enter the club of Bunny VIP Night, a glamorous 6x5 reel slot where symbols pay anywhere on the screen! Land 4 or more Scatters to unlock 15 Free Spins with a stacking multiplier that grows with each win. Look out for random multiplier symbols up to 1,000x, and chase the grand prize of up to 15,000x!  Spin fast, win big, and enjoy a night of VIP rewards!
欢迎来到《兔子 VIP 夜晚》！在这闪耀着霓虹灯光的6x5豪华转盘上，只要任意位置出现8个相同符号即可赢得奖励！收集4个黄金盾牌或更多，立即解锁15次免费旋转——每次获胜都能叠加倍率，让奖金不断飙升！更有机遇触发最高1000倍的随机倍率符号，向终极15000倍大奖发起冲击！在霓虹闪耀的舞池中央，每一次旋转都可能带来意想不到的奢华回报，快加入这场星光熠熠的赢奖派对，让幸运与狂欢彻夜不停！","1. Unlock 15 Free Spins with growing multipliers!
2.Random Multiplier Symbols up to 1,000x for massive payouts!
3. Buy Free Spins instantly for 100x your bet and jump into action!
1. 15次免费旋转，倍率越滚越高！
2. 神秘倍率符号随机降临，最高狂翻1000倍！
3. 一键豪掷100倍注金，立即开启免费旋转狂欢！",N.A,N.A,6x5,Scatter Pays,✓,✓,,✓,,,,✓,,,,,,✓,,https://bunny-vip-night-demo.gs6.kingmidasdev.net/?test=1&ui_set=ufa_premium&lang=en,https://publiccdn.kingdomhall729.com/500x500images/KingMidas/bunny-vip-night_500x500_en.jpg,,,https://publiccdn.kingdomhall729.com/Product+Sheet/bunny-vip-night_product-brochure_en.pdf,https://publiccdn.kingdomhall729.com/Product+Sheet/bunny-vip-night_product-brochure_cn.pdf,https://publiccdn.kingdomhall729.com/website/landing/bunny-vip-night_landing.zip,https://publiccdn.kingdomhall729.com/website/logo/bunny-vip-night_logo.zip,https://publiccdn.kingdomhall729.com/website/banners/bunny-vip-night_banners.zip,https://publiccdn.kingdomhall729.com/MarketingAssetsPSD/KingMidas/bunny-vip-night_psd.zip,https://publiccdn.kingdomhall729.com/website/video/bunny-vip-night_video.zip,,,PENDING,PENDING,PENDING,PENDING,THB Only,GS6,TRUE,FALSE,TRUE,FALSE,FALSE,FALSE,FALSE,FALSE,FALSE,FALSE,FALSE,FALSE,FALSE
KB,216,"UFA Only, UFA Premium Lobby",Live,2026-05-21,,N.A,N.A,,sugar-candy-bonanza-ufa,Sugar Candy Bonanza,,,ซูการ์ แคนดี้ โบนันซ่า,,,,,,,,,,,,96.92%,15000X,-,15000X,HIGH,,27.93%,SLOTS,VIDEO-SLOT,SCATTER PAYS,,,"BUY FEATURE, CANDY, FREE SPIN, MULTIPLIER SYMBOL, RETRIGGER, SWEET, SCATTER PAYS, SONGKRAN SPECIAL EDITION
",,,,"Dive into Sugar Candy Bonanza, a 6x5 candy world slot where sweet clusters bring nonstop wins! Land 4 scatters to trigger 15 free spins, and retrigger 5 more free spins with 3 or more scatters for nonstop fun. Chase up to 15000x payout in this sugar rush adventure!
《糖果狂欢》甜蜜开启！6x5糖果世界，缤纷组合引爆无限胜利！收集4个Scatter符号即可触发15次免费旋转，更能在免费旋转中凭借3+个Scatter符号重复激活额外5次旋转，让甜蜜风暴永不停歇！最高可赢得15000倍投注额的梦幻奖励，这场甜蜜冒险等你来嗨！","1. 4 scatters trigger 15 free spins with nonstop winning chances!
2. 3 or more scatters during free spins award 5 extra free spins!
3. Maximum payout reaches up to 15000x your bet!

1. 4个Scatter符号瞬间激活15次免费旋转，甜蜜连赢永不停歇！
2. 免费旋转中3+个Scatter符号立即追加5次免费旋转，狂欢无限续杯！
3. 15000倍终极巨奖让您的投注金额甜到发烫！

",N.A,N.A,6x5,Scatter Pays,✓,✓,,✓,,,,✓,,,,,,✓,"Tournament, Cash Drop",https://sugar-candy-bonanza-demo.gs6.kingmidasdev.net/?test=1&ui_set=ufa_premium&lang=en,https://publiccdn.kingdomhall729.com/500x500images/KingMidas/sugar-candy-bonanza_500x500_en.jpg,,,https://publiccdn.kingdomhall729.com/Product+Sheet/sugar-candy-bonanza_product-brochure_en.pdf,https://publiccdn.kingdomhall729.com/Product+Sheet/sugar-candy-bonanza_product-brochure_cn.pdf,https://publiccdn.kingdomhall729.com/website/landing/sugar-candy-bonanza_landing.zip,https://publiccdn.kingdomhall729.com/website/logo/sugar-candy-bonanza_logo.zip,https://publiccdn.kingdomhall729.com/website/banners/sugar-candy-bonanza_banners.zip,https://publiccdn.kingdomhall729.com/MarketingAssetsPSD/KingMidas/sugar-candy-bonanza_psd.zip,https://publiccdn.kingdomhall729.com/website/video/sugar-candy-bonanza_video.zip,,,PENDING,PENDING,PENDING,PENDING,THB Only,GS6,TRUE,FALSE,TRUE,FALSE,FALSE,FALSE,FALSE,FALSE,FALSE,FALSE,FALSE,FALSE,FALSE
KB,215,UFA,Live,2026-05-26,,,,2025-03-17,wild-witch-sugar-bonanza,Wild Witch Sugar Bonanza,狂野女巫的糖宴狂欢,,แม่มดป่าแห่งความหวาน โบนันซ่า,Phù Thủy Kẹo Ngọt,Bonanza Gula Penyihir Liar,와일드 위치 슈가 보난자,,Bonanza de Azúcar de la Bruja Salvaje,Bonança Açucarada da Bruxa Selvagem,Дикая Ведьма Сахарная Бонанза,Vahşi Cadı Şeker Bonanzası,ওয়াইল্ড উইচ সুগার বোনান্জা,वाइल्ड विच शुगर बोनान्ज़ा ,,97.01%,2500X,,2500X,MEDIUM,,22.19%,SLOTS,VIDEO-SLOT,PAYLINES,,," 5 PAYLINES, CANDY, FEATURED WILD, RED, RESPIN, WITCH
",,,,"Dare to enter the mystical kitchen of Wild Witch Sugar Bonanza, a 3x3 slot filled with sweet magic? Wild Witch Sugar Bonanza Feature can be randomly triggered to freeze and respin for bigger wins! Fill the screen with matching symbols to unlock a 10x bonus and stir up the ultimate reward of 2,500x your bet!

勇敢踏入《狂野女巫的糖宴狂欢》的神秘厨房吧！这是一款 3×3 结构 的老虎机游戏，充满甜蜜魔法与惊喜。当随机触发 狂野女巫的糖宴狂欢功能 时，女巫将施展魔法，冻结符号并进行重转，助你争取更高奖励。
若相同符号铺满整个画面，即可触发 10 倍奖励加成，并有机会赢得高达 2,500 倍投注 的终极大奖！","1. Witch casting her spell to freeze symbols for a magical respin!
2. Full-screen matches brew a 10x sweet surprise!
3. Win up to 2,500x your bet in this enchanting sugar-filled adventure!

1. 女巫施法冻结符号，触发神秘重转玩法!
2. 全画面中奖触发 10 倍奖励加成!
3. 最高可赢 2,500 倍投注，甜蜜又刺激的魔法冒险!",13.9,37.5,3x3,5 Paylines,,,✓,,,,,,,✓,,,,✓,,https://wild-witch-sugar-bonanza-demo.gs6.kingmidasdev.net/?test=1,https://publiccdn.kingdomhall729.com/500x500images/KingMidas/wild-witch-sugar-bonanza_500x500_en.jpg,,,https://publiccdn.kingdomhall729.com/Product+Sheet/wild-witch-sugar-bonanza_product-brochure_en.pdf,https://publiccdn.kingdomhall729.com/Product+Sheet/wild-witch-sugar-bonanza_product-brochure_cn.pdf,https://publiccdn.kingdomhall729.com/website/landing/wild-witch-sugar-bonanza_landing.zip,https://publiccdn.kingdomhall729.com/website/logo/wild-witch-sugar-bonanza_logo.zip,https://publiccdn.kingdomhall729.com/website/banners/wild-witch-sugar-bonanza_banners.zip,https://publiccdn.kingdomhall729.com/MarketingAssetsPSD/KingMidas/wild-witch-sugar-bonanza_psd.zip,https://publiccdn.kingdomhall729.com/website/video/wild-witch-sugar-bonanza_video.zip,,,PENDING,PENDING,PENDING,PENDING,"All, Except THB",GS6,TRUE,TRUE,TRUE,TRUE,FALSE,FALSE,FALSE,FALSE,FALSE,TRUE,TRUE,TRUE,FALSE
KB,214,UFA,Live,2026-05-26,,,,2025-03-17,tomyum-bonanza,Tomyum Bonanza,冬阴功狂欢,,ต้มยำโบนันซ่า,Tuyệt Đỉnh Tomyum,Tomyum Bonanza,똠얌 보난자,,Tomyum Bonanza,Tomyum Bonanza,Томям Бонанза,Tom Yam Bonanzası,টমইয়াম বনানজা,टॉमयम बोनांजा,,97.01%,2500X,-,2500X,MEDIUM,,22.19%,SLOTS,VIDEO-SLOT,PAYLINES,,," 5 PAYLINES, FEATURED WILD, RED, RESPIN, THAI DELICACIES
",,,,"Taste the heat of Thailand in Tomyum Bonanza, a spicy 3x3 slot filled with sizzling wins! Trigger the Tomyum Bonanza Feature to freeze random symbols and respin the rest for bigger rewards. Fill the screen with matching symbols to unlock a 10x bonus and stir up the ultimate 2,500x payout!

感受泰国热辣风味的《冬阴功狂欢》，这款 3×3 转轴 老虎机充满火热奖金！触发 冬阴功狂欢功能 可随机冻结符号并重新旋转其余卷轴，助你赢取更丰厚奖励。铺满整个屏幕的匹配符号将触发 10 倍奖金，轻松掀起最高 2,500 倍投注 的终极奖励！","1. Randomly triggered feature freezes symbols and respins for higher wins!
2. Full screen of matching symbols awards a 10x bonus!
3. Max payout up to 2,500x your bet!

1. 随机冻结符号并重新旋转，赢取更高奖金！
2. 铺满屏幕的符号可触发 10 倍奖金！
3. 最高奖励可高达 2,500 倍投注！",19.9,48.1,3x3,5 Paylines,,,✓,,,,,,,✓,,,,✓,,https://tomyum-bonanza-demo.gs6.kingmidasdev.net/?test=1,https://publiccdn.kingdomhall729.com/500x500images/KingMidas/tomyum-bonanza_500x500_en.jpg,,,https://publiccdn.kingdomhall729.com/Product+Sheet/tomyum-bonanza_product-brochure_en.pdf,https://publiccdn.kingdomhall729.com/Product+Sheet/tomyum-bonanza_product-brochure_cn.pdf,https://publiccdn.kingdomhall729.com/website/landing/tomyum-bonanza_landing.zip,https://publiccdn.kingdomhall729.com/website/logo/tomyum-bonanza_logo.zip,https://publiccdn.kingdomhall729.com/website/banners/tomyum-bonanza_banners.zip,https://publiccdn.kingdomhall729.com/MarketingAssetsPSD/KingMidas/tomyum-bonanza_psd.zip,https://publiccdn.kingdomhall729.com/website/video/tomyum-bonanza_video.zip,,,PENDING,PENDING,PENDING,PENDING,"All, Except THB",GS6,TRUE,TRUE,TRUE,TRUE,FALSE,FALSE,FALSE,FALSE,FALSE,TRUE,TRUE,TRUE,FALSE
KB,213,UFA,Live,2026-06-30,,,,2025-03-17,sushi-rush,Sushi Rush,寿司极速,,ซูชิเร่งรัด,Bùng Nổ Sushi,Sushi Rush,초밥 급행,,Sushi Rush,Sushi Rush,Суши Раш,Suşi Telaşı,সুশি রাশ,सुषी रश,,97.01%,2500X,-,2500X,MEDIUM,,22.19%,SLOTS,VIDEO-SLOT,PAYLINES,,," 5 PAYLINES, FEATURED WILD, RED, RESPIN, SUSHI
",,,,"Sushi Rush serves up a 3x3 slot table packed with delicious wins! Trigger the Sushi Rush Feature to freeze random symbols and respin the rest for bigger win! Land a full screen of matching sushi to enjoy a 10x boost and bite into payouts up to 2,500x your bet! Spin the reels and feast on your fortune!

《寿司极速》为你呈上一场美味又刺激的旋转盛宴！这是一款 3×3 结构 的老虎机游戏，充满丰盛奖励。当成功触发 寿司极速功能 时，系统将随机冻结符号，其余转轴进行重转，帮助你争取更高中奖机会。
若相同寿司符号铺满整个画面，即可获得 10 倍奖励加成，并有机会赢得高达 2,500 倍投注 的丰厚回报！","1. Trigger Sushi Rush Feature to freeze a random symbol for respins!
2. Matching symbols across the full screen can win up to 10x!
3. Chase the ultimate payout of 2,500x!

1. 寿司极速功能，随机冻结符号并触发重转玩法!
2. 全画面相同符号可触发最高 10 倍奖励加成!
3. 最高可赢 2,500 倍投注，每一转都充满惊喜!",16.7,39.5,3x3,5 Paylines,,,✓,,,,,,,✓,,,,✓,,https://sushi-rush-demo.gs6.kingmidasdev.net/?test=1,https://publiccdn.kingdomhall729.com/500x500images/KingMidas/sushi-rush_500x500_en.jpg,,,https://publiccdn.kingdomhall729.com/Product+Sheet/sushi-rush_product-brochure_en.pdf,https://publiccdn.kingdomhall729.com/Product+Sheet/sushi-rush_product-brochure_cn.pdf,https://publiccdn.kingdomhall729.com/website/landing/sushi-rush_landing.zip,https://publiccdn.kingdomhall729.com/website/logo/sushi-rush_logo.zip,https://publiccdn.kingdomhall729.com/website/banners/sushi-rush_banners.zip,https://publiccdn.kingdomhall729.com/MarketingAssetsPSD/KingMidas/sushi-rush_psd.zip,https://publiccdn.kingdomhall729.com/website/video/sushi-rush_video.zip,,,PENDING,PENDING,PENDING,PENDING,"All, Except THB",GS6,TRUE,TRUE,TRUE,TRUE,FALSE,FALSE,FALSE,FALSE,FALSE,TRUE,TRUE,TRUE,FALSE
KB,211,"UFA Only, UFA Premium Lobby",Live,2026-05-14,2025-11-05,N.A,N.A,N.A,zeus-ufa,Treasures of Olympus 1000,,,ขุมทรัพย์โอลิมปัส1000,,,,,,,,,,,,98.00%,15000X,,15000X,HIGH,,27.94%,SLOTS,VIDEO-SLOT,CASCADE,Greece,,"BUY FEATURE, CASCADING WINS, FREE SPIN, GREEK MYTHOLOGY, MULTIPLIER SYMBOL, RETRIGGER, SCATTER PAYS, ZEUS
",Europe,,"United Kingdom
United States of America
Greece","Enter the realm of gods in Treasures of Olympus 1000, a 6x5 slot filled with divine rewards! Match 8 or more symbols anywhere on the screen and watch them tumble away for nonstop wins. Multiplier symbols worth up to 1,000x can appear at any time for massive payouts! Land 4 or more Scatters to unlock 15 Free Spins, where multipliers grow with every win. Spin for glory and win up to an epic 15,000x!
《奥林匹斯的宝藏1000》邀您开启神话般的财富之旅！6x5的恢弘转盘中，8个相同符号任意相连即触发震撼消除效果，胜利接踵而至！神秘倍率符号随时空降，最高赐予1000倍财富恩赐！当4道宙斯雷电划破天际，15轮神圣旋转即刻开启——每次取胜都将获得众神馈赠的倍率加持！在这片神恩眷顾之地，勇者最高可斩获15000倍惊天大奖！立即启程，让奥林匹斯众神为您的幸运加冕！","1. Symbols pay anywhere with tumbling wins for endless combos!
2. Multiplier symbols up to 1,000x boost every spin!
3. Trigger 15 Free Spins with rising multipliers and epic payouts!
1. 符号任意排列，消除续战无限连发！
2. 每局都有机会爆出1000倍乘数加持！
3. 激活15次免费旋转，倍率越飙越高，奖励突破天际！",N.A,N.A,6x5,Scatter Pays,✓,✓,,✓,,,,✓,,,,,,✓,"Tournament, Cash Drop",https://treasures-of-olympus-1000-demo.gs6.kingmidasdev.net/?test=1&ui_set=ufa_premium&lang=en,https://publiccdn.kingdomhall729.com/500x500images/KingMidas/treasures-of-olympus-1000_500x500_en.jpg,,,https://publiccdn.kingdomhall729.com/Product+Sheet/treasures-of-olympus-1000_product-brochure_en.pdf,https://publiccdn.kingdomhall729.com/Product+Sheet/treasures-of-olympus-1000_product-brochure_cn.pdf,https://publiccdn.kingdomhall729.com/website/landing/treasures-of-olympus-1000_landing.zip,https://publiccdn.kingdomhall729.com/website/logo/treasures-of-olympus-1000_logo.zip,https://publiccdn.kingdomhall729.com/website/banners/treasures-of-olympus-1000_banners.zip,https://publiccdn.kingdomhall729.com/MarketingAssetsPSD/KingMidas/treasures-of-olympus-1000_psd.zip,https://publiccdn.kingdomhall729.com/website/video/treasures-of-olympus-1000_video.zip,,,PENDING,PENDING,PENDING,PENDING,THB Only,GS6,TRUE,FALSE,TRUE,FALSE,FALSE,FALSE,FALSE,FALSE,FALSE,FALSE,FALSE,FALSE,FALSE
KB,210,"UFA Only, UFA Premium Lobby",Live,2026-05-08,2025-11-05,N.A,N.A,N.A,azt-ufa,Aztec Fortune,,,โชคลาภแอซเท็ก,,,,,,,,,,,,98.00%,5000X,,5000X,MEDIUM,,28.97%,SLOTS,VIDEO-SLOT,CASCADE,All,,"2000 WIN WAYS, AZTEC, CASCADING WINS, GOLDEN SYMBOL, INCREASING MULTIPLIER, RETRIGGER, SCATTER, WILD
",Latin America,Europe,"United Kingdom
United States of America
Mexico","Uncover the ancient riches in Aztec Fortune, an exciting 5x4 slot with expanding rows and non-stop wins! Golden symbols appear on the middle reels, turning into Wilds as multipliers rise to a mighty 10x! Land 3 or more Scatters to unlock 10 or more Free Spins. With every cascade, fortune grows. Chase the power of the gods and win up to 2000x!
《阿兹特克财富》带您深入神秘地图，探寻失落的黄金城！在这片5x4图腾转盘中，胜利将唤醒沉睡的机关落下新的图案，创造更多制胜机会！胜利之神随时可能苏醒，化身所向披靡的百搭图腾，并带来最高10倍的财富增幅！当三枚神圣的符号同时显现，您将获得至少10次神秘旋转，每次消除都让奖励层层叠加！在这趟冒险之旅的终点，等待您的是至高无上的2000倍黄金大奖！准备好揭开古文明的最大秘密了吗？","1. Gold-plated symbols transform into Wilds for extra wins!
2. Trigger 10 Free Spins with rising multipliers up to 10x!
1. 镀金图腾觉醒，蜕变为万能符号助您横扫奖池！
2. 激活10次神圣旋转，倍率阶梯式暴涨至10倍巅峰！",N.A,N.A,5x4,2000 Win Ways,,✓,,✓,,,,,✓,✓,,,,✓,"Tournament, Cash Drop",https://aztec-fortune-demo.gs6.kingmidasdev.net/?test=1&ui_set=ufa_premium&lang=en,https://publiccdn.kingdomhall729.com/500x500images/KingMidas/aztec-fortune_500x500_en.jpg,,,https://publiccdn.kingdomhall729.com/Product+Sheet/aztec-fortune_product-brochure_en.pdf,https://publiccdn.kingdomhall729.com/Product+Sheet/aztec-fortune_product-brochure_cn.pdf,https://publiccdn.kingdomhall729.com/website/landing/aztec-fortune_landing.zip,https://publiccdn.kingdomhall729.com/website/logo/aztec-fortune_logo.zip,https://publiccdn.kingdomhall729.com/website/banners/aztec-fortune_banners.zip,https://publiccdn.kingdomhall729.com/MarketingAssetsPSD/KingMidas/aztec-fortune_psd.zip,https://publiccdn.kingdomhall729.com/website/video/aztec-fortune_video.zip,,,PENDING,PENDING,PENDING,PENDING,THB Only,GS6,TRUE,FALSE,TRUE,FALSE,FALSE,FALSE,FALSE,FALSE,FALSE,FALSE,FALSE,FALSE,FALSE
KB,209,"UFA Only, UFA Premium Lobby",Live,2026-05-08,2025-11-05,N.A,N.A,N.A,ppc-mahjong-dragon-ways-ufa,Mahjong Dragon Ways,,,มาจองเส้นทางมังกร,,,,,,,,,,,,98.00%,5000X,,5000X,MEDIUM,,28.97%,SLOTS,VIDEO-SLOT,CASCADE,China,,"2000 WINWAYS, CASCADING WINS, FREE SPINS, MAHJONG TILES, MEGA WIN, SCATTER, WILDS
",East Asia,South East Asia,"China
Malaysia","Mahjong Dragon Ways is a 5x4 reel slot inspired by classic Mahjong with dragon theme. With up to 2,000 ways to win, each win increases your multiplier, reaching up to 10x during Free Spins! Land 3 or more Scatters to unlock Free Spins and chase a max payout of 5,000x your bet! Follow the golden dragon and discover your path to big rewards!
龙腾牌局风云起，胡牌聚运赢翻天！在《麻将龙道》5x4卷轴的东方幻境中，每次获胜都能让您的倍率从1倍开始节节攀升，直至10倍封顶，盈利如巨龙腾空势不可挡！集齐3枚神秘""胡""字徽，即可召唤神龙赐福的免费旋转，在龙纹翻飞间累积倍率直冲巅峰，更有机会斩获5000倍终极暴富大奖！黄金巨龙已蓄势待发，现在就加入战局，让神龙助您牌开得胜，赢取属于您的传奇财富！","1. Cascading Wins with growing multipliers every round!
2. Hit 3 or more Scatters to unlock at least 10 Free Spins!
3. Gold symbols transform into Wilds for bigger payouts!
1. 连环消除赢奖，每轮倍率持续增长！
2. 击中3个或更多Scatter符号，即可解锁至少10次免费旋转！
3. 黄金符号可变身为Wild百搭符号，带来更丰厚奖励！",N.A,N.A,5x4,2000 Win Ways,,✓,,✓,,,,,✓,✓,,,,✓,"Tournament, Cash Drop",https://mahjong-dragon-ways-demo.gs6.kingmidasdev.net/?test=1&ui_set=ufa_premium&lang=en,https://publiccdn.kingdomhall729.com/500x500images/KingMidas/mahjong-dragon-ways_500x500_en.jpg,,,https://publiccdn.kingdomhall729.com/Product+Sheet/mahjong-dragon-ways_product-brochure_en.pdf,https://publiccdn.kingdomhall729.com/Product+Sheet/mahjong-dragon-ways_product-brochure_cn.pdf,https://publiccdn.kingdomhall729.com/website/landing/mahjong-dragon-ways_landing.zip,https://publiccdn.kingdomhall729.com/website/logo/mahjong-dragon-ways_logo.zip,https://publiccdn.kingdomhall729.com/website/banners/mahjong-dragon-ways_banners.zip,https://publiccdn.kingdomhall729.com/MarketingAssetsPSD/KingMidas/mahjong-dragon-ways_psd.zip,,,,PENDING,PENDING,PENDING,PENDING,THB Only,GS6,TRUE,FALSE,TRUE,FALSE,FALSE,FALSE,FALSE,FALSE,FALSE,FALSE,FALSE,FALSE,FALSE
KM,208,"UFA Only, UFA Premium Lobby",On Hold,Pending,2025-12-17,N.A,N.A,N.A,hunk-cai-shen-ufa,Hunk Cai Shen,,鴻運財神,เทพไฉ่ซิ้งจอมพลัง,,,,,,,,,,,,98.00%,15000x,-,15000X,High,,22.60%,SLOTS,VIDEO-SLOT,PAYLINES,China,,"5 PAYLINES, BONUS BUY, FREE SPINS, MEGA WIN, SCATTER, WILD
",East Asia,South East Asia,"China
Malaysia","Spin your way to prosperity in Hunk Cai Shen, a fortune-filled adventure on 5x3 reels! Unlock rewarding features with powerful Fortune Wild multipliers and free spins packed with only high payout symbols. With a chance to win up to 15,000x your bet, this is one game you won’t want to miss!

转动金轮迎财神，福运加成赚翻天！在《鸿运财神》5x3卷轴游戏中转动幸运轮盘，触发强力Fortune Wild倍率符号（3-5倍），解锁仅含高倍符号的专属免费旋转，更有机会赢得高达15,000倍注金的超级大奖，绝对不容错过的财运盛宴！","1. Multiply your wins with stackable Fortune Wilds offering x3 to x5 multipliers!
2. Unlock free spins-triggered by 3 Scatter symbols-where only high payout and Fortune Wild symbols appear!
3. Instantly activate 12 free spins with the Buy Feature!

1. Fortune Wild符号可叠加3至5倍倍率，让您的奖金如滚雪球般疯狂增长！
2. 触发3个Scatter符号即可进入纯高倍符号与Fortune Wild的免费旋转！
3. 一键购买12次免费旋转，瞬间开启财富快车道！",29.7,33.9,5x3,5 Paylines,✓,✓,,,,,,✓,,✓,,,,,,NA,https://publiccdn.kingdomhall729.com/500x500images/KingMidas/hunk-caishen_500x500_en.jpg,https://demo7.kingmidasdev.net/games/hunk-cai-shen?currency=USD&test=1,,https://publiccdn.kingdomhall729.com/Product+Sheet/hunk-caishen_product-brochure_en.pdf,https://publiccdn.kingdomhall729.com/Product+Sheet/hunk-caishen_product-brochure_cn.pdf,https://publiccdn.kingdomhall729.com/website/landing/hunk-cai-shen_landing.zip,https://publiccdn.kingdomhall729.com/website/logo/hunk-cai-shen_logo.zip,https://publiccdn.kingdomhall729.com/website/banners/hunk-cai-shen_banners.zip,https://publiccdn.kingdomhall729.com/MarketingAssetsPSD/KingMidas/hunk-caishen_psd.zip,,,,PENDING,PENDING,PENDING,PENDING,THB Only,GS3,TRUE,FALSE,TRUE,FALSE,FALSE,FALSE,FALSE,FALSE,FALSE,FALSE,FALSE,FALSE,FALSE
KM,207,"UFA Only, UFA Premium Lobby",On Hold,Pending,2025-12-17,N.A,N.A,N.A,mahjong-beauty-ufa,Mahjong Beauty,,,ไพ่นกกระจอก สาวงาม,,,,,,,,,,,,98.00%,10000X,,10000X,MEDIUM,,32.05%,SLOTS,VIDEO-SLOT,CASCADE,China,,"2000 WINWAYS, CASCADING WINS, DRAGON, FREE SPINS, MAHJONG TILES, MEGA WIN, SCATTER, WILDS
",East Asia,South East Asia,"China
Malaysia","Mahjong Beauty Ways invites you to a stunning 5x4 slot journey that blends the elegance of mahjong with endless fortunes. With up to 2,000 ways to win, every spin can trigger cascading wins that lift  your multiplier all the way up to 10x in Free Spins. Land 3 or more Scatters to unlock Free Spins, where golden tiles turn into Wilds to bring even bigger prizes. With a max payout of 5,000x your bet, Mahjong Beauty Ways turns each spin into a beautiful path toward riches!

侵入《美女麻将》的华丽世界，每一次旋转都让您感受经传统麻将美学与现代财富之道的完美碰撞！转动5x4的绚丽转轴，解锁多达2,000种赢法，每次消除连锁都让您倍率飙升，免费旋转阶段直冲10倍暴击！收集3个或更多Scatter触发免费旋转，黄金麻将牌化作万能百搭，助您横扫大奖！最高可赢取单注5,000倍的终极财富！","1. Cascading wins that build up your multiplier for bigger rewards!
2. Trigger 10 Free Spins by landing 3 or more Scatters.
3. Watch golden tiles transform into Wilds for bigger wins
4. Chase the ultimate prize with a jaw-dropping 5,000x your bet!

1. 连环暴富机制，每次消除触发倍率飙升，赢越多翻越狠！
2. 3个Scatter即刻开启10次免费旋转，黄金牌助阵收益翻倍！
3. 精美麻将牌随机化身为Wild，轻松打通赢钱路径！
4. 终极一击5000倍 – 幸运降临，单局狂揽惊天巨奖！",21.9,26.7,5x4,2000 Win Ways,✓,✓,,✓,,,,,✓,✓,,,,,,NA,https://publiccdn.kingdomhall729.com/500x500images/KingMidas/mahjong-beauty-ufa_500x500_en.jpg,,,https://publiccdn.kingdomhall729.com/Product+Sheet/mahjong-beauty_product-brochure_en.pdf,https://publiccdn.kingdomhall729.com/Product+Sheet/mahjong-beauty_product-brochure_cn.pdf,https://publiccdn.kingdomhall729.com/website/landing/mahjong-beauty-ufa_landing.zip,https://publiccdn.kingdomhall729.com/website/logo/mahjong-beauty-ufa_logo.zip,https://publiccdn.kingdomhall729.com/website/banners/mahjong-beauty-ufa_banners.zip,https://publiccdn.kingdomhall729.com/MarketingAssetsPSD/KingMidas/mahjong-beauty_psd.zip,https://publiccdn.kingdomhall729.com/website/video/mahjong-beauty_video.zip,,,PENDING,PENDING,PENDING,PENDING,THB Only,GS3,TRUE,FALSE,TRUE,FALSE,FALSE,FALSE,FALSE,FALSE,FALSE,FALSE,FALSE,FALSE,FALSE
KB,205,"UFA, MPS",Live,2026-02-13,2026-02-11,,,2026-02-13,sugar-candy-bonanza,Sugar Candy Bonanza,糖果狂欢,糖果狂歡,ซูการ์ แคนดี้ โบนันซ่า,Cơn Sốt Kẹo Ngọt,Bonanza Gula Permen,설탕 캔디 축제,,Bonanza de Doces,Caramelo Bonanza,Сахарная Конфета Бонанза,Şekerleme Bonanzası,মিষ্টি ক্যান্ডি আনন্দ,शुगर कैंडी मस्ती,,96.92%,15000X,-,15000X,HIGH,,27.93%,SLOTS,VIDEO-SLOT,SCATTER PAYS,,,"BUY FEATURE, CANDY, FREE SPIN, MULTIPLIER SYMBOL, RETRIGGER, SWEET, SCATTER PAYS
",,,,"Dive into Sugar Candy Bonanza, a 6x5 candy world slot where sweet clusters bring nonstop wins! Land 4 scatters to trigger 15 free spins, and retrigger 5 more free spins with 3 or more scatters for nonstop fun. Chase up to 15000x payout in this sugar rush adventure!
《糖果狂欢》甜蜜开启！6x5糖果世界，缤纷组合引爆无限胜利！收集4个Scatter符号即可触发15次免费旋转，更能在免费旋转中凭借3+个Scatter符号重复激活额外5次旋转，让甜蜜风暴永不停歇！最高可赢得15000倍投注额的梦幻奖励，这场甜蜜冒险等你来嗨！","1. 4 scatters trigger 15 free spins with nonstop winning chances!
2. 3 or more scatters during free spins award 5 extra free spins!
3. Maximum payout reaches up to 15000x your bet!

1. 4个Scatter符号瞬间激活15次免费旋转，甜蜜连赢永不停歇！
2. 免费旋转中3+个Scatter符号立即追加5次免费旋转，狂欢无限续杯！
3. 15000倍终极巨奖让您的投注金额甜到发烫！

",15.4,41.3,6x5,Scatter Pays,✓,✓,,✓,,,,✓,,,,,,✓,"Tournament, Cash Drop",https://sugar-candy-bonanza-demo.gs6.kingmidasdev.net/?test=1,https://publiccdn.kingdomhall729.com/500x500images/KingMidas/sugar-candy-bonanza_500x500_en.jpg,,,https://publiccdn.kingdomhall729.com/Product+Sheet/sugar-candy-bonanza_product-brochure_en.pdf,https://publiccdn.kingdomhall729.com/Product+Sheet/sugar-candy-bonanza_product-brochure_cn.pdf,https://publiccdn.kingdomhall729.com/website/landing/sugar-candy-bonanza_landing.zip,https://publiccdn.kingdomhall729.com/website/logo/sugar-candy-bonanza_logo.zip,https://publiccdn.kingdomhall729.com/website/banners/sugar-candy-bonanza_banners.zip,https://publiccdn.kingdomhall729.com/MarketingAssetsPSD/KingMidas/sugar-candy-bonanza_psd.zip,https://publiccdn.kingdomhall729.com/website/video/sugar-candy-bonanza_video.zip,,,PENDING,PENDING,PENDING,PENDING,"All, Except THB",GS6,TRUE,TRUE,TRUE,TRUE,TRUE,TRUE,FALSE,TRUE,TRUE,TRUE,TRUE,TRUE,TRUE
KB,204,,Live,2026-06-24,2026-04-22,,,2026-04-15,aphrodites-blessing,Aphrodite's Blessing,阿佛洛狄蒂的祝福,愛神祝福,พรจากอัฟโฟรไดที,Phước Lành Aphrodite,Berkat Aphrodite,아프로디테의 축복,,Bênção de Afrodite,La Bendición de Afrodita,Благословение Афродиты,Afrodit'in Kutsaması,আফ্রোডাইটের আশীর্বাদ,अफ्रोडाइट का आशीर्वाद,,96.92%,15000X,-,15000X,HIGH,,27.93%,SLOTS,VIDEO-SLOT,SCATTER PAYS,,,"BUY FEATURE, FREE SPIN, GODDESS, GREEK MYTHOLOGY, RETRIGGER, SCATTER, SCATTER PAYS, WILD,MULTIPLIER SYMBOL",,,,"Step into the realm of love and luck in Aphrodite’s Blessing, a dazzling 6x5 slot adventure. Land 4 scatters to unlock 15 free spins, and watch for more scatters during free spins to keep the rewards flowing. With payouts soaring up to 1000x, Aphrodite’s blessing might just become your greatest fortune!
在《阿佛洛狄蒂的祝福》下旋转卷轴，每次组合胜利都将点亮星空！收集4个Scatters符号即可开启15次免费旋转，旋转期间更多Scatters符号将再次加倍您的幸运之旅！最高1000倍的爱的回报，正待您摘取！","1. 4 scatters trigger 15 free spins!
2. 3 or more scatters during free spins award 5 extra free spins!
3. Maximum payout up to 15000x your bet!

1. 当4枚Scatters同时降临，将为您开启15次免费旋转的祝福之旅！
2. 在免费旋转中，若再度迎来3枚及以上Scatters，即可触发5次额外旋转！
3. 高达15000倍投注额的终极浪漫馈赠！",16.400,45.4,6x5,Scatter Pays,✓,✓,,✓,,,,✓,,,,,,✓,"Tournament, Cash Drop",https://aphrodites-blessing-demo.gs6.kingmidasdev.net/?test=1,https://publiccdn.kingdomhall729.com/500x500images/KingMidas/aphrodites-blessing_500x500_en.jpg,,,https://publiccdn.kingdomhall729.com/Product+Sheet/aphrodites-blessing_product-brochure_en.pdf,https://publiccdn.kingdomhall729.com/Product+Sheet/aphrodites-blessing_product-brochure_cn.pdf,https://publiccdn.kingdomhall729.com/website/landing/aphrodites-blessing_landing.zip,https://publiccdn.kingdomhall729.com/website/logo/aphrodites-blessing_logo.zip,https://publiccdn.kingdomhall729.com/website/banners/aphrodites-blessing_banners.zip,https://publiccdn.kingdomhall729.com/MarketingAssetsPSD/KingMidas/aphrodites-blessing_psd.zip,https://publiccdn.kingdomhall729.com/website/video/aphrodites-blessing_video.zip,,,PENDING,PENDING,PENDING,PENDING,All,GS6,TRUE,TRUE,TRUE,TRUE,TRUE,TRUE,FALSE,TRUE,TRUE,TRUE,TRUE,TRUE,TRUE
KB,203,UFA,Live,2026-02-13,2026-02-11,,,2026-02-13,lucky-tiger,Lucky Tiger,幸运虎,幸運虎,เสือโชคดี,Hổ May Mắn, Macan Keberuntungan,행운의 호랑이,,Tigre da Sorte,Tigre de la Suerte,Счастливый Тигр,Şanslı Kaplan,শুভ বাঘ,लकी टाइगर,,97.01%,2500X,-,2500X,MEDIUM,,22.19%,SLOTS,VIDEO-SLOT,PAYLINES,,," 5 PAYLINES, FEATURED WILD, ORIENTAL, RED, RESPIN, TIGER
",,,,"Get ready to roar with Lucky Tiger, a classic 3x3 slot with 5 paylines and wild surprises! Watch for the random x10 symbol that can supercharge your payouts instantly. Trigger the Lucky Tiger Mode for mega wins, with the highest payout reaching up to 2,500x. Simple to play, thrilling to spin — your luck might just strike with the tiger’s roar!
《幸运虎》经典3x3老虎机，五条赢线引爆野性惊喜！每一次旋转都可能触发神秘虎之力，让普通符号化身黄金奖励！随机出现的10倍符号随时点燃您的奖励，瞬间激活幸运虎模式冲击终极2,500倍巨额大奖！玩法简单却充满刺激，虎啸之时，即是幸运降临之际！","1. Random x10 symbol can appear to boost payouts in an instant!
2. Lucky Tiger Mode gives higher chances to land mega wins!
3. Maximum payout reaches up to 2,500x your bet!

1. 随机10倍符号随时空降，瞬间引爆奖励！
2. 幸运虎模式开启暴击状态，巨奖命中率飙升！
3. 2,500倍封顶大奖！野性咆哮，财富觉醒！",14.2,37.4,3x3,5 Paylines,,,✓,,,,,,,✓,,,,✓,"Tournament, Cash Drop",https://lucky-tiger-demo.gs6.kingmidasdev.net/?test=1,https://publiccdn.kingdomhall729.com/500x500images/KingMidas/lucky-tiger_500x500_en.jpg,,,https://publiccdn.kingdomhall729.com/Product+Sheet/lucky-tiger_product-brochure_en.pdf,https://publiccdn.kingdomhall729.com/Product+Sheet/lucky-tiger_product-brochure_cn.pdf,https://publiccdn.kingdomhall729.com/website/landing/lucky-tiger_landing.zip,https://publiccdn.kingdomhall729.com/website/logo/lucky-tiger_logo.zip,https://publiccdn.kingdomhall729.com/website/banners/lucky-tiger_banners.zip,https://publiccdn.kingdomhall729.com/MarketingAssetsPSD/KingMidas/lucky-tiger_psd.zip,https://publiccdn.kingdomhall729.com/website/video/lucky-tiger_video.zip,,,PENDING,PENDING,PENDING,PENDING,"All, Except THB",GS6,TRUE,TRUE,TRUE,TRUE,TRUE,TRUE,FALSE,TRUE,TRUE,TRUE,TRUE,TRUE,TRUE
KM,202,,On Hold,Pending,,,,,judi-kolok-kolok,Judi Kolok Kolok,,,,,,,,,,,,,,,97.00%,11X,2X,31X,MEDIUM,,,CLASSIC,TABLE,DICE,,,,,,,,,15.8,21.2,N.A,,,,,,,,,,,,,,,,,,,,,,,,,,,,GDD - Judi Kolok Kolok.xlsx,,PENDING,PENDING,PENDING,PENDING,All,GS2,TRUE,TRUE,TRUE,TRUE,TRUE,FALSE,FALSE,FALSE,FALSE,FALSE,FALSE,FALSE,FALSE
KM,201,UFA,Live,2026-04-23,2026-04-08,,,,baccarat-multi,Baccarat: Multi,,,บาคาร่า: มัลติ,Baccarat: Nhiều Bàn,,,Baccarat: Multi,,,Баккара: Много Залов,Baccarat: Çoklu,,,,97.66%,21x,2x,40X,MEDIUM,,,CLASSIC,TABLE,CARD,,,"BACCARAT, CARD GAME, CASINO, MULTI-TABLE, TABLE GAMES
",,,,"Experience the evolution of the classic table game. Swipe through a multi-room lobby, track live roadmaps, and place your bets with ease. Spot patterns, follow hot rooms, and watch for Golden Frames that boost your wins with 2x payouts!

体验经典百家乐的全新玩法！滑动浏览多房间大厅，实时查看路单走势，轻松完成下注。洞察牌路、追踪热门房间，并留意金色加成框，助您赢奖翻倍，轻松把握每一次机会！","1. Land random Golden Frames to double your winnings with 2x payouts!
2. Swipe through multiple rooms with live roadmaps and real-time results!
3. Spot Hot and Patterned rooms to follow trends and chase bigger wins!

1. 随机触发金色加成框，赢奖可享2倍派彩！
2. 滑动切换多个房间，实时查看路单与结果！
3. 追踪热门与走势房间，把握趋势赢取更多奖励！",13.7,18.9,N.A,,,,,,,,,,,,,,,,"Tournament, Cash Drop",https://demo8.kingmidasdev.net/games/baccarat-multi?test=1,https://publiccdn.kingdomhall729.com/500x500images/KingMidas/baccarat-multi_500x500_en.jpg,,,https://publiccdn.kingdomhall729.com/Product+Sheet/baccarat-multi_product-brochure_en.pdf,,https://publiccdn.kingdomhall729.com/website/landing/baccarat-multi_landing.zip,https://publiccdn.kingdomhall729.com/website/logo/baccarat-multi_logo.zip,https://publiccdn.kingdomhall729.com/website/banners/baccarat-multi_banners.zip,https://publiccdn.kingdomhall729.com/MarketingAssetsPSD/KingMidas/baccarat-multi_psd.zip,,Baccarat Multi,Table Games Translations Masterlist,PENDING,PENDING,PENDING,PENDING,All,GS1,TRUE,FALSE,TRUE,TRUE,FALSE,FALSE,TRUE,FALSE,FALSE,FALSE,FALSE,FALSE,FALSE
KM,200,,Integrated,Pending,,,,,baccarat-swipe,Baccarat: Swipe,,,บาคาร่า: สไวป์,Baccarat: Lướt,,,,,Bacará: Deslizar,Баккара: Перемена,Baccarat: Kaydır,,,,97.66%,21x,2x,40X,MEDIUM,,,CLASSIC,TABLE,CARD,,,"BACCARAT, CARD GAME, CASINO, MULTI-TABLE, TABLE GAMES
",,,,"Baccarat: Swipe brings a fresh twist to the classic table game. Swipe up or down to switch rooms instantly and tap to place your bets. Track live results, follow roadmap patterns, and jump into hot rooms with ease. Stay sharp and move fast, your next win could be just a swipe away!

《百家乐 Swipe》为经典百家乐玩法带来全新体验。上下滑动即可快速切换房间，点击即可下注。实时追踪结果，参考路单走势，轻松进入热门房间。保持敏锐，快速行动，你的下一次胜利可能只需一次滑动！","1. Instantly browse and bet across rooms with smooth vertical swiping!
2. Unlock random 2x bonus multipliers for potential double winnings!
3. Use roadmap patterns and trends to refine your betting strategy!

1. 上下滑动即可快速浏览并切换房间，轻松下注！
2. 随机触发 2 倍奖励加成，赢取双倍收益！
3. 参考路单走势与趋势，优化你的下注策略！",15.5,21.5,N.A,,,,,,,,,,,,,,,,,https://demo8.kingmidasdev.net/games/baccarat-swipe?test=1,https://publiccdn.kingdomhall729.com/500x500images/KingMidas/baccarat-swipe_500x500_en.jpg,,,https://publiccdn.kingdomhall729.com/Product+Sheet/baccarat-swipe_product-brochure_en.pdf,,https://publiccdn.kingdomhall729.com/website/landing/baccarat-swipe_landing.zip,https://publiccdn.kingdomhall729.com/website/logo/baccarat-swipe_logo.zip,https://publiccdn.kingdomhall729.com/website/banners/baccarat-swipe_banners.zip,https://publiccdn.kingdomhall729.com/MarketingAssetsPSD/KingMidas/baccarat-swipe_psd.zip,,Baccarat Swipe,Table Games Translations Masterlist,PENDING,PENDING,PENDING,PENDING,All,GS1,TRUE,FALSE,TRUE,TRUE,FALSE,FALSE,TRUE,FALSE,FALSE,FALSE,FALSE,FALSE,FALSE
KM,199,,Under Development,Pending,,,,,coin-pusher-pirates,,,,,,,,,,,,,,,,97.00%,1000X,,1000X,HIGH,,,NEXT-GEN,VIRTUAL,CASUAL,,,"ARCADE,  COINS, PIRATES, TREASURE, VIRTUAL",,,,,,,,N.A,,,,,,,,,,,,,,,,,,,,,,,,,,,,Coin Dozer Pirates,,PENDING,PENDING,PENDING,PENDING,All,GS3,FALSE,FALSE,FALSE,FALSE,FALSE,FALSE,FALSE,FALSE,FALSE,FALSE,FALSE,FALSE,FALSE
KM,198,,Integrated,Pending,,,,,instant-tower-up,Tower Up,,,ยกหอคอยขึ้น,Leo Tháp,,,,,Sube La Torre,Возвышение,Kule Çık,,,,96.97%,727.50X,,727.50X,MEDIUM,,,NEXT-GEN,ORIGINALS,CASUAL,,,"BOMB, CLIMB & WIN, INSTANT GAME, TOWER GAME, WIN MULTIPLIER
",,,,"Climb your way to fortune in Tower Up! Pick a block to move higher and higher, but watch out for hidden bombs! Dare to climb for the ultimate 727.50x payout? Only the brave ones win big!","1. Choose, climb, or cash out anytime!
2. Hidden bombs raise the tension every step!
3. Win up to 727.50x your bet!",7.6,12.0,N.A,,,,,,,,,,,,,,,,,https://demo8.kingmidasdev.net/games/instant-tower-up?test=1,https://publiccdn.kingdomhall729.com/500x500images/KingMidas/instant-tower-up_500x500_en.jpg,,,https://publiccdn.kingdomhall729.com/Product+Sheet/instant-tower-up_product-brochure_en.pdf,,https://publiccdn.kingdomhall729.com/website/landing/instant-tower-up_landing.zip,https://publiccdn.kingdomhall729.com/website/logo/instant-tower-up_logo.zip,https://publiccdn.kingdomhall729.com/website/banners/instant-tower-up_banners.zip,https://publiccdn.kingdomhall729.com/MarketingAssetsPSD/KingMidas/instant-tower-up_psd.zip,,Instant Games GDD - Batch 1 - UpDown/HeadsTails/Mines/TowerUp,Table Games Translations Masterlist,PENDING,PENDING,PENDING,PENDING,All,GS3,TRUE,FALSE,TRUE,TRUE,FALSE,FALSE,FALSE,FALSE,TRUE,TRUE,TRUE,FALSE,FALSE
KM,197,,Integrated,Pending,,,,,instant-mines,Mines,,,ระเบิด,Bãi Mìn,,,,,Minas,Мины,Mayınlar,,,,96.28%,5044291X,-,5044291X,HIGH,,,NEXT-GEN,ORIGINALS,CASUAL,,,"BOMBS, INSTANT GAMES, MINES, WIN MULTIPLIER
",,,,"Mines is a fast-paced minesweeper game where you choose the number of bombs to set your multiplier risk! Click any tile to reveal multipliers or trigger a bomb. Cash out at the right moment to secure your winnings! Dare to play and chase a thrilling 5,044,291x payout!","Pick your bomb count to set the risk and reward!
Cash out anytime to secure your winnings!
Chase a massive 5,044,291x payout!",7.5,11.9,N.A,,,,,,,,,,,,,,,,,https://demo8.kingmidasdev.net/games/instant-mines?test=1,https://publiccdn.kingdomhall729.com/500x500images/KingMidas/instant-mines_500x500_en.jpg,,,https://publiccdn.kingdomhall729.com/Product+Sheet/instant-mines_product-brochure_en.pdf,,https://publiccdn.kingdomhall729.com/website/landing/instant-mines_landing.zip,https://publiccdn.kingdomhall729.com/website/logo/instant-mines_logo.zip,https://publiccdn.kingdomhall729.com/website/banners/instant-mines_banners.zip,https://publiccdn.kingdomhall729.com/MarketingAssetsPSD/KingMidas/instant-mines_psd.zip,,Instant Games GDD - Batch 1 - UpDown/HeadsTails/Mines/TowerUp,Table Games Translations Masterlist,PENDING,PENDING,PENDING,PENDING,All,GS3,TRUE,FALSE,TRUE,TRUE,FALSE,FALSE,FALSE,FALSE,TRUE,TRUE,TRUE,FALSE,FALSE
KM,196,,Integrated,Pending,,,,,instant-up-down,Up Down,,,สูง ต่ำ ,Tài Xỉu,,,,,Up Down,Вверх Вниз,Yukarı Aşağı,,,,96.67%,5.8X,-,5.8X,LOW,,,NEXT-GEN,ORIGINALS,CASUAL,,,"7 UP 7 DOWN, DICE GAME, INSTANT GAMES, TABLE GAMES,  UP DOWN
",,,,"Up Down brings fast action to the table with a simplified take on the classic 7 Up 7 Down. Place your bet and get your result instantly! With payouts reaching up to 5.8x, every choice packs a quick shot of thrill!","Fast instant result for nonstop action!
Simple pick-and-win gameplay!
Payouts reaching up to 5.8x your bet!",9.4,13.8,N.A,,,,,,,,,,,,,,,,,https://demo8.kingmidasdev.net/games/instant-up-down?test=1,https://publiccdn.kingdomhall729.com/500x500images/KingMidas/instant-up-down_500x500_en.jpg,,,https://publiccdn.kingdomhall729.com/Product+Sheet/instant-up-down_product-brochure_en.pdf,,https://publiccdn.kingdomhall729.com/website/landing/instant-up-down_landing.zip,https://publiccdn.kingdomhall729.com/website/logo/instant-up-down_logo.zip,https://publiccdn.kingdomhall729.com/website/banners/instant-up-down_banners.zip,https://publiccdn.kingdomhall729.com/MarketingAssetsPSD/KingMidas/instant-up-down_psd.zip,,Instant Games GDD - Batch 1 - UpDown/HeadsTails/Mines/TowerUp,Table Games Translations Masterlist,PENDING,PENDING,PENDING,PENDING,All,GS3,TRUE,FALSE,TRUE,TRUE,FALSE,FALSE,FALSE,FALSE,TRUE,TRUE,TRUE,FALSE,FALSE
KM,195,,Integrated,Pending,,,,,instant-heads-tails,Heads Tails,,,หัว ก้อย,SẤP HAY NGỬA,,,,,Cara Cruz,Орел-Решка,Yazı Tura,,,,97.50%,3.12X,-,3.12X,LOW,,,NEXT-GEN,ORIGINALS,CASUAL,,,"COIN TOSS, INSTANT GAMES, TABLE
",,,,"Head Tails turns four coins into a fast and exciting pick for quick wins! Bet on tails or heads, plus if it ends in a tie. Results appear instantly, keeping every round sharp and exciting. Win up to 3.12x for the right call!","Fast coin pick gameplay for instant results!
Choose Heads, Tails, or a Tie in one quick move!
Win up to 3.12x your bet!",9.8,14.3,N.A,,,,,,,,,,,,,,,,,https://demo8.kingmidasdev.net/games/instant-heads-tails?test=1,https://publiccdn.kingdomhall729.com/500x500images/KingMidas/instant-heads-tails_500x500_en.jpg,,,https://publiccdn.kingdomhall729.com/Product+Sheet/instant-heads-tails_product-brochure_en.pdf,,https://publiccdn.kingdomhall729.com/website/landing/instant-heads-tails_landing.zip,https://publiccdn.kingdomhall729.com/website/logo/instant-heads-tails_logo.zip,https://publiccdn.kingdomhall729.com/website/banners/instant-heads-tails_banners.zip,https://publiccdn.kingdomhall729.com/MarketingAssetsPSD/KingMidas/instant-heads-tails_psd.zip,,Instant Games GDD - Batch 1 - UpDown/HeadsTails/Mines/TowerUp,Table Games Translations Masterlist,PENDING,PENDING,PENDING,PENDING,All,GS3,TRUE,FALSE,TRUE,TRUE,FALSE,FALSE,FALSE,FALSE,TRUE,TRUE,TRUE,FALSE,FALSE
KM,194,,Live,2026-01-27,2025-12-17,,,2025-12-17,wonder-ace,Wonder Ace,奇迹王牌,奇跡王牌,Wonder Ace,Át Chủ Diệu Kỳ,Wonder Ace,,,Wonder Ace,Wonder Ace,Чудо-ас,Wonder Ace,,,,96.99%,10000X,,10000X,MEDIUM,,32.00%,SLOTS,VIDEO-SLOT,WINWAYS,,,"1024 WIN WAYS, BUY FEATURE, FREE SPIN, INCREASING MULTIPLIER, MULTIPLIER WHEEL, SCATTER, WILD
",,,,"Down the rabbit hole with Alice in Wonder Ace, a 5x4 slot adventure with 1024 win ways sparkling through every spin. Trigger Free Spins and watch the magic grows while waiting for the gold plate to boost your rewards. Hit the 10x multiplier and chase fantastical rewards up to 10000x your bet! Follow Alice and let every spin write your next win!
《奇幻王牌》邀您开启5x4卷轴奇幻之旅！每次旋转皆闪耀1024种赢线，触发免费旋转后待黄金铭牌降临，让奖励飞跃攀升！高达10倍倍率，更可追逐10,000倍投注额的奇幻大奖！紧跟爱丽丝的脚步，让每次旋转谱写您的胜利篇章！","1. Free Spins with magical Gold Plates that boost your rewards!
2. A powerful 10x multiplier that brings bigger wins to life!
3. Up to 10,000x payout for truly wonder filled moments!",30.1,34.3,5x4,1024 Win Ways,✓,✓,,,,,,,✓,✓,,,,,Free Plays,https://demo8.kingmidasdev.net/games/wonder-ace?test=1,https://publiccdn.kingdomhall729.com/500x500images/KingMidas/wonder-ace_500x500_en.jpg,,,https://publiccdn.kingdomhall729.com/Product+Sheet/wonder-ace_product-brochure_en.pdf,https://publiccdn.kingdomhall729.com/Product+Sheet/wonder-ace_product-brochure_cn.pdf,https://publiccdn.kingdomhall729.com/website/landing/wonder-ace_landing.zip,https://publiccdn.kingdomhall729.com/website/logo/wonder-ace_logo.zip,https://publiccdn.kingdomhall729.com/website/banners/wonder-ace_banners.zip,https://publiccdn.kingdomhall729.com/MarketingAssetsPSD/KingMidas/wonder-ace_psd.zip,https://publiccdn.kingdomhall729.com/website/video/wonder-ace_video.zip,Wonder Ace Slots ,wonder-ace,PENDING,PENDING,PENDING,PENDING,All,GS3,TRUE,TRUE,TRUE,TRUE,TRUE,FALSE,FALSE,TRUE,TRUE,TRUE,TRUE,FALSE,FALSE
KM,193,UFA,Live,2025-11-19,2025-11-12,2025-12-23,,2025-11-12,flame-of-fortune,Flame of Fortune,财富之焰,烈焰一路發," 
 	
เปลวไฟแห่งโชคลาภ"," 
         
Flame of Fortune"," 
 	
Flame of Fortune",,," 
 	
Flame of Fortune"," 
 	
Flame of Fortune"," 
         
Пламя удачи"," 
 	
Flame of Fortune",,,,96.99%,10000X,-,10000X,MEDIUM,,32.00%,SLOTS,VIDEO-SLOT,WINWAYS,,,"1024 WIN WAYS, BUY FEATURE, HOLD & SPIN, LOTUS, MULTIPLIER WHEEL, NEZHA, PEACH, SCATTER, WILD
",,,,"Your legend awaits in Flame of Fortune! Feel the power of cascading reels, where every win triggers consecutive wins and ignites the Multiplier Wheel for ever-growing rewards. Watch as gold-plated symbols transform into Wilds, forging your path to victory. Land 3 Scatters to unlock the Hold & Spin Feature and fill the reels to unleash powerful multipliers and legendary wins. With 1,024 ways to win, every spin is a chance to claim your legend!","Gold symbols turn into Wilds for stronger hits!
Hold and Spin Feature with powerful multipliers!
1,024 ways to win with every spin!",22.1,28.5,5x4,1024 Win Ways,✓,✓,,✓,,,✓,,✓,✓,,,,,"Free Plays, Tournament, Cash Drop",https://demo8.kingmidasdev.net/games/flame-of-fortune?test=1&currency=EUR,https://publiccdn.kingdomhall729.com/500x500images/KingMidas/flame-of-fortune_500x500_en.jpg,https://publiccdn.kingdomhall729.com/Product+Sheet/flame-of-fortune_product-brochure_en.pdf,https://publiccdn.kingdomhall729.com/website/landing/flame-of-fortune_landing.zip,https://publiccdn.kingdomhall729.com/Product+Sheet/flame-of-fortune_product-brochure_en.pdf,https://publiccdn.kingdomhall729.com/Product+Sheet/flame-of-fortune_product-brochure_cn.pdf,https://publiccdn.kingdomhall729.com/website/landing/flame-of-fortune_landing.zip,https://publiccdn.kingdomhall729.com/website/logo/flame-of-fortune_logo.zip,https://publiccdn.kingdomhall729.com/Zip_masterGames/KingMidas/flame-of-fortune_assets.zip,https://publiccdn.kingdomhall729.com/MarketingAssetsPSD/KingMidas/flame-of-fortune_psd.zip,https://publiccdn.kingdomhall729.com/website/video/flame-of-fortune_video.zip,Flame of Fortune Slots Flame of Fortune Slots,flame-of-fortune,PENDING,PENDING,CERTIFIED,PENDING,"All, Except THB",GS3,TRUE,TRUE,TRUE,TRUE,TRUE,FALSE,FALSE,TRUE,TRUE,TRUE,TRUE,FALSE,FALSE
KM,191,,Live,2026-01-27,2025-12-17,,,2025-12-17,judi-koprok,Indonesian Animal Dice,,,ลูกเต๋าสัตว์อินโดนีเซีย,Tài Xỉu Indonesia,Judi Koprok,,,,,Индонезийские Кубики,Endonezya Hayvan Zarları,,,,97.00%,4X,19X,28X,MEDIUM,,,CLASSIC,TABLE,DICE,,,"ANIMAL DICE, CASUAL, INDONESIA, TABLE GAME, TRADITIONAL
",,,,"Join the party with Indonesian Animal Dice, a classic dice game where symbols and animals decide your win! Place your bets and feel the thrill as the dice roll. Watch for the Golden Dice and Diamond Dice, which trigger special bonus rewards. With payouts reaching up to 28x, every roll could be your lucky break!

加入《Indonesian Animal Dice》的欢乐对局，体验经典骰子玩法的全新演绎！动物与符号决定你的胜负，只需下注并等待骰子掷出结果。游戏中若出现黄金骰子或钻石骰子，即可触发额外奖励。最高可赢得28倍投注，每一次掷骰都可能带来惊喜回报。","1. Golden and Diamond Dice grant bonus rewards!
2. Win up to 28x your bet!

1. 黄金骰子与钻石骰子可触发额外奖励！
2. 最高可赢 28 倍投注！",17.5,24.1,N.A,,,,,,,,,,,,,,,,,https://demo8.kingmidasdev.net/games/judi-koprok?currency=EUR&test=1,https://publiccdn.kingdomhall729.com/500x500images/KingMidas/indonesian-animal-dice_500x500_en.jpg,,,https://publiccdn.kingdomhall729.com/Product+Sheet/indonesian-animal-dice_product-brochure_en.pdf,https://publiccdn.kingdomhall729.com/Product+Sheet/indonesian-animal-dice_product-brochure_cn.pdf,https://publiccdn.kingdomhall729.com/website/landing/indonesian-animal-dice_landing.zip,https://publiccdn.kingdomhall729.com/website/logo/indonesian-animal-dice_logo.zip,https://publiccdn.kingdomhall729.com/website/banners/indonesian-animal-dice_banners.zip,https://publiccdn.kingdomhall729.com/MarketingAssetsPSD/KingMidas/indonesian-animal-dice_psd.zip,https://publiccdn.kingdomhall729.com/website/video/indonesian-animal-dice_video.zip,GDD - Judi Koprok.xlsx,Table Games Translations Masterlist,PENDING,PENDING,PENDING,PENDING,All,GS1,TRUE,FALSE,TRUE,TRUE,TRUE,FALSE,FALSE,FALSE,FALSE,TRUE,TRUE,FALSE,FALSE
KM,190,,Live,2025-12-16,2025-11-19,,,2025-12-03,bai-cao-black-red,Bai Cao Black & Red,,,"ไพ่สามใบเวียดนาม
ดำแดง",Bài Cào Tài Phú,,,,,,Бай Цао Черно-Красный,Bai Cao Siyah Kirmizi,,,,97.19%,46X,2X,124X,MEDIUM,,,CLASSIC,TABLE,CARD,,,"CARD, CASUAL, TABLE GAME, TRADITIONAL, VIETNAM
",,,,"Step into the thrill of Bai Cao Black & Red, where you bet on which side holds the stronger hand! Catch random 2x Bonus surprises while side bets can take your payout all the way up to 124x! The question is… which color will bring your fortune?

进入《黑红三公》的世界，选择黑方或红方，猜哪一边的手牌更强！随机出现双倍奖励随时提升回报，搭配侧注更有机会赢取高达124倍的超高倍奖励。你的好运，会落在哪一边？","1. Bet on Black or Red for quick wins.
2. Random 2x Bonus boosts your reward anytime.
3. Side bet feature unlocks payouts up to 124x.

1. 选择黑或红，轻松下注快速开局。
2. 随机双倍奖励，随时触发更高回报。
3. 侧注玩法，最高可赢取124倍奖励。",16.0,22.0,N.A,,,,,,,,,,,,,,,,,https://demo8.kingmidasdev.net/games/bai-cao-black-red?currency=EUR&test=1,https://publiccdn.kingdomhall729.com/500x500images/KingMidas/bai-cao-black-red_500x500_en.jpg,,,https://publiccdn.kingdomhall729.com/Product+Sheet/bai-cao-black-red_product-brochure_en.pdf,https://publiccdn.kingdomhall729.com/Product+Sheet/bai-cao-black-red_product-brochure_cn.pdf,https://publiccdn.kingdomhall729.com/website/landing/bai-cao-black-red_landing.zip,https://publiccdn.kingdomhall729.com/website/logo/bai-cao-black-red_logo.zip,https://publiccdn.kingdomhall729.com/Zip_masterGames/KingMidas/bai-cao-black-red_assets.zip,https://publiccdn.kingdomhall729.com/MarketingAssetsPSD/KingMidas/bai-cao-black-red_psd.zip,https://publiccdn.kingdomhall729.com/website/video/bai-cao-black-red_video.zip,GDD - Bai Cao Black & Red.xlsx,Table Games Translations Masterlist,PENDING,PENDING,PENDING,PENDING,All,GS1,TRUE,FALSE,TRUE,TRUE,FALSE,FALSE,FALSE,FALSE,FALSE,TRUE,TRUE,FALSE,FALSE
KM,188,UFA Only,Live,2025-10-02,,N.A,N.A,2025-08-13,thai-hi-lo-football-fever,Thai Hi-Lo: Football Fever,,,ไฮโลไทย: ฟุตบอลฟีเวอร์,,,,,,,,,,,,96.00%,6X,4X,21X,HIGH,,,CLASSIC,TABLE,DICE,Thailand,,,South East Asia,,Thailand,"Thai Hi-Lo: Football Fever kicks off with 3 dice rolling in a sizzling shaker! Bet on High, Low, or other winning combos and feel the rush of every play. A random Bonus can land anywhere to double your payout. Score your championship in Thai Hi-Lo: Football Fever with payouts soaring up to 21x!",,13.4,18.5,N.A,,,,,,,,,,,,,,,,,N.A,https://publiccdn.kingdomhall729.com/500x500images/KingMidas/thai-hi-lo-football-fever_500x500_en.jpg,,,N.A,N.A,https://publiccdn.kingdomhall729.com/website/landing/thai-hi-lo-football-fever_landing.zip,https://publiccdn.kingdomhall729.com/website/logo/thai-hi-lo-football-fever_logo.zip,https://publiccdn.kingdomhall729.com/Zip_masterGames/KingMidas/thai-hi-lo-football-fever_assets.zip,https://publiccdn.kingdomhall729.com/MarketingAssetsPSD/KingMidas/thai-hi-lo-football-fever_psd.zip,N.A,,,PENDING,PENDING,PENDING,PENDING,THB Only,GS2,TRUE,FALSE,TRUE,FALSE,FALSE,FALSE,FALSE,FALSE,FALSE,FALSE,FALSE,FALSE,FALSE
OG,185,,Live,2026-04-28,2026-02-10,,,2026-02-10,km-eyes-of-ra,Eyes Of Ra,Eyes Of Ra,,Eyes Of Ra,Eyes Of Ra,Eyes Of Ra,Eyes Of Ra,,,,,,,,,96.00%,3510X,,3510X,HIGH,,25.60%,SLOTS,VIDEO-SLOT,PAYLINES,,,"25 PAYLINES, BUY FEATURE, DOUBLE CHANCE, EYES OF RA, FREE SPIN, RETRIGGER, SPHINX, STACKED SYMBOLS, WILD
",,,,"Unlock ancient power in Eyes of Ra, a 5x3 slot with 25 paylines! Land 3–5 Eye of Ra symbols to trigger up to 12 Free Games, with chances to retrigger up to 300 spins! Choose between bigger stacked symbols or 2x multipliers, boosting wins across every spin!

在《拉神之眼》中释放古埃及之力！这是一款 5x3、25 线的老虎机游戏。出现 3–5 个拉神之眼符号可触发最多 12 次免费游戏，并可重触发高达 300 次免费旋转！选择更大符号堆叠或 2 倍派彩，全面提升每一次旋转的中奖潜力！","1. Land 3–5 Eye of Ra symbols to trigger up to 12 Free Games with retriggers!
2. Random stacked symbols increase chances of multiple line wins every spin!
3. Choose bigger stacks or 2x multipliers to enhance winning potential!

1. 出现 3–5 个拉神之眼符号可触发最多 12 次免费游戏，并可重触发高达300次免费旋转！
2. 每次旋转随机堆叠符号，提升多线中奖机会！
3. 可选择更大堆叠或 2 倍派彩，强化整体赢奖表现！",14.1,11.5,5x3,25 Paylines,✓,✓,,✓,,,,,,,,,✓,,,https://staging-gp-og-game.og1-net.com/gamelauncher/gamesapi/tgp/kingmidas/km/gameUrl/km-eyes-of-ra?test=1,https://publiccdn.kingdomhall729.com/500x500images/KingMidas/eyes-of-ra_500x500_en.jpg,,,https://publiccdn.kingdomhall729.com/Product+Sheet/eyes-of-ra_product-brochure_en.pdf,N.A,https://publiccdn.kingdomhall729.com/website/landing/eyes-of-ra_landing.zip,https://publiccdn.kingdomhall729.com/website/logo/eyes-of-ra_logo.zip,https://publiccdn.kingdomhall729.com/website/banners/eyes-of-ra_banners.zip,https://publiccdn.kingdomhall729.com/MarketingAssetsPSD/KingMidas/eyes-of-ra_psd.zip,N.A,,,PENDING,PENDING,PENDING,PENDING,All,GS7,TRUE,TRUE,TRUE,TRUE,TRUE,TRUE,FALSE,FALSE,FALSE,FALSE,FALSE,FALSE,FALSE
OG,184,,Live,2026-04-28,2026-02-10,,,2026-02-10,km-the-big-the-fat-and-the-ugly,The Big The Fat And The Ugly,The Big The Fat And The Ugly,,The Big The Fat And The Ugly,The Big The Fat And The Ugly,The Big The Fat And The Ugly,The Big The Fat And The Ugly,,,,,,,,,96.20%,4145X,,4145X,HIGH,,23.70%,SLOTS,VIDEO-SLOT,PAYLINES,,,"20 PAYLINES, BOUNTY HUNTER, BUY FEATURE, DOUBLE CHANCE, FEATURED WILD, FREE SPIN, OUTLAWS, SCATTER, WANTED POSTERS, WESTERN
",,,,"Step into a wild west hunt in The Big The Fat And The Ugly, a 5x3 slot with 20 paylines! Land 3–5 Scatters to trigger up to 30 Free Games, where Bounty Hunters collect rewards from Wanted Posters. Mystery Posters reveal bigger bounties, leading to massive rewards as you track down the outlaws!

踏入西部赏金之旅，在 The Big The Fat And The Ugly 中追捕亡命之徒！这是一款 5x3、20 线的老虎机游戏。出现 3–5 个分散符号可触发最多 30 次免费游戏，赏金猎人收集悬赏海报奖励，神秘海报可揭示更高赏金，赢取丰厚奖励！","1. Land 3–5 Scatters to trigger up to 30 Free Games!
2. Bounty Hunter Wilds collect all rewards from Wanted Posters during Free Games!
3. Mystery Wanted Posters reveal bigger bounties for higher rewards!

1. 出现 3–5 个拉神之眼符号可触发最多 12 次免费游戏，并可重触发高达 300 次免费旋转！
2. 免费游戏中，赏金猎人百搭可收集所有悬赏海报奖励！
3. 神秘悬赏海报揭示更高赏金，带来更高奖励！",21.3,12.7,5x3,20 Paylines,✓,✓,,,,,,,,✓,,✓,✓,,,https://staging-gp-og-game.og1-net.com/gamelauncher/gamesapi/tgp/kingmidas/km/gameUrl/km-the-big-the-fat-and-the-ugly?test=1,https://publiccdn.kingdomhall729.com/500x500images/KingMidas/the-big-the-fat-and-the-ugly_500x500_en.jpg,,,https://publiccdn.kingdomhall729.com/Product+Sheet/the-big-the-fat-and-the-ugly_product-brochure_en.pdf,N.A,https://publiccdn.kingdomhall729.com/website/landing/the-big-the-fat-and-the-ugly_landing.zip,https://publiccdn.kingdomhall729.com/website/logo/the-big-the-fat-and-the-ugly_logo.zip,https://publiccdn.kingdomhall729.com/website/banners/the-big-the-fat-and-the-ugly_banners.zip,https://publiccdn.kingdomhall729.com/MarketingAssetsPSD/KingMidas/the-big-the-fat-and-the-ugly_psd.zip,N.A,,,PENDING,PENDING,PENDING,PENDING,All,GS7,TRUE,TRUE,TRUE,TRUE,TRUE,TRUE,FALSE,FALSE,FALSE,FALSE,FALSE,FALSE,FALSE
OG,183,,Live,2026-04-28,2026-02-10,,,2026-02-10,km-wild-miner,Wild Miner,Wild Miner,,Wild Miner,Wild Miner,Wild Miner,Wild Miner,,,,,,,,,96.10%,32440X,,32440X,LOW,,28.65%,SLOTS,VIDEO-SLOT,PAYLINES,,,"30 PAYLINES, BUY FEATURE, CRYSTAL, DOUBLE CHANCE, FREE SPIN, MINER, RETRIGGER, SCATTER, WILD
",,,,"Strike gold in Wild Miner, a 5x3 slot with 30 paylines! Land 3 Scatters on reels 1, 3 and 5 to trigger Free Games and choose your spins with multipliers up to 3x. Wild Miner expands and transforms nearby symbols into Wilds, creating chain reactions and more winning chances on every spin!

在 Wild Miner 中开采黄金！这是一款 5x3、30 线的老虎机游戏。第 1、3、5 转轴出现 3 个分散符号可触发免费游戏，并可选择最高 3 倍倍数。矿工百搭会扩展并将周围符号转化为百搭，触发连锁反应，带来更多中奖机会！","1. Land 3 Scatters on reels 1, 3 and 5 to trigger Free Games with selectable multipliers!
2. Wild Miner expands and turns nearby symbols into Wilds for chain reactions!
3. Random reels fill with expanded Wilds during Free Games for more winning chances!

1. 第 1、3、5 转轴出现 3 个分散符号触发免费游戏，并可选择倍数。
2. 矿工百搭扩展并将周围符号转化为百搭，形成连锁中奖效果。
3. 免费游戏中随机卷轴变为扩展百搭，提升中奖机会。",18.9,12.5,5x4,30 Paylines,✓,✓,,✓,,,,,,✓,,,✓,,,https://staging-gp-og-game.og1-net.com/gamelauncher/gamesapi/tgp/kingmidas/km/gameUrl/km-wild-miner?test=1,https://publiccdn.kingdomhall729.com/500x500images/KingMidas/wild-miner_500x500_en.jpg,,,https://publiccdn.kingdomhall729.com/Product+Sheet/wild-miner_product-brochure_en.pdf,N.A,https://publiccdn.kingdomhall729.com/website/landing/wild-miner_landing.zip,https://publiccdn.kingdomhall729.com/website/logo/wild-miner_logo.zip,https://publiccdn.kingdomhall729.com/website/banners/wild-miner_banners.zip,https://publiccdn.kingdomhall729.com/MarketingAssetsPSD/KingMidas/wild-miner_psd.zip,N.A,,,PENDING,PENDING,PENDING,PENDING,All,GS7,TRUE,TRUE,TRUE,TRUE,TRUE,TRUE,FALSE,FALSE,FALSE,FALSE,FALSE,FALSE,FALSE
OG,182,,Live,2026-04-28,2026-02-10,,,2026-02-10,km-diamond-king,Diamond King,钻石国王,,Diamond King,Diamond King,Diamond King,Diamond King,,,,,,,,,96.30%,4526X,,4526X,HIGH,,22.30%,SLOTS,VIDEO-SLOT,PAYLINES,,,"50 PAYLINES, BUY FEATURE, DIAMOND FEATURE, DOUBLE CHANCE, FREE SPIN, HOLD & SPIN, JACKPOT, MYSTERY, RETRIGGER, SCATTER, SPECIAL, WILD
",,,,"Rule the riches in Diamond King, a 5x3 slot with 50 paylines! Land 3 Scatters on reels 2–4 to trigger 5 Free Games where Mystery symbols reveal Wilds and Special symbols. Collect 6+ Special symbols to activate the Diamond Feature with respins and rewards, with a chance to win the GRAND Jackpot!

在 钻石国王 中掌控财富！这是一款 5x3、50 线的老虎机游戏。第 2–4 转轴出现 3 个 Scatter 可触发 5 次免费游戏，并加入可揭示百搭或特殊符号的神秘符号。出现 6 个或以上特殊符号可触发钻石功能，有机会赢取巨额大奖！","1. Land 3 Scatters on reels 2–4 to trigger 5 Free Games with Mystery symbols.
2. Mystery symbols reveal Wild or Special symbols for extra winning chances.
3. Trigger the Diamond Feature with 6+ Special symbols and fill all 15 positions to win the GRAND Jackpot.

1. 第 2–4 转轴出现 3 个 Scatter 可触发 5 次免费游戏并加入神秘符号！
2. 神秘符号可揭示百搭或特殊符号，带来更多中奖机会！
3. 出现 6 个或以上特殊符号触发钻石功能，填满 15 个位置即可赢取巨额大奖！",31.6,13.9,5x3,50 Paylines,✓,✓,,✓,,,✓,,,,,✓,✓,,,https://staging-gp-og-game.og1-net.com/gamelauncher/gamesapi/tgp/kingmidas/km/gameUrl/km-diamond-king?test=1,https://publiccdn.kingdomhall729.com/500x500images/KingMidas/diamond-king_500x500_en.jpg,,,https://publiccdn.kingdomhall729.com/Product+Sheet/diamond-king_product-brochure_en.pdf,N.A,https://publiccdn.kingdomhall729.com/website/landing/diamond-king_landing.zip,https://publiccdn.kingdomhall729.com/website/logo/diamond-king_logo.zip,https://publiccdn.kingdomhall729.com/website/banners/diamond-king_banners.zip,https://publiccdn.kingdomhall729.com/MarketingAssetsPSD/KingMidas/diamond-king_psd.zip,N.A,,,PENDING,PENDING,PENDING,PENDING,All,GS7,TRUE,TRUE,TRUE,TRUE,TRUE,TRUE,FALSE,FALSE,FALSE,FALSE,FALSE,FALSE,FALSE
OG,181,,Live,2026-04-28,2026-02-10,,,2026-02-10,km-break-the-bank,Break The Bank,打劫银行,,Break The Bank,Break The Bank,Break The Bank,Break The Bank,,,,,,,,,95.90%,1455X,,1455X,MEDIUM,,29.00%,SLOTS,VIDEO-SLOT,PAYLINES,,,"25 PAYLINES, BANK, BUY FEATURE, DOUBLE CHANCE, FREE SPIN, HOLD & SPIN, JACKPOT, RETRIGGER, SCATTER, VAULT, WILD
",,,,"Break into big wins in Break the Bank, a 5x3 slot with 25 paylines! Land 3 Scatters on reels 2–4 to trigger 6 Free Games with BIG SYMBOLS on the middle reels. Trigger the Hold & Win Feature with 6+ Money Bag symbols or a BIG Money Bag for extra spins and loot, including the GRAND Jackpot!

在 《打劫银行》 中赢取巨额奖励！这是一款 5x3、25 线的老虎机游戏。第 2–4 转轴出现 2–4 个分散符号可触发 6 次可再次触发的免费游戏，中间卷轴为大符号。收集 6 个或以上钱袋符号，或一个大钱袋符号，可启动锁定赢大奖功能，触发连旋并有机会赢取 巨额大奖！","1. Land 3 Scatters on reels 2–4 to trigger 6 Free Games with BIG SYMBOLS!
2. Hold & Win Feature triggers up to 3 respins for extra rewards!
3. Fill all 15 reels with Money Bags to win the GRAND Jackpot!

1. 第 2–4 转轴出现 2–4 个分散符号可触发 6 次免费游戏，中间卷轴显示大符号!
2. 当出现 6 个或更多钱袋符号时，锁定赢大奖功能触发连旋，收集额外奖励!
3. 填满所有 15 个卷轴位置的钱袋符号即可赢取 巨额大奖!",19.1,13.4,5x3,25 Paylines,✓,✓,,✓,,,✓,,,,,✓,✓,,,https://staging-gp-og-game.og1-net.com/gamelauncher/gamesapi/tgp/kingmidas/km/gameUrl/km-break-the-bank?test=1,https://publiccdn.kingdomhall729.com/500x500images/KingMidas/break-the-bank_500x500_en.jpg,,,https://publiccdn.kingdomhall729.com/Product+Sheet/break-the-bank_product-brochure_en.pdf,N.A,https://publiccdn.kingdomhall729.com/website/landing/break-the-bank_landing.zip,https://publiccdn.kingdomhall729.com/website/logo/break-the-bank_logo.zip,https://publiccdn.kingdomhall729.com/website/banners/break-the-bank_banners.zip,https://publiccdn.kingdomhall729.com/MarketingAssetsPSD/KingMidas/break-the-bank_psd.zip,N.A,,,PENDING,PENDING,PENDING,PENDING,All,GS7,TRUE,TRUE,TRUE,TRUE,TRUE,TRUE,FALSE,FALSE,FALSE,FALSE,FALSE,FALSE,FALSE
OG,180,,Live,2026-04-28,2026-02-10,,,2026-02-10,km-white-elephant,White Elephant,白象,,ช้างเผือก,White Elephant,White Elephant,White Elephant,,,,,,,,,96.30%,4307X,,4307X,HIGH,,24.20%,SLOTS,VIDEO-SLOT,PAYLINES,,,"50 PAYLINES, ANIMALS, BIG SYMBOLS, BUY FEATURE, DOUBLE CHANCE, FREE SPIN, HOLD & SPIN, JACKPOT, RETRIGGER, SCATTER, SPLASH FEATURE, WILD
",,,,"Celebrate big wins in White Elephant, a 5x3 slot with 50 paylines! Land 3 Scatters on reels 2–4 to trigger 5 Free Games with BIG SYMBOLS on the middle reels. Trigger the Splash Feature with 6+ special symbols for extra spins and pay rewards, with a chance to hit THE GRAND jackpot!

在 白象 中享受巨额奖励！这是一款 5x3、50 线的老虎机游戏。在第 2–4 转轴上出现 3 个 Scatter 可触发 5 次免费游戏，中间转轴上的符号将变为 大符号。触发 Splash 功能可获得额外旋转和奖励，还有机会赢取巨额大奖！","1. Land 3 Scatters on reels 2–4 to trigger 5 Free Games with BIG SYMBOLS!
2. Splash Feature triggers up to 3 respins with extra rewards!
3. Fill all 15 reels with COIN or SPECIAL symbols to win THE GRAND jackpot!

1. 第 2–4 转轴出现 3 个 Scatter 可触发 5 次免费游戏并生成大符号！
2. 触发 Splash 功能，获得最多 3 次连旋及额外奖励！
3. 当 15 个转轴位置都被 COIN 或特殊符号填满，即可赢取 THE GRAND 奖池！",23.3,11.9,5x3,50 Paylines,✓,✓,,✓,,,✓,,,,,✓,✓,,,https://staging-gp-og-game.og1-net.com/gamelauncher/gamesapi/tgp/kingmidas/km/gameUrl/km-white-elephant?test=1,https://publiccdn.kingdomhall729.com/500x500images/KingMidas/white-elephant_500x500_en.jpg,,,https://publiccdn.kingdomhall729.com/Product+Sheet/white-elephant_product-brochure_en.pdf,N.A,https://publiccdn.kingdomhall729.com/website/landing/white-elephant_landing.zip,https://publiccdn.kingdomhall729.com/website/logo/white-elephant_logo.zip,https://publiccdn.kingdomhall729.com/website/banners/white-elephant_banners.zip,https://publiccdn.kingdomhall729.com/MarketingAssetsPSD/KingMidas/white-elephant_psd.zip,N.A,,,PENDING,PENDING,PENDING,PENDING,All,GS7,TRUE,TRUE,TRUE,TRUE,TRUE,TRUE,FALSE,FALSE,FALSE,FALSE,FALSE,FALSE,FALSE
KM,157,,Live,2025-10-17,2025-10-01,2025-12-23,,2025-10-01,bai-cao-mystic-four,Bai Cao Mystic Four,三公秘四,,ไพ่เก้าแต้มสี่ปริศนา,Bài Cào Tứ Linh,Empat Mistis Bai Cao,,,,,,,,,,98.30%,8.7X,2X,8.7X,MEDIUM,,,CLASSIC,TABLE,CARD,Vietnam,,"BAI CAO, CARD GAME, DRAGON , PHOENIX, QILIN, TABLE GAME, TRADITIONAL, TURTLE, VIETNAM",South East Asia,,Vietnam,"Bai Cao Mystic Four brings you the thrill of Vietnam’s popular fast-paced card game. Four sets of three-card hands are dealt, and all you need to do is pick the one that beats the dealer. Feel the rush as the 2x Bonus can drop at any moment to boost your winnings. With a highest payout of 8.7x, every round is a chance to strike big!
《三公秘四》带您沉浸式体验风靡越南的极速纸牌对决！四组手牌同时发放，您只需挑选任意一组能与庄家抗衡的牌组，即可轻松赢取奖励。对决过程中，随机降临的2倍奖励加成可能随时触发，让您的收益瞬间翻倍！最高8.7倍的巨额回报等待您的夺取。每局都是速度与运气的双重考验，每次选择都可能创造新的财富传奇！","1. Choose your color and challenge the dealer’s hand!
2. Random 2x Bonus can double your win instantly!
3. Highest payout reaches up to 8.7x!
1. 随机2倍奖励突袭，激活心跳加速时刻！
2. 8.7倍封顶收益，速战速决见证奇迹！
3. 极速回合制，体验东南亚风情博弈魅力！",14.8,20.9,N.A,,,,,,,,,,,,,,,,,https://demo8.kingmidasdev.net/games/bai-cao-mystic-four?currency=EUR&test=1,https://publiccdn.kingdomhall729.com/500x500images/KingMidas/bai-cao-mystic-four_500x500_en.jpg,,,https://publiccdn.kingdomhall729.com/Product+Sheet/bai-cao-mystic-four_product-brochure_en.pdf,https://publiccdn.kingdomhall729.com/Product+Sheet/bai-cao-mystic-four_product-brochure_cn.pdf,https://publiccdn.kingdomhall729.com/website/landing/bai-cao-mystic-four_landing.zip,https://publiccdn.kingdomhall729.com/website/logo/bai-cao-mystic-four_logo.zip,https://publiccdn.kingdomhall729.com/website/banners/bai-cao-mystic-four_banners.zip,https://publiccdn.kingdomhall729.com/MarketingAssetsPSD/KingMidas/bai-cao-mystic-four_psd.zip,https://publiccdn.kingdomhall729.com/website/video/bai-cao-mystic-four_video.zip,GDD - Bai Cao Tu Linh,Table Games Translations Masterlist,PENDING,PENDING,PENDING,PENDING,All,GS1,TRUE,TRUE,TRUE,TRUE,TRUE,FALSE,FALSE,FALSE,FALSE,TRUE,TRUE,FALSE,FALSE
KB,156,UFA,Live,2025-09-29,2026-01-09,,,2026-02-05,azt,Aztec Fortune,阿兹特克财富,阿茲特克財富,โชคลาภแอซเท็ก,Aztec Huyền Bí,Harta Aztec,아즈텍 포춘,,A Fortuna Asteca,La Fortuna Azteca,Ацтекское Сокровище,Aztek Hazinesi,আজটেক ফর্চুন,एज़टेक फॉर्च्यून,,96.95%,5000X,,5000X,MEDIUM,,28.97%,SLOTS,VIDEO-SLOT,CASCADE,All,,"2000 WIN WAYS, AZTEC, CASCADING WINS, GOLDEN SYMBOL, INCREASING MULTIPLIER, RETRIGGER, SCATTER, WILD
",Latin America,Europe,"United Kingdom
United States of America
Mexico","Uncover the ancient riches in Aztec Fortune, an exciting 5x4 slot with expanding rows and non-stop wins! Golden symbols appear on the middle reels, turning into Wilds as multipliers rise to a mighty 10x! Land 3 or more Scatters to unlock 10 or more Free Spins. With every cascade, fortune grows. Chase the power of the gods and win up to 5000x!
《阿兹特克财富》带您深入神秘地图，探寻失落的黄金城！在这片5x4图腾转盘中，胜利将唤醒沉睡的机关落下新的图案，创造更多制胜机会！胜利之神随时可能苏醒，化身所向披靡的百搭图腾，并带来最高10倍的财富增幅！当三枚神圣的符号同时显现，您将获得至少10次神秘旋转，每次消除都让奖励层层叠加！在这趟冒险之旅的终点，等待您的是至高无上的5000倍黄金大奖！准备好揭开古文明的最大秘密了吗？","1. Gold-plated symbols transform into Wilds for extra wins!
2. Trigger 10 Free Spins with rising multipliers up to 10x!
1. 镀金图腾觉醒，蜕变为万能符号助您横扫奖池！
2. 激活10次神圣旋转，倍率阶梯式暴涨至10倍巅峰！",13.6,32.1,5x4,2000 Win Ways,,✓,,✓,,,,,✓,✓,,,,✓,"Tournament, Cash Drop",https://aztec-fortune-demo.gs6.kingmidasdev.net/?test=1,https://publiccdn.kingdomhall729.com/500x500images/KingMidas/aztec-fortune_500x500_en.jpg,,,https://publiccdn.kingdomhall729.com/Product+Sheet/aztec-fortune_product-brochure_en.pdf,https://publiccdn.kingdomhall729.com/Product+Sheet/aztec-fortune_product-brochure_cn.pdf,https://publiccdn.kingdomhall729.com/website/landing/aztec-fortune_landing.zip,https://publiccdn.kingdomhall729.com/website/logo/aztec-fortune_logo.zip,https://publiccdn.kingdomhall729.com/website/banners/aztec-fortune_banners.zip,https://publiccdn.kingdomhall729.com/MarketingAssetsPSD/KingMidas/aztec-fortune_psd.zip,https://publiccdn.kingdomhall729.com/website/video/aztec-fortune_video.zip,,,PENDING,PENDING,PENDING,PENDING,"All, Except THB",GS6,TRUE,TRUE,TRUE,TRUE,TRUE,TRUE,FALSE,TRUE,TRUE,TRUE,TRUE,TRUE,TRUE
KM,155,UFA,Live,2025-09-29,2025-08-27,2025-10-30,,2025-09-10,mahjong-beauty,Mahjong Beauty,美女麻将,美女麻將,ไพ่นกกระจอก สาวงาม,Giai Nhân Mạt Chược,Mahjong Beauty,마종 뷰티,,Mahjong Beauty,Mahjong Beauty,Mahjong Beauty,,,,,96.99%,10000X,,10000X,MEDIUM,,32.05%,SLOTS,VIDEO-SLOT,CASCADE,China,,"2000 WINWAYS, CASCADING WINS, DRAGON, FREE SPINS, MAHJONG TILES, MEGA WIN, SCATTER, WILDS
",East Asia,South East Asia,"China
Malaysia","Mahjong Beauty Ways invites you to a stunning 5x4 slot journey that blends the elegance of mahjong with endless fortunes. With up to 2,000 ways to win, every spin can trigger cascading wins that lift  your multiplier all the way up to 10x in Free Spins. Land 3 or more Scatters to unlock Free Spins, where golden tiles turn into Wilds to bring even bigger prizes. With a max payout of 5,000x your bet, Mahjong Beauty Ways turns each spin into a beautiful path toward riches!

侵入《美女麻将》的华丽世界，每一次旋转都让您感受经传统麻将美学与现代财富之道的完美碰撞！转动5x4的绚丽转轴，解锁多达2,000种赢法，每次消除连锁都让您倍率飙升，免费旋转阶段直冲10倍暴击！收集3个或更多Scatter触发免费旋转，黄金麻将牌化作万能百搭，助您横扫大奖！最高可赢取单注5,000倍的终极财富！","1. Cascading wins that build up your multiplier for bigger rewards!
2. Trigger 10 Free Spins by landing 3 or more Scatters.
3. Watch golden tiles transform into Wilds for bigger wins
4. Chase the ultimate prize with a jaw-dropping 5,000x your bet!

1. 连环暴富机制，每次消除触发倍率飙升，赢越多翻越狠！
2. 3个Scatter即刻开启10次免费旋转，黄金牌助阵收益翻倍！
3. 精美麻将牌随机化身为Wild，轻松打通赢钱路径！
4. 终极一击5000倍 – 幸运降临，单局狂揽惊天巨奖！",20.7,25.7,5x4,2000 Win Ways,✓,✓,,✓,,,,,✓,✓,,,,,"Free Plays, Tournament, Cash Drop",https://demo8.kingmidasdev.net/games/mahjong-beauty?currency=EUR&test=1,https://publiccdn.kingdomhall729.com/500x500images/KingMidas/mahjong-beauty_500x500_en.jpg,,,https://publiccdn.kingdomhall729.com/Product+Sheet/mahjong-beauty_product-brochure_en.pdf,https://publiccdn.kingdomhall729.com/Product+Sheet/mahjong-beauty_product-brochure_cn.pdf,https://publiccdn.kingdomhall729.com/website/landing/mahjong-beauty_landing.zip,https://publiccdn.kingdomhall729.com/website/logo/mahjong-beauty_logo.zip,https://publiccdn.kingdomhall729.com/website/banners/mahjong-beauty_banners.zip,https://publiccdn.kingdomhall729.com/MarketingAssetsPSD/KingMidas/mahjong-beauty_psd.zip,https://publiccdn.kingdomhall729.com/website/video/mahjong-beauty_video.zip,Mahjong Beauty Slots,mahjong-beauty-way,PENDING,PENDING,PENDING,PENDING,All,GS3,TRUE,TRUE,TRUE,TRUE,TRUE,FALSE,FALSE,TRUE,TRUE,TRUE,FALSE,FALSE,FALSE
KB,154,"UFA, MPS",Live,2026-01-09,2026-01-09,,,2026-02-05,zeus,Treasures of Olympus 1000,奥林匹斯的宝藏1000,奧林帕斯寶藏 1000,ขุมทรัพย์โอลิมปัส1000,Kho Báu Của Olympus 1000,Harta Olympus 1000,올림푸스의 보물 1000,,Tesouros do Olimpo 1000,Tesoros del Olimpo 1000,Сокровища Олимпа 1000,Olimpus Hazineleri 1000,অলিম্পাসের ধন 1000,ओलंपस के खजाने 1000,,96.95%,15000X,,15000X,HIGH,,27.94%,SLOTS,VIDEO-SLOT,SCATTER PAYS,Greece,,"BUY FEATURE, CASCADING WINS, FREE SPIN, GREEK MYTHOLOGY, MULTIPLIER SYMBOL, RETRIGGER, SCATTER PAYS, ZEUS
",Europe,,"United Kingdom
United States of America
Greece","Enter the realm of gods in Treasures of Olympus 1000, a 6x5 slot filled with divine rewards! Match 8 or more symbols anywhere on the screen and watch them tumble away for nonstop wins. Multiplier symbols worth up to 1,000x can appear at any time for massive payouts! Land 4 or more Scatters to unlock 15 Free Spins, where multipliers grow with every win. Spin for glory and win up to an epic 15,000x!
《奥林匹斯的宝藏1000》邀您开启神话般的财富之旅！6x5的恢弘转盘中，8个相同符号任意相连即触发震撼消除效果，胜利接踵而至！神秘倍率符号随时空降，最高赐予1000倍财富恩赐！当4道宙斯雷电划破天际，15轮神圣旋转即刻开启——每次取胜都将获得众神馈赠的倍率加持！在这片神恩眷顾之地，勇者最高可斩获15000倍惊天大奖！立即启程，让奥林匹斯众神为您的幸运加冕！","1. Symbols pay anywhere with tumbling wins for endless combos!
2. Multiplier symbols up to 1,000x boost every spin!
3. Trigger 15 Free Spins with rising multipliers and epic payouts!
1. 符号任意排列，消除续战无限连发！
2. 每局都有机会爆出1000倍乘数加持！
3. 激活15次免费旋转，倍率越飙越高，奖励突破天际！",13.0,32.8,6x5,Scatter Pays,✓,✓,,✓,,,,✓,,,,,,✓,"Tournament, Cash Drop",https://treasures-of-olympus-1000-demo.gs6.kingmidasdev.net/?test=1&lang=en&currency=USD&buy_feature=1&instant_play=1,https://publiccdn.kingdomhall729.com/500x500images/KingMidas/treasures-of-olympus-1000_500x500_en.jpg,,,https://publiccdn.kingdomhall729.com/Product+Sheet/treasures-of-olympus-1000_product-brochure_en.pdf,https://publiccdn.kingdomhall729.com/Product+Sheet/treasures-of-olympus-1000_product-brochure_cn.pdf,https://publiccdn.kingdomhall729.com/website/landing/treasures-of-olympus-1000_landing.zip,https://publiccdn.kingdomhall729.com/website/logo/treasures-of-olympus-1000_logo.zip,https://publiccdn.kingdomhall729.com/website/banners/treasures-of-olympus-1000_banners.zip,https://publiccdn.kingdomhall729.com/MarketingAssetsPSD/KingMidas/treasures-of-olympus-1000_psd.zip,https://publiccdn.kingdomhall729.com/website/video/treasures-of-olympus-1000_video.zip,,,PENDING,PENDING,PENDING,PENDING,"All, Except THB",GS6,TRUE,TRUE,TRUE,TRUE,TRUE,TRUE,FALSE,TRUE,TRUE,TRUE,TRUE,TRUE,TRUE
KB,153,UFA,Live,2025-09-29,2026-02-11,,,2026-02-13,cleo-cleopatra,Cleopatra’s Fortune Ways,克利奥帕特拉的财富之路,埃及豔后幸運中獎路,เส้นทางโชคลาภแห่งคลีโอพัตรา,Cleopatra Đường Tài Phú,Cleopatra Cara Kekayaan,클레오파트라의 포춘 웨이즈,,Cleópatra: Rotas da Fortuna,Caminos de la Fortuna de Cleopatra,Клеопатра: Сокровища и Пути,Kleopatra'nın Şans Yolları,ক্লিওপেট্রার ফরচুন ওয়ে,क्लियोपेट्रा की फॉर्च्यून वेज़,,96.95%,5000X,,5000X,MEDIUM,,28.97%,SLOTS,VIDEO-SLOT,CASCADE,Egypt,,"2000 WINWAYS, BONUS BUY, CASCADING WINS, FREE SPINS, MEGA WIN, SCATTER, WILDS
",North America,Europe,"United Kingdom
United States of America
Egypt","Indulge in the mystique of Cleopatra’s Fortune Ways. This 5x4 reel slot offers up to 2,000 win ways with cascading symbols for non-stop chances to win. Gold-plated symbols light up the reels and transform into Wilds for even bigger rewards. Land 3 or more Scatters to unlock 10 Free Spins or more. During Free Spins, each win boosts your multiplier up to x10! Riches, royalty, and endless excitement await in Cleopatra’s Fortune Ways.
穿越时空的黄金邀约！在《克利奥帕特拉的财富之路》的5x4古老卷轴中藏有2000条获胜路径，每次消除都将带来新的财富契机。当三枚埃及艳后头像同时出现，神秘的力量将为您开启10次神圣旋转——每一次胜利都让倍率如金字塔般层层叠加，直冲10倍巅峰！在这片黄金与神秘交织的国度，最高5000倍的终极财富正等待着真正的冒险者。此刻启程，让艳后的祝福指引您走向无限荣光！","1. Golden symbols transform into Wilds for bigger rewards!
2. Cascading Symbols create back-to-back win opportunities in a single spin!
3. Win up to 10 Free Spins or more, with multipliers rising as high as 10x!
1. 特定符号蜕变为百搭图腾，瞬间激活多重赢线！
2. 获胜符号自动爆破，新符号连环坠落，单局触发多重收益！
3. 收集3枚Scatters即刻开启10+次旋转，每局胜利使倍率疯狂攀升至10倍封顶！",17.1,40.6,5x4,2000 Win Ways,,✓,,✓,,,,,✓,✓,,,,✓,,https://cleopatras-fortune-ways-demo.gs6.kingmidasdev.net/?test=1,https://publiccdn.kingdomhall729.com/500x500images/KingMidas/cleopatras-fortune-ways_500x500_en.jpg,,,https://publiccdn.kingdomhall729.com/Product+Sheet/cleopatras-fortune-ways_product-brochure_en.pdf,https://publiccdn.kingdomhall729.com/Product+Sheet/cleopatras-fortune-ways_product-brochure_cn.pdf,https://publiccdn.kingdomhall729.com/website/landing/cleopatras-fortune-ways_landing.zip,https://publiccdn.kingdomhall729.com/website/logo/cleopatras-fortune-ways_logo.zip,https://publiccdn.kingdomhall729.com/website/banners/cleopatras-fortune-ways_banners.zip,https://publiccdn.kingdomhall729.com/MarketingAssetsPSD/KingMidas/cleopatras-fortune-ways_psd.zip,https://publiccdn.kingdomhall729.com/website/video/cleopatras-fortune-ways_video.zip,,,PENDING,PENDING,PENDING,PENDING,"All, Except THB",GS6,TRUE,TRUE,TRUE,TRUE,TRUE,TRUE,FALSE,TRUE,TRUE,TRUE,TRUE,TRUE,TRUE
KB,152,UFA,Live,2026-01-09,2026-01-09,,,2026-02-05,bg-bunny-girl,Bunny VIP Night,兔子 VIP 夜晚,兔女郎VIP之夜,ค่ำคืนวีไอพีกระต่าย,Đêm VIP của Thỏ,Kelinci Malam VIP,토끼 VIP 밤,,Noite VIP do Coelho,Noche VIP del Conejo,Ночной Кролик VIP,Tavşan VIP Gecesi,খরগোশ VIP রাত,खरगोश VIP रात,,96.95%,15000X,,15000X,HIGH,,27.94%,SLOTS,VIDEO-SLOT,SCATTER PAYS,United States of America,,"1000 WINWAYS, BONUS BUY, CASCADING WINS, FREE SPINS, MEGA WIN, SCATTER, WILDS
",North America,Europe,"United Kingdom
United States of America
","Enter the club of Bunny VIP Night, a glamorous 6x5 reel slot where symbols pay anywhere on the screen! Land 4 or more Scatters to unlock 15 Free Spins with a stacking multiplier that grows with each win. Look out for random multiplier symbols up to 1,000x, and chase the grand prize of up to 15,000x!  Spin fast, win big, and enjoy a night of VIP rewards!
欢迎来到《兔子 VIP 夜晚》！在这闪耀着霓虹灯光的6x5豪华转盘上，只要任意位置出现8个相同符号即可赢得奖励！收集4个黄金盾牌或更多，立即解锁15次免费旋转——每次获胜都能叠加倍率，让奖金不断飙升！更有机遇触发最高1000倍的随机倍率符号，向终极15000倍大奖发起冲击！在霓虹闪耀的舞池中央，每一次旋转都可能带来意想不到的奢华回报，快加入这场星光熠熠的赢奖派对，让幸运与狂欢彻夜不停！","1. Unlock 15 Free Spins with growing multipliers!
2.Random Multiplier Symbols up to 1,000x for massive payouts!
3. Buy Free Spins instantly for 100x your bet and jump into action!
1. 15次免费旋转，倍率越滚越高！
2. 神秘倍率符号随机降临，最高狂翻1000倍！
3. 一键豪掷100倍注金，立即开启免费旋转狂欢！",13.9,35.4,6x5,Scatter Pays,✓,✓,,✓,,,,✓,,,,,,✓,,https://bunny-vip-night-demo.gs6.kingmidasdev.net/?test=1,https://publiccdn.kingdomhall729.com/500x500images/KingMidas/bunny-vip-night_500x500_en.jpg,,,https://publiccdn.kingdomhall729.com/Product+Sheet/bunny-vip-night_product-brochure_en.pdf,https://publiccdn.kingdomhall729.com/Product+Sheet/bunny-vip-night_product-brochure_cn.pdf,https://publiccdn.kingdomhall729.com/website/landing/bunny-vip-night_landing.zip,https://publiccdn.kingdomhall729.com/website/logo/bunny-vip-night_logo.zip,https://publiccdn.kingdomhall729.com/website/banners/bunny-vip-night_banners.zip,https://publiccdn.kingdomhall729.com/MarketingAssetsPSD/KingMidas/bunny-vip-night_psd.zip,https://publiccdn.kingdomhall729.com/website/video/bunny-vip-night_video.zip,,,PENDING,PENDING,PENDING,PENDING,"All, Except THB",GS6,TRUE,TRUE,TRUE,TRUE,TRUE,TRUE,FALSE,TRUE,TRUE,TRUE,TRUE,TRUE,TRUE
KM,151,,Live,2025-09-29,2025-10-01,2025-12-23,,2025-10-01,teen-patti-versus,Teen Patti Versus,"三
张牌
对抗",,"ไพ่อินเดีย
ทีนแพ็คตี้
ศึกไพ่","Teen
Patti
So Tài","Teen
Patti
Duel",,,"Teen
Patti
Confronto","Teen
Patti
Versus",,,,,,97.13%,1001X,2X,2085X,MEDIUM,,,CLASSIC,TABLE,CARD,India,,"BONUS, CARD GAME, INDIA, SOUTH ASIA, TRADITIONAL, TABLE GAME

",South Asia,,,"Feel the rush in Teen Patti Versus, the fast twist on India’s favorite card game! Bet on Player or Banker, watch the stronger hand crush the table, and let the random 2x Bonus fire up your winnings. With payouts soaring up to 2,085.9x, every round is your chance to strike big and win faster than ever!
来《三张牌对抗》中体验风靡南亚的狂野牌局风暴！无需复杂策略，只需押注「闲家」或「庄家」，静待更强手牌横扫牌桌！随机引爆的2倍奖励加成随时燃爆您的收益，最高2,085.9倍的惊天赔付让每局都成为创造传奇的契机！速度与激情交织，胜利比以往来得更猛烈！","1. Bet on Player or Banker and let the stronger hand decide your win!
2. Random 2x Bonus can drop anytime to boost your payout!
3. Chase massive rewards with payouts up to 2,085x!
1. 押注闲家或庄家，更强手牌即为您的胜利宣言！
2. 随机2倍奖励，随时空降瞬间引爆收益！
3. 2,085倍封顶巨奖，挑战极限赔付天花板！",17.0,23.1,N.A,,,,,,,,,,,,,,,,,https://demo8.kingmidasdev.net/games/teen-patti-versus?currency=EUR&test=1,https://publiccdn.kingdomhall729.com/500x500images/KingMidas/teen-patti-versus_500x500_en.jpg,,,https://publiccdn.kingdomhall729.com/Product+Sheet/teen-patti-versus_product-brochure_en.pdf,https://publiccdn.kingdomhall729.com/Product+Sheet/teen-patti-versus_product-brochure_cn.pdf,https://publiccdn.kingdomhall729.com/website/landing/teen-patti-versus_landing.zip,https://publiccdn.kingdomhall729.com/website/logo/teen-patti-versus_logo.zip,https://publiccdn.kingdomhall729.com/website/banners/teen-patti-versus_banners.zip,https://publiccdn.kingdomhall729.com/MarketingAssetsPSD/KingMidas/teen-patti-versus_psd.zip,https://publiccdn.kingdomhall729.com/website/video/teen-patti-versus_video.zip,GDD - Teen Patti Versus.xlsx,Table Games Translations Masterlist,,,,,All,GS1,TRUE,TRUE,TRUE,TRUE,TRUE,FALSE,FALSE,FALSE,FALSE,TRUE,TRUE,FALSE,FALSE
OG,150,,Live,2026-04-28,2026-02-10,,,2026-02-10,km-magic-pearls,Magic Pearls,Magic Pearls,,Magic Pearls,Magic Pearls,Magic Pearls,마법 진주,,,,,,,,,96.11%,455X,,455X,LOW,,30.06%,SLOTS,VIDEO-SLOT,PAYLINES,All,,"50 PAYLINES, BONUS, BUY FEATURE, CHEST, DOUBLE CHANCE, FREE SPIN, OCEAN, PEARLS, RETRIGGER, SCATTER, UNDERWATER, WILD
",,,,"Dive into Magic Pearls, a 5x4 slot with 50 paylines where mermaids guide you to hidden treasures! Collect 3+ Scatter symbols to trigger Free Games and choose your number of WILDs for bigger wins. During the base game, NECKLACE symbols turn into WILDs every 10th spin, and retriggers let you swim through endless winning opportunities!

潜入《Magic Pearls》的魔法世界，这是一款5x4卷轴、50条支付线的老虎机，美人鱼带你寻找隐藏宝藏！收集3个或更多分散符号可触发免费游戏，并选择百搭数量获取更高奖励。基础游戏中，每10次旋转项链符号变为百搭，免费游戏可重新触发，赢取连连大奖！
","1. Land 3+ Scatters to trigger Free Games and select your preferred number of WILDs.
2. NECKLACE symbols turn into WILDs every 10th spin to boost line wins.
3. Retrigger Free Games to keep choosing WILDs and extend winning potential.

1. 收集3个或更多分散符号触发免费游戏，并选择喜欢的百搭数量！
2. 每10次旋转，项链符号变为百搭符号以提升赔付！
3. 免费游戏可重新触发，每次选择百搭延长获胜机会！",25.1,15.1,5x4,50 Paylines,✓,✓,,✓,,,,,,✓,,,✓,,,https://staging-gp-og-game.og1-net.com/gamelauncher/gamesapi/tgp/kingmidas/km/gameUrl/km-magic-pearls?test=1,https://publiccdn.kingdomhall729.com/500x500images/KingMidas/magic-pearls_500x500_en.jpg,,,https://publiccdn.kingdomhall729.com/Product+Sheet/magic-pearls_product-brochure_en.pdf,N.A,https://publiccdn.kingdomhall729.com/website/landing/magic-pearls_landing.zip,https://publiccdn.kingdomhall729.com/website/logo/magic-pearls_logo.zip,https://publiccdn.kingdomhall729.com/website/banners/magic-pearls_banners.zip,https://publiccdn.kingdomhall729.com/MarketingAssetsPSD/KingMidas/magic-pearls_psd.zip,,,,PENDING,PENDING,PENDING,PENDING,All,GS7,TRUE,TRUE,TRUE,TRUE,TRUE,FALSE,FALSE,FALSE,FALSE,FALSE,FALSE,FALSE,FALSE
OG,149,,Live,2026-04-28,2026-02-10,,,2026-02-10,km-redbeard-treasures,Redbeard Treasures,Redbeard Treasures,,Redbeard Treasures,Redbeard Treasures,Redbeard Treasures,붉은 수염의 보물,,,,,,,,,96.10%,2231x,,2231x,High,,18.70%,SLOTS,VIDEO-SLOT,PAYLINES,All,,"25 PAYLINES, BUY FEATURE, CHEST, DOUBLE CHANCE, FREE SPIN, GOLDEN COIN, HOLD & SPIN, JACKPOT, RETRIGGER, SCATTER, TREASURE, WILD
",,,,"Set sail with Captain Redbeard in Redbeard Treasures, a 5x3 slot with 25 paylines! Land 3 Scatters to trigger 6 Free Games and re-trigger for extra spins. Collect 6+ COIN symbols to enter the Treasure Feature, where Golden Mystery Coins reveal hidden riches, and filling all 15 reel positions awards the GRAND Jackpot!

与红胡子船长一起启航，在 《Redbeard Treasures》 中寻找宝藏，这是一款5x3卷轴、25条支付线的老虎机！收集3个分散符号可触发6次免费游戏，并可重新触发额外旋转。收集6个或以上硬币符号进入宝藏功能，金色神秘硬币揭示隐藏财富，填满所有15个卷轴位置可赢得巨额奖池！","1. Land 3 Scatters to trigger Free Games and earn re-triggers for extended play!
2. Collect 6+ COIN symbols to trigger the Treasure Feature with spins that reset on new symbols!
3. Golden Mystery Coins reveal high values and can award the GRAND Jackpot!

1. 收集3个分散符号触发免费游戏，并可重新触发延长游戏时间！
2. 收集6个或以上硬币符号激活宝藏功能，每次新符号出现旋转次数重置！
3. 金色神秘硬币揭示高价值奖赏，并可赢得巨额奖池！",21.6,15.2,5x3,25 Paylines,✓,✓,,✓,,,✓,,,,,✓,✓,,,https://staging-gp-og-game.og1-net.com/gamelauncher/gamesapi/tgp/kingmidas/km/gameUrl/km-redbeard-treasures?test=1,https://publiccdn.kingdomhall729.com/500x500images/KingMidas/red-beard-treasures_500x500_en.jpg,,,https://publiccdn.kingdomhall729.com/Product+Sheet/red-beard-treasures_product-brochure_en.pdf,N.A,https://publiccdn.kingdomhall729.com/website/landing/red-beard-treasures_landing.zip,https://publiccdn.kingdomhall729.com/website/logo/red-beard-treasures_logo.zip,https://publiccdn.kingdomhall729.com/website/banners/red-beard-treasures_banners.zip,https://publiccdn.kingdomhall729.com/MarketingAssetsPSD/KingMidas/red-beard-treasures_psd.zip,,,,PENDING,PENDING,PENDING,PENDING,All,GS7,TRUE,TRUE,TRUE,TRUE,TRUE,FALSE,FALSE,FALSE,FALSE,FALSE,FALSE,FALSE,FALSE
OG,148,,Live,2026-04-28,2026-02-10,,,2026-02-10,km-lady-of-ra,Lady Of Ra,Lady Of Ra,,Lady Of Ra,Lady Of Ra,Lady Of Ra,Lady Of Ra,,,,,,,,,96.11%,17045X,,17045X,MEDIUM,,29.70%,SLOTS,VIDEO-SLOT,WINWAYS,Egypt,,"243 WIN-WAYS, BONUS, BUY FEATURE, DOUBLE CHANCE, EGYPT, FREE SPIN, HOLD & SPIN, JACKPOT, LUCKY DRAW, RA, RETRIGGER, SCARABS, SUM UP, WILD
",,,,"Uncover divine riches in Lady of Ra, a 5x3 slot with 243 ways! Land 6+ Red Sun symbols to choose between Free Games or the Sum Up Feature, where symbols collect and grow exponentially! Fill all 15 positions with Sun symbols to win the GRAND Jackpot. Extra chances come from the Mystery Boosted Jackpots feature!

在 Lady of Ra 中探索神秘财富！这是一款 5x3、243 方式的老虎机游戏。出现 6 个或以上红日符号可选择免费游戏或 SUM UP 功能，持续收集并累积奖励。填满 15 个位置的太阳符号，更有机会赢取 巨额大奖！","1. Land 6+ Red Sun symbols to choose Free Games or the Sum Up Feature!
2. Sum Up Feature collects and accumulates symbol values with respins and extra spins!
3. Fill all 15 positions with Sun symbols to win the GRAND Jackpot!

1. 出现 6 个或以上红日符号，可选择免费游戏或 SUM UP 功能！
2. SUM UP 功能中符号持续收集并累积奖励，带来更高回报！
3. 填满 15 个位置的太阳符号即可赢取 巨额大奖！",23.9,16.2,5x3,243 Win Ways,✓,✓,,✓,✓,,✓,,,✓,,✓,✓,,,https://staging-gp-og-game.og1-net.com/gamelauncher/gamesapi/tgp/kingmidas/km/gameUrl/km-lady-of-ra?test=1,https://publiccdn.kingdomhall729.com/500x500images/KingMidas/lady-of-ra_500x500_en.jpg,,,https://publiccdn.kingdomhall729.com/Product+Sheet/lady-of-ra_product-brochure_en.pdf,N.A,https://publiccdn.kingdomhall729.com/website/landing/lady-of-ra_landing.zip,https://publiccdn.kingdomhall729.com/website/logo/lady-of-ra_logo.zip,https://publiccdn.kingdomhall729.com/website/banners/lady-of-ra_banners.zip,https://publiccdn.kingdomhall729.com/MarketingAssetsPSD/KingMidas/lady-of-ra_psd.zip,,,,PENDING,PENDING,PENDING,PENDING,All,GS7,TRUE,TRUE,TRUE,TRUE,TRUE,FALSE,FALSE,FALSE,FALSE,FALSE,FALSE,FALSE,FALSE
KB,147,UFA,Live,2025-09-29,2025-07-30,,,-,ppc-mahjong-dragon-ways,Mahjong Dragon Ways,麻将龙道,麻将龙中奖路,มาจองเส้นทางมังกร,Mạt Chược Đường Rồng,Mahjong Naga Cara	,마작 드래곤 길,,Mahjong: Formas do Dragão,Mahjong: Dragones y Formas,Маджонг: Пути Дракона	,Mahjong Ejderha Yolları,মাহজং ড্রাগন পথ,माहजोंग ड्रैगन मार्ग,,96.95%,5000X,,5000X,MEDIUM,,28.97%,SLOTS,VIDEO-SLOT,CASCADE,China,,"2000 WINWAYS, CASCADING WINS, FREE SPINS, MAHJONG TILES, MEGA WIN, SCATTER, WILDS
",East Asia,South East Asia,"China
Malaysia","Mahjong Dragon Ways is a 5x4 reel slot inspired by classic Mahjong with dragon theme. With up to 2,000 ways to win, each win increases your multiplier, reaching up to 10x during Free Spins! Land 3 or more Scatters to unlock Free Spins and chase a max payout of 5,000x your bet! Follow the golden dragon and discover your path to big rewards!
龙腾牌局风云起，胡牌聚运赢翻天！在《麻将龙道》5x4卷轴的东方幻境中，每次获胜都能让您的倍率从1倍开始节节攀升，直至10倍封顶，盈利如巨龙腾空势不可挡！集齐3枚神秘""胡""字徽，即可召唤神龙赐福的免费旋转，在龙纹翻飞间累积倍率直冲巅峰，更有机会斩获5000倍终极暴富大奖！黄金巨龙已蓄势待发，现在就加入战局，让神龙助您牌开得胜，赢取属于您的传奇财富！","1. Cascading Wins with growing multipliers every round!
2. Hit 3 or more Scatters to unlock at least 10 Free Spins!
3. Gold symbols transform into Wilds for bigger payouts!
1. 连环消除赢奖，每轮倍率持续增长！
2. 击中3个或更多Scatter符号，即可解锁至少10次免费旋转！
3. 黄金符号可变身为Wild百搭符号，带来更丰厚奖励！",13.6,40.1,5x4,2000 Win Ways,,✓,,✓,,,,,✓,✓,,,,✓,"Tournament, Cash Drop",https://mahjong-dragon-ways-demo.gs6.kingmidasdev.net/?test=1,https://publiccdn.kingdomhall729.com/500x500images/KingMidas/mahjong-dragon-ways_500x500_en.jpg,,,https://publiccdn.kingdomhall729.com/Product+Sheet/mahjong-dragon-ways_product-brochure_en.pdf,https://publiccdn.kingdomhall729.com/Product+Sheet/mahjong-dragon-ways_product-brochure_cn.pdf,https://publiccdn.kingdomhall729.com/website/landing/mahjong-dragon-ways_landing.zip,https://publiccdn.kingdomhall729.com/website/logo/mahjong-dragon-ways_logo.zip,https://publiccdn.kingdomhall729.com/website/banners/mahjong-dragon-ways_banners.zip,https://publiccdn.kingdomhall729.com/MarketingAssetsPSD/KingMidas/mahjong-dragon-ways_psd.zip,,,,PENDING,PENDING,PENDING,PENDING,"All, Except THB",GS6,TRUE,TRUE,TRUE,TRUE,FALSE,FALSE,FALSE,FALSE,FALSE,TRUE,TRUE,TRUE,FALSE
KM,146,,Live,2025-09-23,2025-08-27,2025-12-23,,2025-09-10,thai-fish-prawn-crab-go,Thai Fish Prawn Crab GO!,"泰式
鱼虾蟹
冲！",,"น้ำเต้า
ปูปลา
ลุย!","Bầu
Cua Thái
Cược Nhanh!","Thai
Kepiting ikan udang
GO!",,,"Peixe, Camarão e Caranguejo 
Tailandês 
GO!","Thai 
Fish Prawn Crab 
GO!","Тайские 
рыбы креветки крабы, 
ВПЕРЕД!",,,,,96.98%,5X,2X,31X,MEDIUM,,,CLASSIC,TABLE,DICE,Thailand,,"ANIMAL, ASIA, BONUS, CASUAL, DICE GAME, THAILAND, TRADITIONAL, TABLE GAME
",South East Asia,,Thailand,"Thai Fish Prawn Crab Go, a classic 3-dice betting game with 6 unique symbols to wager on! Place up to 5 main bets and 5 side bets for thrilling combinations. Win up to 5x your bet and catch random 2x bonuses to double your win! Roll the dice, feel the rush, and chase nonstop wins in Thai Fish Prawn Crab Go!
经典三骰竞猜《泰国鱼虾蟹冲！》，狂斩5倍狂欢！六种吉祥图腾任您押注，最高分别可压5个主注和边注，多种组合玩法，惊喜翻倍根本停不下来！骰盅一响，随机2倍奖励随时空降，让盈利如潮水般翻涌！最高5倍暴击回报，就在这一局！","1. 2x Bonus feature to win rewards up to 10x!
2. Bet on 6 unique symbols with up to 5 main and 5 side bets!
3. Score payouts up to 5x with exciting dice rolls!
1. 惊喜双倍奖励 - 随机触发2倍暴击，赢取最高10倍狂暴收益！
2. 6大吉祥图腾任您押 - 主注+边注多重组合，打开多种赢钱姿势！
3. 骰运亨通5倍封顶 - 每次开盅都可能斩获5倍极限赔付！",16.1,21.9,N.A,,,,,,,,,,,,,,,,,https://demo8.kingmidasdev.net/games/thai-fish-prawn-crab-go?currency=EUR&test=1,https://publiccdn.kingdomhall729.com/500x500images/KingMidas/thai-fish-prawn-crab-go_500x500_en.jpg,,,https://publiccdn.kingdomhall729.com/Product+Sheet/thai-fish-prawn-crab-go_product-brochure_en.pdf,https://publiccdn.kingdomhall729.com/Product+Sheet/thai-fish-prawn-crab-go_product-brochure_cn.pdf,https://publiccdn.kingdomhall729.com/website/landing/thai-fish-prawn-crab-go_landing.zip,https://publiccdn.kingdomhall729.com/website/logo/thai-fish-prawn-crab-go_logo.zip,https://publiccdn.kingdomhall729.com/website/banners/thai-fish-prawn-crab-go_banners.zip,https://publiccdn.kingdomhall729.com/MarketingAssetsPSD/KingMidas/thai-fish-prawn-crab-go_psd.zip,,GDD - Thai Fish Prawn Crab GO!.xlsx,Table Games Translations Masterlist,PENDING,PENDING,PENDING,PENDING,All,GS2,TRUE,TRUE,TRUE,TRUE,TRUE,FALSE,FALSE,TRUE,TRUE,TRUE,FALSE,FALSE,FALSE
KM,144,,Integrated,Pending,2026-06-24,,,,coin-pusher-jurassic,Coin Pusher Jurassic,,,คอยน์พุชเชอร์: จูราสสิค 1000,Đẩy Xu Kỷ Jura 1000,,,,,,толкатель Монет: Юрский Период 1000,Para Atıcı: Jurassic 1000,,,,97.00%,1000X,,1000X,HIGH,,,NEXT-GEN,VIRTUAL,CASUAL,Western,Thailand,"ARCADE, CARNIVAL, COINS, JURASSIC, VIRTUAL
",ALL,,"Malaysia
South Korea
India
United Kingdom
Brazil
United Arab Emirates
Australia
South Africa","Enter the prehistoric world of Coin Pusher: Jurassic 1000, where every drop shifts the board and builds toward massive rewards! Time your drops to push coins into the Prize Chute, trigger Coin Showers and Coin Storms, and power up Bonus Pillars for explosive board-wide action! Every move builds momentum in your chase for the ultimate 1000x payout in this high-energy coin pusher adventure!

恐龙巨兽震撼登场Coin Pusher Jurassic 1000，每枚硬币都是史前冒险！推动硬币收集丰厚奖励，随机礼物随时空降引爆收益！触发刺激的硬币雨，瞬间享受如瀑布倾泻的落币狂潮！在这场充满远古咆哮的冒险中，全力追逐终极1000倍史诗级大奖！","Dynamic board events like Coin Shower and Coin Storm triggered by coin pushes!
Power up Bonus Pillars to unlock escalating rewards across the board!
Build momentum across the board and chase the ultimate 1000x payout in this high-energy coin pusher adventure!
1. 随机礼盒与倍率奖励随时触发！
2. 硬币雨特效倾泻而下，带来海量加成！
3. 最高可赢得1000倍投注额的史诗级大奖！",25.8,34.7,N.A,,,,,,,,,,,,,,,,"Tournament, Cash Drop",https://demo8.kingmidasdev.net/games/coin-pusher-jurassic?currency=EUR&test=1,https://publiccdn.kingdomhall729.com/500x500images/KingMidas/coin-pusher-jurassic-1000_500x500_en.jpg,,,https://publiccdn.kingdomhall729.com/Product+Sheet/coin-pusher-jurassic-1000_product-brochure_en.pdf,N.A,https://publiccdn.kingdomhall729.com/website/landing/coin-pusher-jurassic-1000_landing.zip,https://publiccdn.kingdomhall729.com/website/logo/coin-pusher-jurassic-1000_logo.zip,https://publiccdn.kingdomhall729.com/website/banners/coin-pusher-jurassic-1000_banners.zip,https://publiccdn.kingdomhall729.com/MarketingAssetsPSD/KingMidas/coin-pusher-jurassic-1000_psd.zip,,Coin Dozer Plus,Table Games Translations Masterlist,PENDING,PENDING,PENDING,PENDING,All,GS3,TRUE,FALSE,TRUE,TRUE,FALSE,FALSE,FALSE,TRUE,TRUE,TRUE,TRUE,FALSE,FALSE
KM,143,UFA Only,Live,2025-09-24,N.A,N.A,N.A,2025-09-10,pok-deng-versus,Pok Deng Versus,"八九点
对决",,ป๊อกเด้งดวลเดือด,Pok Deng,Pok Deng Versus,,,Pok Deng Versus,Pok Deng Versus,Пок Денг против,,,,,96.78%,6X,-,6X,MEDIUM,,,CLASSIC,TABLE,CARD,Thailand,,"CARD GAME, MODERN, TABLE GAME, THAILAND, TRADITIONAL",South East Asia,,Thailand,"Step into the world of Pok Deng Versus, bringing players vs bankers betting into the classic Thai card table. Start your journey to gold by simply choosing who has a better hand between player and banker. Pok 9/8 gives 1.95x payout, with multiple winning combinations offering payouts up to 6x for you to discover!
踏入《八九点对决》的世界，体验经典泰式牌桌的玩家VS庄家对决！只需简单预测""玩家""或""庄家""哪方手牌更优，即可开启您的夺金之旅！博金9点/8点可获得1.95倍赔付，更有多种获胜组合等您探索，最高赔付倍数可达6倍！立即开局，在泰式牌桌上书写您的赢家传奇！","1. Thrilling Thai card game with fast bets between player and banker!
2. Unlock rewards up to 6x with exciting bonus combinations!

1. 简易上手, 只需比较双方牌面即可获胜!
2. 从1.95倍基础赔付轻松赢至最高6倍大奖!",17.2,23.3,N.A,,,,,,,,,,,,,,,,"Tournament, Cash Drop",https://demo8.kingmidasdev.net/games/pok-deng-versus?currency=EUR&test=1,https://publiccdn.kingdomhall729.com/500x500images/KingMidas/pok-deng-versus_500x500_en.jpg,,,https://publiccdn.kingdomhall729.com/Product+Sheet/pok-deng-versus_product-brochure_en.pdf,https://publiccdn.kingdomhall729.com/Product+Sheet/pok-deng-versus_product-brochure_cn.pdf,https://publiccdn.kingdomhall729.com/website/landing/pok-deng-versus_landing.zip,https://publiccdn.kingdomhall729.com/website/logo/pok-deng-versus_logo.zip,https://publiccdn.kingdomhall729.com/website/banners/pok-deng-versus_banners.zip,https://publiccdn.kingdomhall729.com/MarketingAssetsPSD/KingMidas/pok-deng-versus_psd.zip,https://publiccdn.kingdomhall729.com/website/video/pok-deng-versus_video.zip,GDD - 7 Up 7 Down (revamp version).xlsx,Table Games Translations Masterlist,PENDING,PENDING,PENDING,PENDING,THB Only,GS1,TRUE,TRUE,TRUE,TRUE,TRUE,FALSE,FALSE,TRUE,TRUE,TRUE,FALSE,FALSE,FALSE
KM,142,,Live,2025-09-23,2025-08-27,2025-10-30,,2025-09-10,money-wheel,Money Wheel Deluxe," 
         
金钱轮盘豪华版",," 
         
วงล้อลุ้นรวย",Bánh Xe Tài Lộc,Roda Uang Deluxe,,,Roleta da Fortuna Deluxe,Money Wheel Deluxe,Денежное Колесо Люкс,,,,,94.19%,49X,2X,99X,MEDIUM,,,CLASSIC,TABLE,ROULETTE,United States of America,,"CASUAL, FESTIVAL, INDIA, INSTANT WIN, MULTI-COLOR, ROULETTE, TABLE GAME
",Europe,South East Asia,"United States of America
United Kingdom","Every spin brings unexpected thrills in Money Wheel! Place your bet on six lucky numbers and watch the wheel bring you gold. Bonus multipliers can strike at any number, doubling your payout for bigger wins. Chase payouts up to 99x and spin your way to fortune!
6大幸运数字任您押注，转盘转动间惊喜连连！神秘倍率随时降临，让奖金瞬间翻倍暴涨！挑战最高99倍超级大奖，让每一次旋转都可能改写您的财富命运！立即参与，开启您的幸运暴富之旅！","1. Bet on six lucky numbers for non-stop excitement!
2. Random bonus multipliers double your winnings!
3. Win up to 99x with every thrilling spin!
1. 押注6大幸运数字，惊喜不断！
2. 随机倍率奖励，让奖金翻倍！
3. 每次旋转都有机会赢取99倍超高回报！",14.0,20.9,N.A,,,,,,,,,,,,,,,,,https://demo8.kingmidasdev.net/games/money-wheel?currency=EUR&test=1,https://publiccdn.kingdomhall729.com/500x500images/KingMidas/money-wheel_500x500_en.jpg,,,https://publiccdn.kingdomhall729.com/Product+Sheet/money-wheel_product-brochure_en.pdf,https://publiccdn.kingdomhall729.com/Product+Sheet/money-wheel_product-brochure_cn.pdf,https://publiccdn.kingdomhall729.com/website/landing/money-wheel_landing.zip,https://publiccdn.kingdomhall729.com/website/logo/money-wheel_logo.zip,https://publiccdn.kingdomhall729.com/website/banners/money-wheel_banners.zip,https://publiccdn.kingdomhall729.com/MarketingAssetsPSD/KingMidas/money-wheel_psd.zip,N.A,GDD - Money Wheel Deluxe.xlsx,Table Games Translations Masterlist,PENDING,PENDING,PENDING,PENDING,All,GS1,TRUE,TRUE,TRUE,TRUE,TRUE,FALSE,FALSE,TRUE,TRUE,TRUE,FALSE,FALSE,FALSE
KM,141,,Live,2025-08-19,2025-08-06,2025-12-23,,2025-08-06,dear-senpai,Dear Senpai,亲爱的学长,親愛的學長,รักนะรุ่นพี่,Dear Senpai,Dear Senpai,,,Dear Senpai,Dear Senpai,Дорогой семпай,,,,,96.99%,"13,200X",20X,13200X,MEDIUM,,35%,SLOTS,VIDEO-SLOT,PAYLINES,Japan,,"5 PAYLINES, BONUS BUY, FREE SPINS, JAPANESE HIGH SCHOOL LOVE, SCATTER, STACKED WILDS
",South East Asia,East Asia,"Malaysia
Japan","""If I win this spin, will you notice me, Senpai?"" Come join this love-struck 3x3 reel slot where every spin is a chance at love! Land 3 Wilds and the middle reel turns Wild with a 2x multiplier. Hit 3 Scatters to trigger up to 12 Free Spins or instant rewards up to 20x! Come spin for love, blushes, and up to 13,200x payout!
甜蜜暴击3x3日式校园老虎机《亲爱的学长》！5条心动连线助你攻略学长！3个Wild同时出现时，整排中间轴将自动变为百搭，并触发2倍甜蜜暴击！收集3个Scatter触发专属约会，可得最高12次免费旋转或20倍心动奖励！在这场青春悸动中，最高13,200倍的毕业大礼正在等着你开启！","1. 3 Wilds turn the middle reel fully wild with 2x wins!
2. Land 3 Scatters to trigger up to 12 Free Spins or 20x rewards!
3. Buy 50 Spins to unlock bonus mode instantly!
1. 3个Wild触发中间整排百搭+双倍奖励！
2. 3个Scatter解锁最高12次免费旋转或20倍奖励！
3. 购买50次旋转可直接进入bonus模式！",26.0,31.1,3x3,5 Paylines,✓,✓,,,,✓,,,,✓,,,,,Free Plays,https://demo8.kingmidasdev.net/games/dear-senpai?currency=EUR&test=1,https://publiccdn.kingdomhall729.com/500x500images/KingMidas/dear-senpai_500x500_en.jpg,,,https://publiccdn.kingdomhall729.com/Product+Sheet/dear-senpai_product-brochure_en.pdf,https://publiccdn.kingdomhall729.com/Product+Sheet/dear-senpai_product-brochure_cn.pdf,https://publiccdn.kingdomhall729.com/website/landing/dear-senpai_landing.zip,https://publiccdn.kingdomhall729.com/website/logo/dear-senpai_logo.zip,https://publiccdn.kingdomhall729.com/website/banners/dear-senpai_banners.zip,https://publiccdn.kingdomhall729.com/MarketingAssetsPSD/KingMidas/dear-senpai_psd.zip,N.A,Dear Senpai,dear-senpai,PENDING,PENDING,CERTIFIED,PENDING,All,GS3,TRUE,TRUE,TRUE,TRUE,TRUE,FALSE,FALSE,TRUE,TRUE,TRUE,FALSE,FALSE,FALSE
KM,140,,Live,2025-07-15,2025-07-09,2025-12-23,,2025-07-09,teen-patti-2,Teen Patti Blitz,三张牌极速,,"ไพ่อินเดีย ทีนแพ็คตี้
บลิตซ์",Teen Patti Siêu Tốc,Teen Patti Blitz,,,Teen Patti Blitz," 
 Teen Patti Rápido",Три карты - блиц,,,,,96.94%,1000X,-,1000X,HIGH,,,CLASSIC,TABLE,CARD,India,India,"CARD GAME, INDIA, SOUTH ASIA, TRADITIONAL, TABLE GAME
",South Asia,,India,"Teen Patti Blitz brings a high-speed twist to the classic Indian card game of chance and skill. Place your Ante, weigh your hand, and decide whether to Play or Fold. With optional side bets like Pair Plus and 6 Card Bonus, every round feels packed with action and new ways to win. Whether you're chasing a Royal Flush or just testing your luck, Teen Patti Blitz keeps the energy high and the Indian card game spirit alive.

《三张牌极速》为经典印度纸牌游戏注入极速刺激的全新体验！下注底注，权衡手牌，果断选择跟注或弃牌，胜负就在瞬息之间！更有“对子加注”、“六牌红利”等额外玩法，让每局对决充满惊喜与无限赢机。无论你是追逐“皇家同花顺”的巅峰牌型，还是纯粹想试试手气，《三张牌极速》都将以高速节奏点燃你的斗志，原汁原味还原印度纸牌的热血精髓！","1. Fast-paced Indian poker against the dealer!
2. Win up to 1,000x with the 6 Card Bonus!

1. 与庄家展开快节奏印度扑克较量！
2. 六牌红利玩法，最高赢取1,000倍奖励！",16.0,20.5,N.A,,,,,,,,,,,,,,,,,https://demo8.kingmidasdev.net/games/teen-patti-2?currency=EUR&test=1,https://publiccdn.kingdomhall729.com/500x500images/KingMidas/teen-patti-blitz_500x500_en.jpg,,,https://publiccdn.kingdomhall729.com/Product+Sheet/teen-patti-blitz_product-brochure_en.pdf,https://publiccdn.kingdomhall729.com/Product+Sheet/teen-patti-blitz_product-brochure_cn.pdf,https://publiccdn.kingdomhall729.com/website/landing/teen-patti-blitz_landing.zip,https://publiccdn.kingdomhall729.com/website/logo/teen-patti-blitz_logo.zip,https://publiccdn.kingdomhall729.com/website/banners/teen-patti-blitz_banners.zip,https://publiccdn.kingdomhall729.com/MarketingAssetsPSD/KingMidas/teen-patti-blitz_psd.zip,https://publiccdn.kingdomhall729.com/website/video/teen-patti-blitz_video.zip,Teen Patti Blitz GDD,Table Games Translations Masterlist,PENDING,PENDING,PENDING,PENDING,All,GS1,TRUE,TRUE,TRUE,TRUE,TRUE,FALSE,FALSE,TRUE,TRUE,FALSE,FALSE,FALSE,FALSE
KM,139,,Live,2025-08-05,2025-07-30,2025-10-30,,2025-07-30,seven-up-down-2,7 Up 7 Down Rush,大小七冲,大小7衝,7 สูง 7 ต่ำ กำโชค,7 Tài 7 Xỉu Siêu Tốc,7 Naik 7 Turun Rush,,,7 Up 7 Down Rush,7 Up 7 Down Rush,Блиц 7 вверх 7 вниз,,,,,97.00%,1500X,1500X,1500X,HIGH,,,CLASSIC,TABLE,DICE,India,India,"BONUS, CHIPS, DICE GAME, INDIA, RANDOM MULTIPLIER, TABLE GAME
",South Asia,,India,"7 Up 7 Down Rush delivers instant action in a fast-paced take on the classic favorite. Bet on whether the result is above or below 7, or choose a single number for bigger thrills. Hit a random 2x multiplier to boost your rewards and race toward massive payouts of up to 1,500x. Quick picks, fast results, nonstop excitement!

《大小七冲》，一款经典骰子游戏，极速对决新体验！快速押注结果大于7或小于7，亦可选择单一数字挑战更高赔率！随机触发的2倍奖励随时助推收益，全力冲击高达1,500倍的巨额回报！快速选择、即刻开奖，刺激永不停歇！","Fast play version with instant results every round!
Bet on Up, Down, or a single number for bigger rewards!
Random 2x multipliers unlock payouts up to 1,500x!

押注大于7或小于7，一秒决策闪电开奖！
挑战精准数字，赔率与心跳同步狂飙！
随时触发收益翻倍，直冲1,500倍巅峰回报！",16.3,22.3,N.A,,,,,,,,,,,,,,,,"Tournament, Cash Drop",https://demo8.kingmidasdev.net/games/seven-up-down-2?currency=EUR&test=1,https://publiccdn.kingdomhall729.com/500x500images/KingMidas/7-up-7-down-rush_500x500_en.jpg,,,https://publiccdn.kingdomhall729.com/Product+Sheet/7-up-7-down-rush_product-brochure_en.pdf,https://publiccdn.kingdomhall729.com/Product+Sheet/7-up-7-down-rush_product-brochure_cn.pdf,https://publiccdn.kingdomhall729.com/website/landing/7-up-7-down-rush_landing.zip,https://publiccdn.kingdomhall729.com/website/logo/7-up-7-down-rush_logo.zip,https://publiccdn.kingdomhall729.com/website/banners/7-up-7-down-rush_banners.zip,https://publiccdn.kingdomhall729.com/MarketingAssetsPSD/KingMidas/7-up-7-down-rush_psd.zip,https://publiccdn.kingdomhall729.com/website/video/7-up-7-down-rush_video.zip,GDD - 7 Up 7 Down (revamp version).xlsx,Table Games Translations Masterlist,PENDING,PENDING,PENDING,PENDING,All,GS1,TRUE,TRUE,TRUE,TRUE,TRUE,FALSE,FALSE,TRUE,TRUE,FALSE,FALSE,FALSE,FALSE
KM,138,,Integrated,2025-07-09,2025-07-25,,,N.A,toridama-tap-smash,Toridama Tap Smash,"Toridama
点击摔碎",Toridama 重擊,"
Toridama
แตะเพื่อทุบ",Toridama Đập Phá,"Toridama
TAP SMASH","Toridama
탭 스매시",,"Toridama
Toque e Quebra","Toridama
Toca y Rompe",,,,,,97.03%,9999X,,9999X,HIGH,,,NEXT-GEN,INSTANT,CASUAL,Japan,,"ARCADE, CARTOON, CASUAL, MEGA WIN, TORIDAMA
",ALL,,"Malaysia
South Korea
India
United Kingdom
Brazil
United Arab Emirates
Australia
South Africa","Get ready for a smashing good time in Toridama Tap Smash! In this fast-paced clicker game, tap to help the quirky Toridama butt-smash through a tower of wacky objects. Each tap places a small bet with a chance to win random multipliers. Smash your way to the bottom and unlock a surprise jackpot! With vibrant animations, satisfying smash effects, and live social updates, it’s simple, addictive, and endlessly fun to play.

《Toridama点击摔碎》 屁墩暴击9999倍，爽到停不下来！操控魔性Toridama施展""屁墩神功""，狂砸奇葩道具塔！每次点击既是下注又是暴击，随机倍数奖励随时爆发！若能一路砸穿塔底，更能解锁神秘大奖！炫彩动画、解压特效、即時社交播报，简单上头停不下来！ ","1. Tap to smash quirky objects and win random multipliers up to 9,999x!
2. Simple one-tap gameplay with addictive progression.
3. Build your combo meter for even bigger rewards!

1.　一指连点，最高可赢9999倍超狂奖励！
2.　魔性操作，越点越上头的暴富循环！
3.　连击不止，奖励倍率持续飙升！",19.2,23.3,N.A,,,,,,,,,,,,,,,,"Tournament, Cash Drop",https://demo8.kingmidasdev.net/games/toridama-tap-smash?currency=EUR&test=1,https://publiccdn.kingdomhall729.com/500x500images/KingMidas/toridama-tap-smash_500x500_en.jpg,,,https://publiccdn.kingdomhall729.com/Product+Sheet/toridama-tap-smash_product-brochure_en.pdf,https://publiccdn.kingdomhall729.com/Product+Sheet/toridama-tap-smash_product-brochure_cn.pdf,https://publiccdn.kingdomhall729.com/website/landing/toridama-tap-smash_landing.zip,https://publiccdn.kingdomhall729.com/website/logo/toridama-tap-smash_logo.zip,https://publiccdn.kingdomhall729.com/website/banners/toridama-tap-smash_banners.zip,https://publiccdn.kingdomhall729.com/MarketingAssetsPSD/KingMidas/toridama-tap-smash_psd.zip,https://publiccdn.kingdomhall729.com/website/video/toridama-tap-smash_video.zip,Toridama Tap Smash GDD,Table Games Translations Masterlist,PENDING,PENDING,PENDING,PENDING,All,GS3,TRUE,TRUE,TRUE,TRUE,TRUE,FALSE,FALSE,TRUE,TRUE,FALSE,FALSE,FALSE,FALSE
KM,137,,Live,2025-07-15,2025-07-09,2025-08-01,,2025-07-09,chicken-crossy,Chicken Crossy,"小鸡
穿马路",小雞過馬路,ไก่ซิ่งวิ่งข้ามถนน,Gà Nhanh Như Chớp,Ayam Nyebrang,,,Travessia da Galinha,Cruce del Pollo,Цыпленок Кросси,Karşıya Geçen Tavuk,,,,95.99%,3138009.60x,-,3138009.60x,HIGH,,,NEXT-GEN,INSTANT,CRASH,All,,"CARTOON, CASH OUT, CHICKEN, CRASH, CUTE, MEGA WIN
",ALL,,"Malaysia
South Korea
India
United Kingdom
Brazil
United Arab Emirates
Australia
South Africa","Get ready for high-stakes fun in Chicken Crossy! Guide your daring chicken through lanes of speeding traffic, collecting multipliers with every step. The further you go, the bigger the rewards! Cash out anytime to secure your wins or push your luck for the ultimate prize with payouts of over 3,000,000X! Cross to Win!","1. Captivating crossing-style game featuring a daring chicken!
2. Cash out anytime and lock in your winnings!
3. Dynamic difficulty levels, with payouts up to 3,138,009X!",11.6,16.6,N.A,,,,,,,,,,,,,,,,"Cash Drop, Tournament",https://demo8.kingmidasdev.net/games/chicken-crossy?currency=EUR&test=1,https://publiccdn.kingdomhall729.com/500x500images/KingMidas/chicken-crossy_500x500_en.jpg,,,https://publiccdn.kingdomhall729.com/Product+Sheet/chicken-crossy_product-brochure_en.pdf,https://publiccdn.kingdomhall729.com/Product+Sheet/chicken-crossy_product-brochure_cn.pdf,https://publiccdn.kingdomhall729.com/website/landing/chicken-crossy_landing.zip,https://publiccdn.kingdomhall729.com/website/logo/chicken-crossy_logo.zip,https://publiccdn.kingdomhall729.com/website/banners/chicken-crossy_banners.zip,https://publiccdn.kingdomhall729.com/MarketingAssetsPSD/KingMidas/chicken-crossy_psd.zip,https://publiccdn.kingdomhall729.com/website/video/chicken-crossy_video.zip,Chicken Crossy,Table Games Translations Masterlist,PENDING,PENDING,PENDING,PENDING,All,GS1,TRUE,TRUE,TRUE,TRUE,TRUE,FALSE,FALSE,TRUE,TRUE,FALSE,TRUE,FALSE,FALSE
KM,136,UFA,Live,2025-06-03,2025-05-28,2025-10-30,,2025-05-28,hunk-cai-shen,Hunk Cai Shen,鸿运财神,,เทพไฉ่ซิ้งจอมพลัง,Hunk Cai Shen,Hunk Cai Shen,,,Hunk Cai Shen,Hunk Cai Shen,Hunk Cai Shen,,,,,97.00%,15000x,-,15000X,High,,22.60%,SLOTS,VIDEO-SLOT,PAYLINES,China,,"5 PAYLINES, BONUS BUY, FREE SPINS, MEGA WIN, SCATTER, WILD
",East Asia,South East Asia,"China
Malaysia","Spin your way to prosperity in Hunk Cai Shen, a fortune-filled adventure on 5x3 reels! Unlock rewarding features with powerful Fortune Wild multipliers and free spins packed with only high payout symbols. With a chance to win up to 15,000x your bet, this is one game you won’t want to miss!

转动金轮迎财神，福运加成赚翻天！在《鸿运财神》5x3卷轴游戏中转动幸运轮盘，触发强力Fortune Wild倍率符号（3-5倍），解锁仅含高倍符号的专属免费旋转，更有机会赢得高达15,000倍注金的超级大奖，绝对不容错过的财运盛宴！","1. Multiply your wins with stackable Fortune Wilds offering x3 to x5 multipliers!
2. Unlock free spins-triggered by 3 Scatter symbols-where only high payout and Fortune Wild symbols appear!
3. Instantly activate 12 free spins with the Buy Feature!

1. Fortune Wild符号可叠加3至5倍倍率，让您的奖金如滚雪球般疯狂增长！
2. 触发3个Scatter符号即可进入纯高倍符号与Fortune Wild的免费旋转！
3. 一键购买12次免费旋转，瞬间开启财富快车道！",28.5,32.8,5x3,5 Paylines,✓,✓,,,,,,✓,,✓,,,,,Free Plays,https://demo8.kingmidasdev.net/games/hunk-cai-shen?currency=EUR&test=1,https://publiccdn.kingdomhall729.com/500x500images/KingMidas/hunk-caishen_500x500_en.jpg,https://demo7.kingmidasdev.net/games/hunk-cai-shen?currency=USD&test=1,,https://publiccdn.kingdomhall729.com/Product+Sheet/hunk-caishen_product-brochure_en.pdf,https://publiccdn.kingdomhall729.com/Product+Sheet/hunk-caishen_product-brochure_cn.pdf,https://publiccdn.kingdomhall729.com/website/landing/hunk-cai-shen_landing.zip,https://publiccdn.kingdomhall729.com/website/logo/hunk-cai-shen_logo.zip,https://publiccdn.kingdomhall729.com/website/banners/hunk-cai-shen_banners.zip,https://publiccdn.kingdomhall729.com/MarketingAssetsPSD/KingMidas/hunk-caishen_psd.zip,N.A,Hunk Cai Shen Slots -MY,hunk-cai-shen,PENDING,PENDING,PENDING,PENDING,All,GS3,TRUE,TRUE,TRUE,TRUE,TRUE,FALSE,FALSE,TRUE,TRUE,TRUE,FALSE,FALSE,FALSE
KM,135,,Live,2025-06-03,2025-05-28,2025-10-30,,2025-05-28,andar-bahar-2,Speedy Andar Bahar,极速安达巴哈,,ติดสปีด แอนดาร์ บาฮาร์,Andar Bahar Siêu Tốc,Kecepatan Andar Bahar,,,Rápido Andar Bahar,Rápido Andar Bahar,,,,,,97.00%,121X,2,244X,HIGH,,,CLASSIC,TABLE,CARD,India,India,"ANDAR BAHAR, CARD GAME, CHIPS, INDIA, SOUTH ASIA, TABLE GAME
",South Asia,,India,"Speedy Andar Bahar takes the classic South Indian card game and supercharges it for players who crave fast-paced action and instant results. Place your bet on Andar or Bahar and watch as cards are dealt at whichever side matches the center card first wins! Simple to play, yet full of suspense, Speedy Andar Bahar is perfect for both new and seasoned players. ",1. 2x Bonus feature to win rewards up to 244x!,14.2,20.8,N.A,,,,,,,,,,,,,,,,,https://demo8.kingmidasdev.net/games/andar-bahar-2?currency=EUR&test=1,https://publiccdn.kingdomhall729.com/500x500images/KingMidas/speedy-andar-bahar_500x500_en.jpg,https://demo7.kingmidasdev.net/games/andar-bahar-2?currency=USD&test=1,https://supports2.bo.p7.ns86.kingmakergames.co/supports/games/andar-bahar-2/settings?lang=en,https://publiccdn.kingdomhall729.com/Product+Sheet/speedy-andar-bahar_product-brochure_en.pdf,https://publiccdn.kingdomhall729.com/Product+Sheet/speedy-andar-bahar_product-brochure_cn.pdf,https://publiccdn.kingdomhall729.com/website/landing/speedy-andar-bahar_landing.zip,https://publiccdn.kingdomhall729.com/website/logo/speedy-andar-bahar_logo.zip,https://publiccdn.kingdomhall729.com/website/banners/speedy-andar-bahar_banners.zip,https://publiccdn.kingdomhall729.com/MarketingAssetsPSD/KingMidas/speedy-andar-bahar_psd.zip,https://publiccdn.kingdomhall729.com/website/video/speedy-andar-bahar_video.zip,Andar Bahar Live GDD,Table Games Translations Masterlist,PENDING,PENDING,PENDING,PENDING,All,GS1,TRUE,TRUE,TRUE,TRUE,TRUE,FALSE,FALSE,TRUE,TRUE,FALSE,FALSE,FALSE,FALSE
KM,134,,Integrated,2025-04-16,2025-04-16,,,N.A,toridama-rps,Toridama Rock Paper Scissors,"Toridama
石头剪刀布 ",Toridama 猜拳,"Toridama
เป่ายิ้งฉุบ","Toridama
Kéo Búa Bao","Toridama
BATU GUNTING KERTAS","Toridama
가위바위보",,"Toridama
PEDRA, PAPEL E TESOURA","Toridama
PIEDRA, PAPEL O TIJERA",,,,,,96.82%,6X,1000X,1000X,MEDIUM,,,NEXT-GEN,INSTANT,CASUAL,Japan,,"1000X MULTIPLIER BONUS, ARCADE, CARTOON, CASUAL, TORIDAMA
",ALL,,"Malaysia
South Korea
India
United Kingdom
Brazil
United Arab Emirates
Australia
South Africa","Toridama - Rock, Paper, Scissors! takes the classic game to a whole new level with wacky, fast-paced action. Go head-to-head with quirky chickens, outsmart their moves, and claim your rewards! Watch out for golden hands, defeating them means even bigger payouts. With unpredictable twists and exciting stakes, every round is a wild battle of luck and strategy!","1. Challenge three quirky chickens at once in a fast-paced battle of wits and luck!
2. Defeat all 3 chickens with golden hands to win a maximum payout of 1000x!
3. Hilarious and unpredictable cutscenes that make each victory and defeat even more entertaining!",26.0,30.8,N.A,,,,,,,,,,,,,,,,"Tournament, Cash Drop",https://demo8.kingmidasdev.net/games/toridama-rps?currency=EUR&test=1,https://publiccdn.kingdomhall729.com/500x500images/KingMidas/toridama-rps_500x500_en.jpg,https://demo7.kingmidasdev.net/games/toridama-rps?currency=USD&test=1,,https://publiccdn.kingdomhall729.com/Product+Sheet/toridama-rps_product-brochure_en.pdf,https://publiccdn.kingdomhall729.com/Product+Sheet/toridama-rps_product-brochure_cn.pdf,https://publiccdn.kingdomhall729.com/website/landing/toridama-rps_landing.zip,https://publiccdn.kingdomhall729.com/website/logo/toridama-rps_logo.zip,https://publiccdn.kingdomhall729.com/website/banners/toridama-rps_banners.zip,https://publiccdn.kingdomhall729.com/MarketingAssetsPSD/KingMidas/toridama-rps_psd.zip,https://publiccdn.kingdomhall729.com/website/video/toridama-rock-paper-scissors_video.zip,Toridama RockPaperScissors GDD,Table Games Translations Masterlist,PENDING,PENDING,PENDING,PENDING,All,GS1,TRUE,TRUE,TRUE,TRUE,TRUE,FALSE,FALSE,TRUE,TRUE,FALSE,FALSE,FALSE,FALSE
KM,133,,Live,2025-05-19,2025-04-30,2025-12-23,,2025-04-30,burmese-six-animals,Burmese 6 Animals,缅式六兽,, 6 สัตว์มหาเฮง,Bầu Cua Myanmar,6 HEWAN BURMA,, မြန်မာ 6 ကောင်အန်စာ,6 ANIMAIS BURMESES, 6 ANIMALES VERSIÓN BIRMANA,,,,,,97.00%,6X,2X,11X,MEDIUM,,,CLASSIC,TABLE,DICE,Myanmar,Myanmar,"ANIMAL SYMBOLS, ASIAN, BONUS MULTIPLIER, DICE GAME, MYANMAR, TABLE GAME
",South East Asia,,Myanmar,"Burmese Six Animals adds a Burmese flair to the classic Fish Prawn Crab game. The dice feature six locally inspired animal symbols, commonly seen in traditional Burmese setups. With three dice and a betting table offering various options, players wager on their predictions of symbol combinations, while bonuses can appear randomly on the bet options, adding excitement to every round.","1. Local-style animal games from Myanmar with game rules that feel familiar and fun!
2. Bonus chance to win up to 10x your bet!
3. Simple betting options. Easy to play, easy to win!",18.5,28.6,N.A,,,,,,,,,,,,,,,,"Tournament, Cash Drop",https://demo8.kingmidasdev.net/games/burmese-six-animals?currency=EUR&test=1,https://publiccdn.kingdomhall729.com/500x500images/KingMidas/burmese-6-animals_500x500_en.jpg,https://demo7.kingmidasdev.net/games/burmese-six-animals?currency=USD&test=1,,https://publiccdn.kingdomhall729.com/Product+Sheet/burmese-6-animals_product-brochure_en.pdf,https://publiccdn.kingdomhall729.com/Product+Sheet/burmese-6-animals_product-brochure_cn.pdf,https://publiccdn.kingdomhall729.com/website/landing/burmese-6-animals_landing.zip,https://publiccdn.kingdomhall729.com/website/logo/burmese-6-animals_logo.zip,https://publiccdn.kingdomhall729.com/website/banners/burmese-6-animals_banners.zip,https://publiccdn.kingdomhall729.com/MarketingAssetsPSD/KingMidas/burmese-6-animals_psd.zip,https://publiccdn.kingdomhall729.com/website/video/burmese-6-animals_video.zip,Burmese Six Animals GDD,Table Games Translations Masterlist,PENDING,PENDING,PENDING,PENDING,All,GS1,TRUE,TRUE,TRUE,TRUE,TRUE,FALSE,TRUE,TRUE,TRUE,FALSE,FALSE,FALSE,FALSE
KM,132,,Integrated,2025-04-23,2025-04-23,,,N.A,toridama-crash,Toridama Crash,"Toridama
碰撞游戏",Toridama 碰撞,"Toridama
แครช","Toridama
Bùng Nổ","Toridama
Crash",,,"Toridama
Batida","Toridama
Choque",,,,,,97.00%,250X,-,250X,HIGH,,,NEXT-GEN,INSTANT,CRASH,Japan,,"ARCADE, CARTOON, CASUAL, CRASH, TORIDAMA
",ALL,,"Malaysia
South Korea
India
United Kingdom
Brazil
United Arab Emirates
Australia
South Africa","Toridama - Crash is a fun and wacky Japanese IP game where players bet on a rising multiplier, aiming to cash out before the motorcycle crashes. The longer you wait, the bigger the payout, but if you wait too long and the motorcycle explodes, you lose everything! Strategize to maximize your winnings and enjoy the quirky, hilarious cash-out scenes that make each round unpredictable and exciting. Laugh along as you experience the wild moments and unexpected crashes!","1. Place up to two bets per round to increase your chances and strategize your cash-out.
2. Watch the multiplier rise for the chance to win up to 125x!
3. Enjoy quirky animations during cash-out for added fun and surprises.
4. Track players’ progress with the live drop-out feature to see who stays in the game.",8.4,14.6,N.A,,,,,,,,,,,,,,,,"Tournament, Cash Drop",https://demo8.kingmidasdev.net/games/toridama-crash?currency=EUR&test=1,https://publiccdn.kingdomhall729.com/500x500images/KingMidas/toridama-crash_500x500_en.jpg,https://demo7.kingmidasdev.net/games/toridama-crash?currency=USD&test=1,,https://publiccdn.kingdomhall729.com/Product+Sheet/toridama-crash_product-brochure_en.pdf,https://publiccdn.kingdomhall729.com/Product+Sheet/toridama-crash_product-brochure_cn.pdf,https://publiccdn.kingdomhall729.com/website/landing/toridama-crash_landing.zip,https://publiccdn.kingdomhall729.com/website/logo/toridama-crash_logo.zip,https://publiccdn.kingdomhall729.com/website/banners/toridama-crash_banners.zip,https://publiccdn.kingdomhall729.com/MarketingAssetsPSD/KingMidas/toridama-crash_psd.zip,https://publiccdn.kingdomhall729.com/website/video/toridama-crash_video.zip,Toridama Crash GDD,Table Games Translations Masterlist,PENDING,PENDING,PENDING,PENDING,All,GS3,TRUE,TRUE,TRUE,TRUE,TRUE,FALSE,FALSE,TRUE,TRUE,FALSE,FALSE,FALSE,FALSE
KM,130,,Live,2025-04-28,2025-03-26,2025-08-01,,2025-05-06,bicho,Bicho,比佐游戏,,บิโช,Lô Tô Amazon,Bicho,,,Bicho,Bicho,,,,,,96.67%,30000X,2X,51697X,HIGH,,,CLASSIC,TABLE,LOTTERY,Brazil,,"ANIMALS, BRAZIL, LOTTERY, NUMBERS, RANDOM MULTIPLIER, TABLE GAME
",Latin America,,Brazil,"Bicho is a classic Brazilian animal-themed lottery game where players bet on animals or numbers to match the winning draw. There are 25 animals, each linked to four unique numbers, and five winning animals are drawn every round. Win by predicting animals, numbers, or both! A special bonus round may trigger, giving you extra chances to win big. With simple mechanics and exciting betting options, Bicho delivers a fun and engaging lottery experience!","1. Easy-to-play lottery game with exciting betting options!
2. Golden Selection Bonus grants a 2x multiplier on winnings!
3. Pay with Penta bet to stand a chance winning up to 30,000x payout!",10.1,17.8,N.A,,,,,,,,,,,,,,,,,https://demo8.kingmidasdev.net/games/bicho?currency=EUR&test=1,https://publiccdn.kingdomhall729.com/500x500images/KingMidas/bicho_500x500_en.jpg,https://demo7.kingmidasdev.net/games/bicho?currency=USD&test=1,,https://publiccdn.kingdomhall729.com/Product+Sheet/bicho_product-brochure_en.pdf,https://publiccdn.kingdomhall729.com/Product+Sheet/bicho_product-brochure_cn.pdf,https://publiccdn.kingdomhall729.com/website/landing/bicho_landing.zip,https://publiccdn.kingdomhall729.com/website/logo/bicho_logo.zip,https://publiccdn.kingdomhall729.com/website/banners/bicho_banners.zip,https://publiccdn.kingdomhall729.com/MarketingAssetsPSD/KingMidas/bicho_psd.zip,https://publiccdn.kingdomhall729.com/website/video/bicho_video.zip,Jogo Do Bicho,Table Games Translations Masterlist,PENDING,PENDING,PENDING,PENDING,All,GS1,TRUE,TRUE,TRUE,TRUE,TRUE,FALSE,FALSE,TRUE,TRUE,FALSE,FALSE,FALSE,FALSE
KM,123,,Live,2025-08-01,2025-07-16,2025-10-30,,2025-07-30,colour-game-2,Color Game Mega Bonus,颜色游戏：大奖降临,,เกมสี: โบนัสพิเศษ,Xí Ngầu Lục Sắc: Siêu Thưởng,Permainan Warna: Mega Bonus,컬러 게임,,Jogo de Cores: Mega Bônus,Colour Game: Mega Bonus,,,,,,97.00%,4X,19X,19X,MEDIUM,,,CLASSIC,CASUAL,DICE,Philippines,Philippines,"ASIA, CASUAL, CHIP, COLOR GAME, DICE GAME, INSTANT GAME, PHILIPPINES, TABLE GAME
",South East Asia,,Philippines,"Colour Game Mega Bonus - Dice Your Way to 19X Wins! Watch three vibrant dice tumble as you predict their colours for instant payouts! Trigger the Bonus Circle to multiply rewards up to 19X in this fast-paced, high-energy twist on the classic colour game. Simple rules, epic wins!

《颜色游戏：大奖降临》三颗骰子定胜负，猜中颜色赢奖励！触发幸运倍率圈，最高狂揽19倍奖金！全新升级的经典色彩玩法，节奏快、特效炫、爽感十足！","1. Bonus Circle multiplier to boost payout up to 19X!

1. 幸运倍率圈触发，奖金狂飙19倍！",36.1,42.3,N.A,,,,,,,,,,,,,,,,,https://demo8.kingmidasdev.net/games/colour-game-2?currency=EUR&test=1,https://publiccdn.kingdomhall729.com/500x500images/KingMidas/colour-game-2_500x500_en.jpg,,,https://publiccdn.kingdomhall729.com/Product+Sheet/colour-game-mega-bonus_product-brochure_en.pdf,https://publiccdn.kingdomhall729.com/Product+Sheet/colour-game-mega-bonus_product-brochure_cn.pdf,https://publiccdn.kingdomhall729.com/website/landing/colour-game-mega-bonus_landing.zip,https://publiccdn.kingdomhall729.com/website/logo/colour-game-mega-bonus_logo.zip,https://publiccdn.kingdomhall729.com/website/banners/colour-game-mega-bonus_banners.zip,https://publiccdn.kingdomhall729.com/MarketingAssetsPSD/KingMidas/colour-game-mega-bonus_psd.zip,https://publiccdn.kingdomhall729.com/website/video/colour-game-2_video.zip,Color Game 2 - GDD - Round-Based Game [Philippines MK],Table Games Translations Masterlist,PENDING,PENDING,PENDING,PENDING,All,GS1,TRUE,TRUE,TRUE,TRUE,TRUE,TRUE,FALSE,TRUE,TRUE,FALSE,FALSE,FALSE,FALSE
KM,122,UFA,Live,2025-03-25,2025-03-19,2025-04-04,,2025-03-19,hippo-splash,Hippo Splash,河马嬉水,河馬嬉水,ฮิปโปสแปลช,Hippo Splash,Hippo Splash,,,Hippo Splash,Hippo Splash,,,,,,97.00%,2500X,10X,2500X,MEDIUM,,24.27%,SLOTS,VIDEO-SLOT,PAYLINES,Western,,"5 PAYLINES, 10X MULTIPLIER BONUS, FRUIT, MEGA WIN, RESPIN, WILD
",ALL,,"United States of America
Brazil
Malaysia","Jump into action with Hippo Splash! This is a 3 x 3 reel slot game with 5 paylines. Watch as the Hippo Splash Feature triggers randomly, flooding the reels with matching symbols and Wilds for exciting respins. Land winning symbols to keep the streak going with no extra symbols, and the feature ends with big payouts! ","1. Simple and exciting gameplay with thrilling respins!
2. Chance to win up to 2500x your total bet!
3. Win with all paylines and get a 10x multiplier!
4. Hippo Splash feature, fills reels to win!",18.9,22.8,3x3,5 Paylines,,,,,,✓,,,,,,,,,Free Plays,https://demo8.kingmidasdev.net/games/hippo-splash?currency=EUR&test=1,https://publiccdn.kingdomhall729.com/500x500images/KingMidas/hippo-splash_500x500_en.jpg,https://demo7.kingmidasdev.net/games/hippo-splash?currency=USD&test=1,N.A,https://publiccdn.kingdomhall729.com/Product+Sheet/hippo-splash_product-brochure_en.pdf,https://publiccdn.kingdomhall729.com/Product+Sheet/hippo-splash_product-brochure_cn.pdf,https://publiccdn.kingdomhall729.com/website/landing/hippo-splash_landing.zip,https://publiccdn.kingdomhall729.com/website/logo/hippo-splash_logo.zip,https://publiccdn.kingdomhall729.com/website/banners/hippo-splash_banners.zip,https://publiccdn.kingdomhall729.com/MarketingAssetsPSD/KingMidas/hippo-splash_psd.zip,N.A,Hippo splash Slots -MY,hippo-splash,PENDING,PENDING,PENDING,PENDING,"All, Except THB",GS3,TRUE,TRUE,TRUE,TRUE,TRUE,FALSE,FALSE,TRUE,TRUE,FALSE,FALSE,FALSE,FALSE
KM,120,,Live,2025-03-25,2025-03-12,2025-10-30,,2025-03-26,egyptian-mines,Egyptian Mines : Bingo Treasure,"埃及矿洞
宾果宝藏",,"เหมืองอียิปต์
สมบัติบิงโก","Đá Quý
Ai Cập
Kho Báu Bingo","Tambang Egyptian
Harta Bingo",이집트 광산: 빙고 트레저,,"Minas do Egito
Tesouro do Bingo","Egyptian Mines
Tesoro del bingo",,Egyptian Mines: Bingo Treasure,,,,96.04%,320X,200X,520X,MEDIUM,,,NEXT-GEN,INSTANT,MINES,Egypt,Thailand,"200X MULTIPLIER BONUS, ARCADE, BINGO, CASH OUT, CASUAL, HIDDEN SYMBOL, MINES
",North America,MENA,"United States of America
United Kingdom
Egypt","Egyptian Mines: Bingo Treasure blends the excitement of Minesweeper with bingo! Reveal tiles to uncover hidden symbols while avoiding bombs. The more tiles you uncover, the closer you get to completing bingo lines and unlocking treasure! As the tension builds with each revealed tile, your chances for a big win grow. Strategize wisely, uncover symbols, and claim your fortune!","1. Choose 1-3 bombs for better control over your winnings!
2. Progress through the minefield to win up to 320x payout!
3. Activate bingo lines with special symbols and earn up to a 200x multiplier!",17.6,23.2,N.A,,,,,,,,,,,,,,,,,https://demo8.kingmidasdev.net/games/egyptian-mines?currency=EUR&test=1,https://publiccdn.kingdomhall729.com/500x500images/KingMidas/egyptian-mines_500x500_en.jpg,https://demo7.kingmidasdev.net/games/egyptian-mines?currency=USD&test=1,,https://publiccdn.kingdomhall729.com/Product+Sheet/egyptian-mines_product-brochure_en.pdf,https://publiccdn.kingdomhall729.com/Product+Sheet/egyptian-mines_product-brochure_cn.pdf,https://publiccdn.kingdomhall729.com/website/landing/egyptian-mines_landing.zip,https://publiccdn.kingdomhall729.com/website/logo/egyptian-mines_logo.zip,https://publiccdn.kingdomhall729.com/website/banners/egyptian-mines_banners.zip,https://publiccdn.kingdomhall729.com/MarketingAssetsPSD/KingMidas/egyptian-mines_psd.zip,https://publiccdn.kingdomhall729.com/website/video/egyptian-mines_video.zip,Egyptian Mines GDD,Table Games Translations Masterlist,PENDING,PENDING,PENDING,PENDING,All,GS1,TRUE,TRUE,TRUE,TRUE,TRUE,FALSE,FALSE,TRUE,TRUE,FALSE,TRUE,FALSE,FALSE
KM,119,,Live,2025-03-25,2025-01-15,2025-08-01,,2025-01-22,jogo-de-bozo,Jogo de Bozó,博佐游戏,,โจโก เดอ โบโซ่,Tài Xỉu Bozo,Jogo de Bozó,,,Jogo de Bozó,Juego de Bozó,,Jogo de Bozó,,,,96.71%,19X,7X,28X,MEDIUM,,,CLASSIC,TABLE,DICE,Brazil,,"BRAZIL, CHIPS, DICE GAME, FESTIVAL, NUMBER TILES, TABLE GAME
",Latin America,,Brazil,"Jogo de Bozó brings the energy of Brazil’s lively street dice games to the world! Roll 3 white dice and 1 special red die, place your bets, and predict which numbers will land face-up. The more matching dice, the bigger the payout! Keep an eye out for Golden Dice and Diamond Dice, which boost your winnings for even greater rewards. Whether you're a fan of dice games or just looking for a taste of Brazil’s vibrant gaming culture, Jogo de Bozó delivers non-stop excitement and big win potential with every roll!

1. Fast-paced dice action with exciting bonuses and nonstop fun!
2. More matching dice, bigger rewards win up to 19x your bet!
3. Golden and Diamond Dice offer bonus payouts boosting winnings by up to 7x!","1. Fast-paced dice action with exciting bonuses and nonstop fun!
2. More matching dice, bigger rewards win up to 19x your bet!
3. Golden and Diamond Dice offer bonus payouts boosting winnings by up to 7x!",19.7,26.1,N.A,,,,,,,,,,,,,,,,"Cash Drop, Tournament",https://demo8.kingmidasdev.net/games/jogo-de-bozo?currency=EUR&test=1,https://publiccdn.kingdomhall729.com/500x500images/KingMidas/jogo-de-bozo_500x500_en.jpg,https://demo7.kingmidasdev.net/games/jogo-de-bozo?currency=USD&test=1,,https://publiccdn.kingdomhall729.com/Product+Sheet/jogo-de-bozo_product-brochure_en.pdf,https://publiccdn.kingdomhall729.com/Product+Sheet/jogo-de-bozo_product-brochure_cn.pdf,https://publiccdn.kingdomhall729.com/website/landing/jogo-de-bozo_landing.zip,https://publiccdn.kingdomhall729.com/website/logo/jogo-de-bozo_logo.zip,https://publiccdn.kingdomhall729.com/website/banners/jogo-de-bozo_banners.zip,https://publiccdn.kingdomhall729.com/MarketingAssetsPSD/KingMidas/jogo-de-bozo_psd.zip,https://publiccdn.kingdomhall729.com/website/video/jogo-de-bozo_video.zip,Jogo De Bozo (Brazil Dice Game).xlsx,Table Games Translations Masterlist,PENDING,PENDING,PENDING,PENDING,All,GS1,TRUE,TRUE,TRUE,TRUE,TRUE,FALSE,FALSE,TRUE,TRUE,FALSE,TRUE,FALSE,FALSE
KM,117,UFA,Live,2025-03-11,2025-02-26,2025-04-04,,2025-03-25,pirates-treasure,Pirate's Treasure,海盗宝藏,海盜寶藏,สมบัติโจรสลัด,Kho Báu Hải Tặc,Harta Bajak Laut,,,Tesouro Pirata,Pirate Treasure,,,,,,97.00%,2000X,10X,2000X,HIGH,,45.33%,SLOTS,MATCH-3,CASCADE,Western,Myanmar,"10X MULTIPLIER BONUS, BONUS BUY, CASCADING WINS, FREE SPIN, MEGA WIN, SCATTER
",North America,Latin America,"United States of America
Brazil
Malaysia","Ahoy, matey! Set sail on a swashbuckling adventure with Pirate’s Treasure! This 5x4 cascading slot game, featuring the daring Link Bonus, promises boundless riches. Watch symbols explode and cascade, unlocking endless opportunities for payouts. Land 4 scatter symbols to activate the Link Bonus free spin mode, where reels spin independently, resetting spins and multiplying your loot up to 10x. Hoist the anchor, spin the reels, and claim the pirate’s bounty—yarrr, the treasure awaits!","1. Trigger the Link Bonus free spins with 4 scatters for extra chances to win!
2. Fill the reel with Link Bonus scatter symbols to unlock the Multiplier Wheel!
3. Match symbols to trigger cascading wins, with the potential to earn up to 2,000x your bet!",19.8,24.8,5x4,Cluster Pays,✓,✓,,✓,,✓,,,,,,,,,Free Plays,https://demo8.kingmidasdev.net/games/pirates-treasure?currency=EUR&test=1,https://publiccdn.kingdomhall729.com/500x500images/KingMidas/pirates-treasure_500x500_en.jpg,https://demo7.kingmidasdev.net/games/pirates-treasure?currency=USD&test=1,,https://publiccdn.kingdomhall729.com/Product+Sheet/pirates-treasure_product-brochure_en.pdf,https://publiccdn.kingdomhall729.com/Product+Sheet/pirates-treasure_product-brochure_cn.pdf,https://publiccdn.kingdomhall729.com/website/landing/pirates-treasure_landing.zip,https://publiccdn.kingdomhall729.com/website/logo/pirates-treasure_logo.zip,https://publiccdn.kingdomhall729.com/website/banners/pirates-treasure_banners.zip,https://publiccdn.kingdomhall729.com/MarketingAssetsPSD/KingMidas/pirates-treasure_psd.zip,https://publiccdn.kingdomhall729.com/website/video/pirates-treasure_video.zip,Pirate's Treasure (Pirate Slots) GDD,Table Games Translations Masterlist,PENDING,PENDING,PENDING,PENDING,"All, Except THB",GS3,TRUE,TRUE,TRUE,TRUE,TRUE,FALSE,FALSE,TRUE,TRUE,FALSE,FALSE,FALSE,FALSE
KM,116,UFA,Live,2025-01-14,2024-12-18,2025-04-04,2024-01-14,2024-12-18,gold-rush-bonanza,Gold Rush Bonanza,淘金暴富,淘金狂潮,ขุมทองโบนันซ่า,Cơn Sốt Vàng Viễn Tây,Gold Rush Bonanza,골드 러시 보난자,,Gold Rush Bonanza,Gold Rush Bonanza,,,,,,97.00%,5000X,100X,5000X,HIGH,,37.17%,SLOTS,VIDEO-SLOT,CASCADE,Western,Myanmar,"100X MULTIPLIER BONUS, BONUS BUY, CASCADING WINS, COWGIRL, FREE SPIN, MEGA WIN
",North America,Latin America,"United States of America
Brazil
Malaysia","Saddle up for a Wild West adventure on a 6x5 reel slot, where fortunes await with every spin!
Match 4 or more symbols to win, with cascading reels keeping the excitement high! Land consecutive combos to trigger Free Spin, where multiplier diamonds can boost your winnings by up to 100x! Retrigger Free Spins for even more chances to strike gold. Feeling lucky? Buy Free Spins and start with at least 15 spins to chase the ultimate prize. With up to 5000x your bet to be won, the Wild West is calling, are you ready for the gold rush?","1. Enjoy a 6x5 reel featuring dynamic cascading and spinning mechanics!
2. Use the 'Buy Free Spin' feature to instantly access amazing prizes!
3. Trigger Free Spins to activate multiplier diamonds that can boost your winnings by up to 100x!",16.7,21.4,6x5,Cluster Pays,✓,✓,,✓,,✓,,,,,,,,,Free Plays,https://demo8.kingmidasdev.net/games/gold-rush-bonanza?currency=EUR&test=1,https://publiccdn.kingdomhall729.com/500x500images/KingMidas/gold-rush-bonanza_500x500_en.jpg,https://m13.ns86.kingmakergames.co/games/gold-rush-bonanza?currency=USD&test=1,,https://publiccdn.kingdomhall729.com/Product+Sheet/gold-rush-bonanza_product-brochure_en.pdf,https://publiccdn.kingdomhall729.com/Product+Sheet/gold-rush-bonanza_product-brochure_cn.pdf,https://publiccdn.kingdomhall729.com/website/landing/gold-rush-bonanza_landing.zip,https://publiccdn.kingdomhall729.com/website/logo/gold-rush-bonanza_logo.zip,https://publiccdn.kingdomhall729.com/website/banners/gold-rush-bonanza_banners.zip,https://publiccdn.kingdomhall729.com/MarketingAssetsPSD/KingMidas/gold-rush-bonanza_psd.zip,https://publiccdn.kingdomhall729.com/website/video/gold-rush-bonanza_video.zip,Gold Rush Bonanza (Wild West Slots) GDD,Table Games Translations Masterlist,PENDING,PENDING,PENDING,PENDING,"All, Except THB",GS3,TRUE,TRUE,TRUE,TRUE,TRUE,FALSE,FALSE,TRUE,TRUE,TRUE,FALSE,FALSE,FALSE
KM,115,UFA Only,Live,2024-09-19,2024-09-12,N.A,N.A,2024-11-13,thai-hi-lo-jackpot,Thai Hi Lo Jackpot,泰式比高低 JACKPOT,,"ไฮโลไทย
 แจ็กพ็อต",Tài Xỉu Thái Jackpot,Thai Hi Lo Jackpot,타이 하이 로우 잭팟,ထိုင်းနိမ့်မြင့် ဂျက်ခ်ပေါ့,,,,,,,,97.00%,5X,2,10X,HIGH,,,CLASSIC,TABLE,DICE,Thailand,,"BONUS SYMBOL, CASUAL, DICE, HI-LO, JACKPOT, TABLE GAMES, THAILAND,",South East Asia,,,"Discover Thai Hi Lo Jackpot, where the classic Thai dice game gets an exciting upgrade! Roll three dice and bet on High or Low, while the Jackpot feature could take your winnings to new heights! Easy to learn and exciting to play, every roll could be your ticket to becoming a millionaire!","Bet on High, Low, or Multiple Dice Combinations!
Hit the 2x Bonus for a chance to double your winnings!
Bet for a chance to win the Grand or Minor Progressive Jackpot!",20.2,26.6,N.A,,,,,,,,,,,,,,,,Jackpot,N.A,https://publiccdn.kingdomhall729.com/500x500images/KingMidas/thai-hi-lo-jackpot_500x500_en.jpg,,N.A,N.A,N.A,https://publiccdn.kingdomhall729.com/website/landing/thai-hi-lo-jackpot_landing.zip,https://publiccdn.kingdomhall729.com/website/logo/thai-hi-lo-jackpot_logo.zip,https://publiccdn.kingdomhall729.com/Zip_masterGames/KingMidas/thai-hi-lo-jackpot_assets.zip,https://publiccdn.kingdomhall729.com/MarketingAssetsPSD/KingMidas/thai-hi-lo-jackpot_psd.zip,N.A, Thai Hi Lo Jackpot GDD,Table Games Translations Masterlist,PENDING,PENDING,PENDING,PENDING,THB Only,GS2,TRUE,TRUE,TRUE,TRUE,TRUE,TRUE,TRUE,FALSE,FALSE,FALSE,FALSE,FALSE,FALSE
KM,114,,Live,2024-11-12,2024-10-23,2025-08-01,,2024-12-24,dice-duet,Dice Duet,骰子二重奏,,ไดซ์ ดูเอต,Tài Xỉu Xí Ngầu Đôi,Dice Duet,,,Dados Duplos,Dice Duet,,,,,,97.00%,30X,2,60X,MEDIUM,,,CLASSIC,TABLE,DICE,India,,"7 UP 7 DOWN, CHIPS, DICE, FESTIVAL, HI-LO, TABLE GAME
",South East Asia,South Asia,"India
Philippines
South Korea
Brazil","Experience the excitement of Dice Duet, a captivating Hi-Lo style game where strategy meets chance! Roll two dice and predict the outcome while choosing from a variety of dynamic betting options. With its vibrant night festival theme, this game immerses you in a world of fun and excitement. Easy to play yet endlessly engaging, Dice Duet appeals to both seasoned players and newcomers alike. Roll the dice and join the adventure today!","1. A game with simple rules, perfect for quick fun!
2. Dynamic bet options to win up to 30x payout!
3. Chance to get 2x bonus and maximize your winnings!",12.6,16.9,N.A,,,,,,,,,,,,,,,,,https://demo8.kingmidasdev.net/games/dice-duet?currency=EUR&test=1,https://publiccdn.kingdomhall729.com/500x500images/KingMidas/dice-duet_500x500_en.jpg,https://demo7.kingmidasdev.net/games/dice-duet?currency=USD&test=1,,https://publiccdn.kingdomhall729.com/Product+Sheet/dice-duet_product-brochure_en.pdf,https://publiccdn.kingdomhall729.com/Product+Sheet/dice-duet_product-brochure_cn.pdf,https://publiccdn.kingdomhall729.com/website/landing/dice-duet_landing.zip,https://publiccdn.kingdomhall729.com/website/logo/dice-duet_logo.zip,https://publiccdn.kingdomhall729.com/website/banners/dice-duet_banners.zip,https://publiccdn.kingdomhall729.com/MarketingAssetsPSD/KingMidas/dice-duet_psd.zip,https://publiccdn.kingdomhall729.com/website/video/dice-duet_video.zip,Dice Duet GDD,Table Games Translations Masterlist,PENDING,PENDING,PENDING,PENDING,All,GS1,TRUE,TRUE,TRUE,TRUE,TRUE,FALSE,FALSE,TRUE,TRUE,FALSE,FALSE,FALSE,FALSE
KM,112,,Live,2024-08-20,2024-08-07,2025-03-01,2024-08-29,2024-11-06,toon-crash,Toon Crash,卡通碰撞,,ตูนแคลช,Kẻ Trộm Liều Lĩnh,Toon Crash,툰 크래시,တွန်းခရက်ရှ်,Batida Animada, Choque Animado,,,,,,97.00%,125X,-,125X,HIGH,,,NEXT-GEN,INSTANT,CRASH,All,,"ARCADE, CARTOON, CASUAL, CASH OUT, CRASH
",ALL,,"Malaysia
South Korea
India
United Kingdom
Brazil
United Arab Emirates
Australia
South Africa","Toon Crash is an exciting social multiplayer game where players place bets and decide when to cash out before the rocket explodes. Use the ""Cash Out"" button to withdraw your bet and winnings, or set up Auto Play for automatic bets and cashouts. Remember, if the rocket explodes before cashing out, your bet is lost. Bet wisely and aim for big multipliers in this intense game of chance!","1. Dual bet option for a more intuitive cashout experience!
2. Potentially win a payout of up to 125x
3. Live cash-out feature to monitor the remaining players in the race!",9.5,15.0,N.A,,,,,,,,,,,,,,,,,https://demo8.kingmidasdev.net/games/toon-crash?currency=EUR&test=1,https://publiccdn.kingdomhall729.com/500x500images/KingMidas/toon-crash_500x500_en.jpg,https://demo7.kingmidasdev.net/games/toon-crash?currency=USD&test=1,https://supports-3-q7.kingdomhall729.com/toon-crash/settings,https://publiccdn.kingdomhall729.com/Product+Sheet/toon-crash_product-brochure_en.pdf,https://publiccdn.kingdomhall729.com/Product+Sheet/toon-crash_product-brochure_cn.pdf,https://publiccdn.kingdomhall729.com/website/landing/toon-crash_landing.zip,https://publiccdn.kingdomhall729.com/website/logo/toon-crash_logo.zip,https://publiccdn.kingdomhall729.com/website/banners/toon-crash_banners.zip,https://publiccdn.kingdomhall729.com/MarketingAssetsPSD/KingMidas/toon-crash_psd.zip,https://publiccdn.kingdomhall729.com/website/video/toon-crash_video.zip,Toon Chase.xlsx,Table Games Translations Masterlist,PENDING,PENDING,PENDING,IN PROGRESS,All,GS3,TRUE,TRUE,TRUE,TRUE,TRUE,FALSE,FALSE,TRUE,TRUE,FALSE,FALSE,FALSE,FALSE
KM,110,,Live,2025-03-01,2025-02-12,,,-,perya-drop-ball-color,Perya Drop Ball Color,"Perya
彩色落球",,Perya ดรอป บอล คัลเลอร์,Quả Bóng Sắc Màu Perya,Perya Drop Ball Color,,,Perya Queda de Bolas Coloridas,Perya Drop Ball Color,,,,,,97.05%,7X,2,14X,MEDIUM,,,CLASSIC,TABLE,CASUAL,Philippines,,"CARNIVAL, CASUAL, PHILIPPINES, SOUTHEAST ASIAN, TABLE GAME
",South East Asia,,Philippines,"Inspired by the carnival games in the Phillippines, Perya Drop Ball Color is a funfair-style game that is both easy and fun to play. The round starts with 3 balls being dropped 1 by 1 from a chute to the play area. The balls land on 1 of the 36 grids. and players will receive payout according to the result of the balls. 

《Perya Drop Ball Color》灵感源自菲律宾嘉年华，是一款简单易上手、轻松有趣的落球游戏。每一局开始时，3 颗球将依次从滑道落下，进入由 36 个格子组成的游戏区域。只要球落在你投注的颜色区域内，即可获得奖励。若落入奖励格子，奖金还将直接翻倍！","1. Enjoy simple and exciting gameplay inspired by the Philippines carnival game!
2. Win if the ball lands on any of the 6 grids of the color you bet on!
3. 2x payout is rewarded if a ball lands on a bonus grid!

源自菲律宾嘉年华的经典玩法，规则简单、节奏轻快！
投注任意一种颜色，球落在该颜色任一格即可获胜！
奖励格子机制，命中可获得 2 倍派奖！",21.3,25.0,N.A,,,,,,,,,,,,,,,,Tournament,https://demo8.kingmidasdev.net/games/perya-drop-ball-color?currency=EUR&test=1,https://publiccdn.kingdomhall729.com/500x500images/KingMidas/perya-drop-ball-color_500x500_en.jpg,https://demo7.kingmidasdev.net/games/perya-drop-ball-color?currency=USD&test=1,https://uat.supports.kingmakergames.co/supports/games/perya-drop-ball-color/settings,https://publiccdn.kingdomhall729.com/Product+Sheet/perya-drop-ball-color_product-brochure_en.pdf,https://publiccdn.kingdomhall729.com/Product+Sheet/perya-drop-ball-color_product-brochure_cn.pdf,https://publiccdn.kingdomhall729.com/website/landing/perya-drop-ball-color_landing.zip,https://publiccdn.kingdomhall729.com/website/logo/perya-drop-ball-color_logo.zip,https://publiccdn.kingdomhall729.com/website/banners/perya-drop-ball-color_banners.zip,https://publiccdn.kingdomhall729.com/MarketingAssetsPSD/KingMidas/perya-drop-ball-color_psd.zip,https://publiccdn.kingdomhall729.com/website/video/perya-drop-ball-color_video.zip,Ball Drop Color (3 Balls).xlsx,Table Games Translations Masterlist,PENDING,PENDING,CERTIFIED,PENDING,All,GS1,TRUE,FALSE,FALSE,FALSE,FALSE,FALSE,FALSE,FALSE,FALSE,FALSE,FALSE,FALSE,FALSE
KM,108,,On Hold,Pending,-,-,,-,aviator-mini,Aviator (Mini),精英飞行员,,อีลิท เอวิเอเตอร์,Phi Đội Ưu Tú,,,,Aviator Elite,,,,,,,97.00%,125X,,,HIGH,No Commission,,NEXT-GEN,CASUAL,CRASH,All,,,ALL,,,,,29.6,36.0,N.A,,,,,,,,,,,,,,,,,N.A,N.A,N.A,N.A,N.A,N.A,N.A,N.A,N.A,N.A,N.A,[Mini-Game] Thai Hilo - Baccarat - Color Game - TFPC - 7 UpDown - GDD - Round-Based Game,Table Games Translations Masterlist,PENDING,PENDING,PENDING,PENDING,All,GS3,TRUE,FALSE,TRUE,FALSE,FALSE,FALSE,FALSE,FALSE,FALSE,FALSE,FALSE,FALSE,FALSE
KM,107,,Live,2025-03-01,2025-02-12,,,-,perya-roleta,Perya Roleta,"Perya
欢乐轮盘",,Perya โรเลต้า,Vòng Quay Perya,Perya Roleta,,,Perya Roleta,Perya Roleta,,,,,,96.97%,4X,6,6X,LOW,,,CLASSIC,TABLE,ROULETTE,Philippines,,"CARNIVAL, CASUAL, COLOR ROULETTE, PHILIPPINES, SOUTHEAST ASIAN, TABLE GAME
",South East Asia,,Philippines,"Perya Roleta captures the lively spirit of a carnival with a twist! The game features an outer colored-numbered wheel and an exciting inner multiplier wheel. Predict which number or color the flapper will stop on to win. Each spin offers a chance to boost your winnings with the inner wheel's reward multiplier, up to a maximum of x6! When bets are locked in, interact by clicking on your chosen numbers and calling out your desired outcome. Will you hit the jackpot with the perfect prediction? Get ready to spin and win big with Perya Roleta!

《Perya Roleta》以热闹的嘉年华为灵感，带来别具一格的双层轮盘玩法！外圈为颜色与号码轮盘，内圈则是奖励倍数轮盘。预测挡板最终停留的颜色或号码即可赢得奖励。每一次旋转，都有机会触发内圈倍数加成，最高可将奖金提升至 6 倍！下注完成后，你还可以点击心仪的选项，互动“报号”，增加参与感。准备好转动轮盘，赢取丰厚回报了吗？
","1. Lively carnival-themed gameplay with a double-layered color-numbered wheel!
2. Exciting inner multiplier wheel to boost winnings up to x6!
3. Predict the number or color the flapper will stop on to win!
4. Interactive result calling system where players can call out their predictions.

嘉年华主题双层轮盘设计，视觉感强、节奏明快！
内圈倍数轮盘，奖励最高可提升至 6 倍！
预测挡板停留的颜色或号码即可获胜！
互动式报号玩法，增强沉浸感与参与乐趣！",15.7,20.5,N.A,,,,,,,,,,,,,,,,Tournament,https://demo8.kingmidasdev.net/games/perya-roleta?currency=EUR&test=1,https://publiccdn.kingdomhall729.com/500x500images/KingMidas/perya-roleta_500x500_en.jpg,https://demo7.kingmidasdev.net/games/perya-roleta?currency=USD&test=1,https://uat.supports.kingmakergames.co/supports/games/perya-roleta/settings,https://publiccdn.kingdomhall729.com/Product+Sheet/perya-roleta_product-brochure_en.pdf,https://publiccdn.kingdomhall729.com/Product+Sheet/perya-roleta_product-brochure_cn.pdf,https://publiccdn.kingdomhall729.com/website/landing/perya-roleta_landing.zip,https://publiccdn.kingdomhall729.com/website/logo/perya-roleta_logo.zip,https://publiccdn.kingdomhall729.com/website/banners/perya-roleta_banners.zip,https://publiccdn.kingdomhall729.com/MarketingAssetsPSD/KingMidas/perya-roleta_psd.zip,https://publiccdn.kingdomhall729.com/website/video/perya-roleta_video.zip,Roleta.xlsx,Table Games Translations Masterlist,PENDING,PENDING,CERTIFIED,PENDING,All,GS1,TRUE,FALSE,FALSE,FALSE,FALSE,FALSE,FALSE,FALSE,FALSE,FALSE,FALSE,FALSE,FALSE
KM,106,,Live,2025-03-01,2025-02-12,,,-,perya-drop-ball-card,Perya Drop Ball Card,"Perya
落球卡牌",,Perya ดรอป บอล การ์ด,Thả Bóng Bài Perya,Perya Drop Ball Card,,,Perya Queda de Bolas com Cartas,Perya Drop Ball Card,,,,,,97.00%,6X,2,11X,MEDIUM,,,CLASSIC,TABLE,CASUAL,Philippines,,"CARD, PHILIPPINES, SOUTHEAST ASIA, TABLE GAMES, BALL
",South East Asia,,Philippines,"Perya Drop Ball Card brings the excitement of the Philippines carnival game to your screen with a poker twist! The game features 3 balls and 6 poker card bet options. Bet on which poker card the balls will land on to win. Each round, there's a chance for one of the balls to turn Golden, doubling the payouts of the connected bet option, up to 11x! Can you predict where the balls will land and hit the jackpot? Win big with Perya Drop Ball Card!

《Perya Drop Ball Card》将菲律宾嘉年华经典落球玩法，与扑克牌元素巧妙结合！游戏中共有 3 颗球，以及 6 种扑克牌投注选项。选择你看好的牌型，预测球最终落在哪张牌上即可获胜。每一局都有机会触发黄金球，一旦出现，对应投注项的奖励将直接翻倍，最高可达 11 倍回报！你能否精准预测，抓住高额奖励的机会？
","1. Thrilling poker-themed gameplay with 3 balls and 6 poker card bet options.
2. Exciting Golden Ball feature, doubling payouts up to 11x!
3. Interactive result calling system where players can call out their predictions.
4. High reward potential with multiple winning combinations!

扑克牌主题玩法，3 颗球搭配 6 种牌型投注选项.
黄金球奖励机制，中奖奖励最高可达 11 倍！
互动式报号系统，可主动选择并“喊出”你的预测结果.
多种中奖组合，具备高回报潜力！",20.3,26.0,N.A,,,,,,,,,,,,,,,,Tournament,https://demo8.kingmidasdev.net/games/perya-drop-ball-card?currency=EUR&test=1,https://publiccdn.kingdomhall729.com/500x500images/KingMidas/perya-drop-ball-card_500x500_en.jpg,https://demo7.kingmidasdev.net/games/perya-drop-ball-card?currency=USD&test=1,https://uat.supports.kingmakergames.co/supports/games/perya-drop-ball-card/settings,https://publiccdn.kingdomhall729.com/Product+Sheet/perya-drop-ball-card_product-brochure_en.pdf,https://publiccdn.kingdomhall729.com/Product+Sheet/perya-drop-ball-card_product-brochure_cn.pdf,https://publiccdn.kingdomhall729.com/website/landing/perya-drop-ball-card_landing.zip,https://publiccdn.kingdomhall729.com/website/logo/perya-drop-ball-card_logo.zip,https://publiccdn.kingdomhall729.com/website/banners/perya-drop-ball-card_banners.zip,https://publiccdn.kingdomhall729.com/MarketingAssetsPSD/KingMidas/perya-drop-ball-card_psd.zip,https://publiccdn.kingdomhall729.com/website/video/perya-drop-ball-card_video.zip,Ball Drop (Poker).xlsx,Table Games Translations Masterlist,PENDING,PENDING,CERTIFIED,PENDING,All,GS1,TRUE,FALSE,FALSE,FALSE,FALSE,FALSE,FALSE,FALSE,FALSE,FALSE,FALSE,FALSE,FALSE
KM,104,UFA Only,Live,2024-06-18,2024-06-05,2025-03-01,2024-08-29,2024-11-06,olympus-glory,Olympus Glory,奥林匹斯荣光,,"โอลิมปัส
กลอรี่","Vinh Quang 
Đỉnh Olympus","Kejayaan
Olimpus",,,Glória do Olimpo,Olympus Glory,"Сияние
Олимпа",,,,,96.61%,12X,30,30X,MEDIUM,,,NEXT-GEN,INSTANT,PLINKO,Western,Myanmar,"30X MULTIPLIER BONUS, BINGO CARD, INSTANT WIN, PLINKO, PRICE LADDER
",Europe,,Greece,"KingMidas presents Olympus Glory, a plinko-style game that transports you to the majestic realm of Olympus, the home of Greek Gods! Release balls to align symbols and lay claim to bountiful rewards. Achieve even more with our special bingo feature, where completing horizontal matches unlocks exclusive rewards. Play now and aim for glory!","1. Innovative Plinko-style game with bingo symbol matching mechanics!
2. Stand a chance to win a 12x payout and unlock bonus of up to 30x!
3. Maximize gameplay by utilizing the Autoplay feature to drop up to 100 balls!",17.6,25.3,N.A,,,,,,,,,,,,,,,,Free Plays,https://demo8.kingmidasdev.net/games/olympus-glory?currency=EUR&test=1,https://publiccdn.kingdomhall729.com/500x500images/KingMidas/olympus-glory_500x500_en.jpg,https://demo7.kingmidasdev.net/games/olympus-glory?currency=USD&test=1,https://supports-31-q7.kingdomhall729.com/olympus-glory/settings,https://publiccdn.kingdomhall729.com/Product+Sheet/olympus-glory_product-brochure_en.pdf,https://publiccdn.kingdomhall729.com/Product+Sheet/olympus-glory_product-brochure_cn.pdf,https://publiccdn.kingdomhall729.com/website/landing/olympus-glory_landing.zip,https://publiccdn.kingdomhall729.com/website/logo/olympus-glory_logo.zip,https://publiccdn.kingdomhall729.com/website/banners/olympus-glory_banners.zip,https://publiccdn.kingdomhall729.com/MarketingAssetsPSD/KingMidas/olympus-glory_psd.zip,https://publiccdn.kingdomhall729.com/website/video/olympus-glory_video.zip,Plinko Olympus Glory,Table Games Translations Masterlist,PENDING,CERTIFIED,CERTIFIED,IN PROGRESS,THB Only,GS3,TRUE,TRUE,TRUE,TRUE,TRUE,FALSE,FALSE,TRUE,TRUE,FALSE,FALSE,FALSE,FALSE
KM,103,,Live,2024-06-18,2024-06-05,2025-03-01,2024-07-31,2024-11-06,elite-aviator-club,Elite Aviator Club,精英飞行员俱乐部,,อีลิท เอวิเอเตอร์ คลับ,Phi Đội Ưu Tú,Klub Aviator Elite,,,Clube Elite de Aviação,Elite Aviator Club,Элитный авиаклуб,Elit Uçuş Kulübü,,,,97.00%,125X,-,125X,HIGH,,,NEXT-GEN,INSTANT,CRASH,Western,Myanmar,"AIRPLANE, ARCADE, CASH OUT, CASUAL, CRASH, RISING CURVE
",ALL,,"Malaysia
South Korea
India
United Kingdom
Brazil
United Arab Emirates
Australia
South Africa","Elite Aviator Club is a crash game that will take you through the skies! Set your bet limit before the plane takes off into the horizon. The further the plane flies, the higher the multiplier climbs, promising bigger rewards for the fearless. Stay sharp and choose your moment to cash out before the plane vanishes from sight. ","1. Enjoy a dual bet option for a more intuitive cashout experience!
2. Potentially win a payout of up to 125x
3. Live Eject feature to monitor the remaining players in the bet.",12.2,17.6,N.A,,,,,,,,,,,,,,,,Cash Drop,https://demo8.kingmidasdev.net/games/elite-aviator-club?currency=EUR&test=1,https://publiccdn.kingdomhall729.com/500x500images/KingMidas/elite-aviator-club_500x500_en.jpg,https://demo7.kingmidasdev.net/games/elite-aviator-club?currency=USD&test=1,https://supports-3-m7.kingdomhall729.com/elite-aviator-club/settings,https://publiccdn.kingdomhall729.com/Product+Sheet/elite-aviator-club_product-brochure_en.pdf,https://publiccdn.kingdomhall729.com/Product+Sheet/elite-aviator-club_product-brochure_cn.pdf,https://publiccdn.kingdomhall729.com/website/landing/elite-aviator-club_landing.zip,https://publiccdn.kingdomhall729.com/website/logo/elite-aviator-club_logo.zip,https://publiccdn.kingdomhall729.com/website/banners/elite-aviator-club_banners.zip,https://publiccdn.kingdomhall729.com/MarketingAssetsPSD/KingMidas/elite-aviator-club_psd.zip,https://publiccdn.kingdomhall729.com/website/video/elite-aviator-club_video.zip,Aviator - Vanilla Base Game.xlsx,Table Games Translations Masterlist,PENDING,CERTIFIED,CERTIFIED,IN PROGRESS,All,GS3,TRUE,TRUE,TRUE,TRUE,TRUE,FALSE,FALSE,TRUE,TRUE,TRUE,TRUE,FALSE,FALSE
KM,102,,Live,2024-06-18,2024-06-05,2025-03-01,2024-07-31,2024-11-06,interstellar-run,Interstellar Run,星际狂奔,,อินเตอร์สเตลลาร์ รัน,Bay Giữa Ngân Hà,Balap Interstellar,,,Corrida Interestelar,Interstellar Run,Межзвездный полет,Yıldızlar Arası Koşu,,,,97.00%,125X,-,125X,HIGH,,,NEXT-GEN,INSTANT,CRASH,Western,Myanmar,"ARCADE, CASH OUT, CASUAL, CRASH, RISING CURVE, SPACESHIP",ALL,,"Malaysia
South Korea
India
United Kingdom
Brazil
United Arab Emirates
Australia
South Africa","Join the space race in Interstellar Run, a high-speed multiplayer game that launches three rockets into the cosmos, challenging you to predict how far they will fly before crashing. As soon as the round kicks off, the multiplier scale begins its upward climb. Be sure to cash out before the rockets explode to secure your winnings!","1. Captivating crash-style game featuring three rockets racing simultaneously!
2. Enjoy a dual bet option for a more intuitive cashout experience!
3. Potentially win a payout of up to 125x
4. Live Eject feature to monitor the remaining players in the bet.",9.8,15.5,N.A,,,,,,,,,,,,,,,,,https://demo8.kingmidasdev.net/games/interstellar-run?currency=EUR&test=1,https://publiccdn.kingdomhall729.com/500x500images/KingMidas/interstellar-run_500x500_en.jpg,https://demo7.kingmidasdev.net/games/interstellar-run?currency=USD&test=1,https://supports-3-m7.kingdomhall729.com/interstellar-run/settings,https://publiccdn.kingdomhall729.com/Product+Sheet/interstellar-run_product-brochure_en.pdf,https://publiccdn.kingdomhall729.com/Product+Sheet/interstellar-run_product-brochure_cn.pdf,https://publiccdn.kingdomhall729.com/website/landing/interstellar-run_landing.zip,https://publiccdn.kingdomhall729.com/website/logo/interstellar-run_logo.zip,https://publiccdn.kingdomhall729.com/website/banners/interstellar-run_banners.zip,https://publiccdn.kingdomhall729.com/MarketingAssetsPSD/KingMidas/interstellar-run_psd.zip,https://publiccdn.kingdomhall729.com/website/video/interstellar-run_video.zip,Aviator Split 3.xlsx,Table Games Translations Masterlist,PENDING,CERTIFIED,CERTIFIED,IN PROGRESS,All,GS3,TRUE,TRUE,TRUE,TRUE,TRUE,FALSE,FALSE,TRUE,TRUE,TRUE,TRUE,FALSE,FALSE
KM,101,Betera Only,Live,2024-07-09,N.A,N.A,N.A,N.A,penguin-panic,Penguin Panic,企鹅危机,企鵝危機,เพนกวินตื่นตระหนก,Cánh Cụt Hoảng Loạn,Penguin Panik,,,Pinguim em Pânico,Penguin Panic,Пингвины в панике ,,,,,97.00%,200X,-,,MEDIUM,3% Commission will be drawn from the winners of a round.,,NEXT-GEN,INSTANT,MINES,Western,,,ALL,,"Malaysia
South Korea
India
United Kingdom
Brazil
United Arab Emirates
Australia
South Africa","Penguin Panic is a social multiplayer game that puts a fun twist on the classic minesweeper-style gameplay. Place your bets on an ice tile and outlive your opponents for a chance to become the ultimate Penguin Ace! As more players join the fray, the competition escalates, with everyone vying for a share of the prize pool. Will you be the last penguin standing?","1. Pick your lucky tile to stay afloat and claim your share of the Cash Pot!
2. Chance to win up to 200x of your bet amount!
3. Get social and express yourself with interactive emoticons!",N.A,N.A,N.A,,,,,,,,,,,,,,,,"Tournament, Cash Drop",https://demo8.kingmidasdev.net/games/penguin-panic?currency=EUR&test=1,https://publiccdn.kingdomhall729.com/500x500images/KingMidas/penguin-panic_500x500_en.jpg,https://demo7.kingmidasdev.net/games/penguin-panic?currency=USD&test=1,https://uat.supports.kingmakergames.co/supports/games/penguin-panic/settings,https://publiccdn.kingdomhall729.com/Product+Sheet/penguin-panic_product-brochure_en.pdf,https://publiccdn.kingdomhall729.com/Product+Sheet/penguin-panic_product-brochure_cn.pdf,https://publiccdn.kingdomhall729.com/website/landing/penguin-panic_landing.zip,https://publiccdn.kingdomhall729.com/website/logo/penguin-panic_logo.zip,https://publiccdn.kingdomhall729.com/Zip_masterGames/KingMidas/penguin-panic_assets.zip,https://publiccdn.kingdomhall729.com/MarketingAssetsPSD/KingMidas/penguin-panic_psd.zip,https://publiccdn.kingdomhall729.com/website/video/penguin-panic_video.zip,Penguin Panic,Table Games Translations Masterlist,PENDING,CERTIFIED,CERTIFIED,IN PROGRESS,All,GS1,TRUE,TRUE,TRUE,TRUE,TRUE,FALSE,FALSE,TRUE,TRUE,TRUE,FALSE,FALSE,FALSE
KM,100,UFA,Live,2024-06-18,2024-06-05,2025-03-01,2024-08-29,2024-11-06,rooster-blitz,Rooster Blitz,公鸡大战,,บลิสซ์ไก่ชน,"Tốc Chiến
Thần Kê",Rooster Blitz,,,Rooster Blitz,Rooster Blitz,"Петушиный
налёт",,,,,97.00%,5000X,-,5000X,HIGH,No commission,28.17%,SLOTS,MATCH-3,CASCADE,Western,Myanmar,"BONUS BUY, CASCADING WIN, FREE SPIN, MEGA WIN, SCATTER, SPECIAL FEATURES, SPECIAL SYMBOL
",North America,Latin America,"United States of America
Brazil
Vietnam","Rooster Blitz is a match-3 slot reel-style game where you aim to eliminate symbols and create winning combinations. The more match-3 combos you achieve, the greater your winnings!","1. Match symbols combination to win varies reward! 
2. Win up to 10x payout with Rooster Flurry! when you combine 3 special symbols during Free Spin mode!
3. Take a chance with the 'Buy Free Spin' feature to win fantastic prizes!
4. Exciting bonus multipliers to win up to 5000x payout!",23.5,29.7,6x6,Cluster Pays,✓,✓,,,,-,,,,,,,,,Free Plays,https://demo8.kingmidasdev.net/games/rooster-blitz?currency=EUR&test=1,https://publiccdn.kingdomhall729.com/500x500images/KingMidas/rooster-blitz_500x500_en.jpg,https://demo7.kingmidasdev.net/games/rooster-blitz?currency=USD&test=1,https://dev-slot-support.kmgamesdev.net/rooster-blitz/settings,https://publiccdn.kingdomhall729.com/Product+Sheet/rooster-blitz_product-brochure_en.pdf,https://publiccdn.kingdomhall729.com/Product+Sheet/rooster-blitz_product-brochure_cn.pdf,https://publiccdn.kingdomhall729.com/website/landing/rooster-blitz_landing.zip,https://publiccdn.kingdomhall729.com/website/logo/rooster-blitz_logo.zip,https://publiccdn.kingdomhall729.com/website/banners/rooster-blitz_banners.zip,https://publiccdn.kingdomhall729.com/MarketingAssetsPSD/KingMidas/rooster-blitz_psd.zip,https://publiccdn.kingdomhall729.com/website/video/rooster-blitz_video.zip,Cockfighting Blast,Table Games Translations Masterlist,PENDING,PENDING,CERTIFIED,IN PROGRESS,"All, Except THB",GS3,TRUE,TRUE,TRUE,TRUE,TRUE,FALSE,FALSE,TRUE,TRUE,TRUE,FALSE,FALSE,FALSE
KM,99,UFA,Live,2024-06-18,2024-05-29,2025-03-01,2024-07-31,2024-11-06,cleopatras-treasure,Cleopatra's Treasure,埃及艳后的宝藏,埃及豔后的寶藏,ขุมทรัพย์ คลีโอพัตรา,Kho Báu của Cleopatra,Harta Cleopatra,,,Tesouro da Cleópatra,Cleopatra's Treasure,Сокровища Клеопатры,,,,,97.00%,5000X,200,5000X,HIGH,No commission,34.01%,SLOTS,MATCH-3,CASCADE,Egypt,Thailand,"200X MULTIPLIER BONUS, BONUS BUY, CASCADING WINS, EGYPT, FREE SPIN, MEGA WIN, SCATTER, WILD
",North America,MENA,"United States of America
United Kingdom
Egypt","Unearth the riches of ancient Egypt with Cleopatra's Treasure! Navigate the 5x4 reels where mystery multipliers lie in wait, ready to amplify your winnings. Scatter symbols unlock the gate to free spins, granting you endless opportunities to claim Cleopatra's coveted treasures. Feeling bold? Buy your way into the free spins bonus and let the sands of time rain down riches upon you. Spin the reels and embrace your destiny as the next ruler of the Nile!","1. 5x4 reel with dynamic Cascading and Spinning Reels mechanics!
2. Take a chance with the 'Buy Free Spin' feature to win amazing prizes!
3. Exciting Mystery Multiplier & Scatter to win up to 5000x payout!",25.9,31.1,5x4,Cluster Pays,✓,✓,,✓,,✓,,,,,,,,,Free Plays,https://demo8.kingmidasdev.net/games/cleopatras-treasure?currency=EUR&test=1,https://publiccdn.kingdomhall729.com/500x500images/KingMidas/cleopatras-treasure_500x500_en.jpg,https://demo7.kingmidasdev.net/games/cleopatras-treasure?currency=USD&test=1,https://dev-slot-support.kmgamesdev.net/cleopatras-treasure/settings,https://publiccdn.kingdomhall729.com/Product+Sheet/cleopatras-treasure_product-brochure_en.pdf,https://publiccdn.kingdomhall729.com/Product+Sheet/cleopatras-treasure_product-brochure_cn.pdf,https://publiccdn.kingdomhall729.com/website/landing/cleopatras-treasure_landing.zip,https://publiccdn.kingdomhall729.com/website/logo/cleopatras-treasure_logo.zip,https://publiccdn.kingdomhall729.com/website/banners/cleopatras-treasure_banners.zip,https://publiccdn.kingdomhall729.com/MarketingAssetsPSD/KingMidas/cleopatras-treasure_psd.zip,https://publiccdn.kingdomhall729.com/website/video/cleopatras-treasure_video.zip,Cleopatra's Treasure Slots,Table Games Translations Masterlist,PENDING,CERTIFIED,CERTIFIED,IN PROGRESS,"All, Except THB",GS3,TRUE,TRUE,TRUE,TRUE,TRUE,FALSE,FALSE,TRUE,TRUE,TRUE,TRUE,FALSE,FALSE
KM,98,Betera Only,Live,2024-07-02,N.A,N.A,N.A,N.A,jackpot-jump,Jackpot Jump,大奖跳跃,大獎跳躍,แจ็คพ็อตจัมพ์,Bước Nhảy Jackpot!,Lompat Jackpot,,,Salto Premiado,Jackpot Jump,Прыжок За Джекпотом,,,,,96.94%,4.5X,2X,,LOW,,,NEXT-GEN,INSTANT,MINES,Korea,,,ALL,,"Malaysia
South Korea
India
United Kingdom
Brazil
United Arab Emirates
Australia
South Africa","Jackpot Jump delivers heart-pounding excitement in every round! In this round-based game of chance, all you need to do is pick a color—red, blue, or green. Each color-coded team will leap across glass tiles in a daring race toward the jackpot. The team that gets closest to the prize wins! It’s simple, social, and full of suspense. Place your bet, cheer your team on, and claim your share of the rewards!

在全新改版的《大奖跳跃》中，体验简单又刺激的团队竞速玩法！只需选择 红、蓝或绿 战队，即可加入这场玻璃砖上的跳跃对决。哪支队伍离终极奖金最近，哪队就能赢取奖励！无需复杂策略，只需押注你的战队，享受紧张又欢乐的社交竞猜体验。","1. Pick your color, watch the race, win instantly!
2. Trigger 2x bonus for 8x max win!

1. 一秒选战队，看跳跃对决，胜负马上揭晓！
2. 押中胜队赢8倍奖励，轻松赚翻！",N.A,N.A,N.A,,,,,,,,,,,,,,,,,https://demo8.kingmidasdev.net/games/jackpot-jump?currency=EUR&test=1,https://publiccdn.kingdomhall729.com/500x500images/KingMidas/jackpot-jump_500x500_en.jpg,https://demo7.kingmidasdev.net/games/jackpot-jump?currency=USD&test=1,https://uat.supports.kingmakergames.co/supports/games/jackpot-jump/settings,https://publiccdn.kingdomhall729.com/Product+Sheet/jackpot-jump_product-brochure_en.pdf,https://publiccdn.kingdomhall729.com/Product+Sheet/jackpot-jump_product-brochure_cn.pdf,https://publiccdn.kingdomhall729.com/website/landing/jackpot-jump_landing.zip,https://publiccdn.kingdomhall729.com/website/logo/jackpot-jump_logo.zip,https://publiccdn.kingdomhall729.com/Zip_masterGames/KingMidas/jackpot-jump_assets.zip,https://publiccdn.kingdomhall729.com/MarketingAssetsPSD/KingMidas/jackpot-jump_psd.zip,https://publiccdn.kingdomhall729.com/website/video/jackpot-jump_video.zip,Jackpot Jump,Table Games Translations Masterlist,PENDING,CERTIFIED,CERTIFIED,IN PROGRESS,All,GS1,TRUE,TRUE,TRUE,TRUE,TRUE,FALSE,FALSE,TRUE,TRUE,TRUE,FALSE,FALSE,FALSE
KM,94,,Live,2024-04-24,2024-04-03,N.A,2024-07-31,N.A,dragon-tiger-mini,Dragon Tiger (Mini),,,,"LONG
HỔ",,,,,,,,,,,97.00%,10X,2,,MEDIUM,No Commission,,CLASSIC,TABLE,MINI,China,Thailand,,East Asia,,,,,6.8,13.4,N.A,,,,,,,,,,,,,,,,,N.A,N.A,N.A,,N.A,N.A,N.A,N.A,N.A,N.A,N.A,[Mini-Game] Thai Hilo - Baccarat - Color Game - TFPC - 7 UpDown - GDD - Round-Based Game,Table Games Translations Masterlist,PENDING,PENDING,PENDING,,All,GS3,TRUE,FALSE,TRUE,FALSE,FALSE,FALSE,FALSE,FALSE,FALSE,FALSE,FALSE,FALSE,FALSE
KM,93,,Live,2024-04-23,2024-04-03,2025-03-01,2024-07-31,2024-11-06,viking-blast,Gems of Valhalla,"英灵殿
 宝石",英靈殿寶石,"อัญมณี
แห่งวัลฮัลล่า","Đá Quý
Valhalla","Gems
of Valhalla",,,"Joias 
de Valhala","Gems 
of Valhalla","Самоцветы 
из Валгаллы",,,,,97.00%,5000X,-,5000X,HIGH,No Commission,27.10%,SLOTS,MATCH-3,CASCADE,Western,Thailand,"BONUS BUY, CASCADING WIN, FULL CLEAR, FREE SPIN, MEGA WIN, SCATTER, SPECIAL SYMBOL, VIKING
",Europe,,United Kingdom,"Step into the sacred chambers of Valhalla, where a treasure trove of gems awaits your discovery. Match 4 or more symbols to unlock exciting rewards. Look out for scatter symbols to trigger bonus spins that reveal random gem types. Want to boost your earnings? Buy the free spin feature and increase your chances of winning big. ","1. Match symbols combination to win varies reward! 
2. Collect 3 Scatters for free spin. More Scatters for bigger multiplier bonus!
3. Take a chance with the 'Buy Free Spin' feature to win fantastic prizes!
4. Exciting bonus multipliers to win up to 5000x payout!",19.8,24.6,6x6,Cluster Pays,✓,✓,,,,,,,,,,,,,Free Plays,https://demo8.kingmidasdev.net/games/viking-blast?currency=EUR&test=1,https://publiccdn.kingdomhall729.com/500x500images/KingMidas/gems-of-valhalla_500x500_en.jpg,https://demo7.kingmidasdev.net/games/viking-blast?currency=USD&test=1,https://dev-slot-support.kmgamesdev.net/viking-blast/settings,https://publiccdn.kingdomhall729.com/Product+Sheet/gems-of-valhalla_product-brochure_en.pdf,https://publiccdn.kingdomhall729.com/Product+Sheet/gems-of-valhalla_product-brochure_cn.pdf,https://publiccdn.kingdomhall729.com/website/landing/gems-of-valhalla_landing.zip,https://publiccdn.kingdomhall729.com/website/logo/gems-of-valhalla_logo.zip,https://publiccdn.kingdomhall729.com/website/banners/gems-of-valhalla_banners.zip,https://publiccdn.kingdomhall729.com/MarketingAssetsPSD/KingMidas/gems-of-valhalla_psd.zip,https://publiccdn.kingdomhall729.com/website/video/gems-of-valhalla_video.zip,Gems of Valhalla Slots (viking-blast),Table Games Translations Masterlist,PENDING,IN PROGRESS,CERTIFIED,IN PROGRESS,All,GS3,TRUE,TRUE,TRUE,TRUE,TRUE,FALSE,FALSE,TRUE,TRUE,TRUE,TRUE,FALSE,FALSE
KM,89,,On Hold,Pending,2024-03-13,N.A,N.A,N.A,color-game-mini,Color Game (Mini),,,เกมสี,Xí Ngầu Lục Sắc,,미니 컬러 게임,,,,,,,,,97.00%,6X,10,,LOW,No Commission,,CLASSIC,CASUAL,MINI,Philippines,Philippines,,South East Asia,,,,,7.5,15.1,N.A,,,,,,,,,,,,,,,,,N.A,N.A,N.A,N.A,N.A,N.A,N.A,N.A,N.A,N.A,N.A,[Mini-Game] Thai Hilo - Baccarat - Color Game - TFPC - 7 UpDown - GDD - Round-Based Game,Table Games Translations Masterlist,PENDING,PENDING,PENDING,PENDING,All,GS3,TRUE,FALSE,TRUE,FALSE,FALSE,FALSE,FALSE,FALSE,FALSE,FALSE,FALSE,FALSE,FALSE
KM,87,UFA Only,Live,2023-12-13,2023-12-06,N.A,N.A,2024-10-23,penalty-shoot-mini,Football Penalty Kick (Mini),,,เกมยิงจุดโทษ,Trò Chơi Đá Luân Lưu,,미니 페널티 슛,,,,,,,,,97.13%,1.9X,-,,LOW,No Commission,,CLASSIC,TABLE,MINI,All,,,ALL,,,,,4.8,11.3,N.A,,,,,,,,,,,,,,,,,N.A,N.A,N.A,N.A,N.A,N.A,N.A,N.A,N.A,N.A,N.A,[Mini-Game] Thai Hilo - Baccarat - Color Game - TFPC - 7 UpDown - GDD - Round-Based Game,Table Games Translations Masterlist,PENDING,PENDING,PENDING,PENDING,THB Only,GS3,TRUE,FALSE,TRUE,FALSE,FALSE,FALSE,FALSE,FALSE,FALSE,FALSE,FALSE,FALSE,FALSE
KM,86,UFA,Live,2024-05-27,2024-05-15,2025-03-01,2024-07-31,2024-05-15,sugar-blast-2,Sugar Blast Frenzy,甜蜜暴击狂潮,甜蜜暴擊狂潮,ชูการ์แบลสต์คลั่ง,Cơn Mưa Kẹo Ngọt,Sugar Blast Frenzy,슈거 블래스트 프렌지,,Sugar Blast Frenzy,Sugar Blast Frenesí,Безумный сахарный взрыв,,,,,96.98%,3000X,-,3000X,HIGH,No Commission,28.17%,SLOTS,MATCH-3,CASCADE,Western,Thailand,"BONUS BUY, CASCADING WIN, FREE SPIN, MEGA WIN, SPECIAL FEATURES, SPECIAL SYMBOL",North America,Europe,"United States of America
United Kingdom","Get ready for a sugar rush like no other. Sugar Blast is a slot reel-style game with a delightful twist. Eliminate candy symbols to create the most tantalising winning combination. The more combos you create, the sweeter the rewards! Match 5 or more identical candies in a row and be rewarded with a special bomb activation, which you can use to smash candies into colourful bits.
","1. Match symbols combination to win varies reward! 
2. Accumulate Bar Meter to win Free Spin! 
3. Combine 3 special symbols to trigger Sugar Blast Fever 10x bonus!
4. Exciting bonus feature to win up to 3000x payout!",16.5,20.9,6x6,Cluster Pays,✓,✓,,,,,,,,,,,,,"Free Plays, Tournament, Cash Drop",https://demo8.kingmidasdev.net/games/sugar-blast-2?currency=EUR&test=1,https://publiccdn.kingdomhall729.com/500x500images/KingMidas/sugar-blast-frenzy_500x500_en.jpg,https://demo7.kingmidasdev.net/games/sugar-blast-2?currency=USD&test=1,https://dev-slot-support.kmgamesdev.net/sugar-blast-2/settings,https://publiccdn.kingdomhall729.com/Product+Sheet/sugar-blast-frenzy_product-brochure_en.pdf,https://publiccdn.kingdomhall729.com/Product+Sheet/sugar-blast-frenzy_product-brochure_cn.pdf,https://publiccdn.kingdomhall729.com/website/landing/sugar-blast-frenzy_landing.zip,https://publiccdn.kingdomhall729.com/website/logo/sugar-blast-frenzy_logo.zip,https://publiccdn.kingdomhall729.com/website/banners/sugar-blast-frenzy_banners.zip,https://publiccdn.kingdomhall729.com/MarketingAssetsPSD/KingMidas/sugar-blast-frenzy_psd.zip,https://publiccdn.kingdomhall729.com/website/video/sugar-blast-frenzy_video.zip,Sugar Blast 2,Table Games Translations Masterlist,PENDING,IN PROGRESS,CERTIFIED,IN PROGRESS,"All, Except THB",GS3,TRUE,TRUE,TRUE,TRUE,TRUE,FALSE,FALSE,TRUE,TRUE,TRUE,FALSE,FALSE,FALSE
KM,85,UFA Only,Live,2024-09-28,2024-05-10,N.A,2024-07-31,2024-10-23,texas-poker,Texas Hold'em Poker,德州扑克,,โป๊กเกอร์เท็กซัสโฮลเอ็ม,Bài Poker Texas (Xì tố),Texas Hold'em Poker,,,,,,,,,,100.00%,5X,-,5X,LOW,No Commission,,CLASSIC,TABLE,CARD,All,,"CARD GAME, POKER GAME",ALL,,,"Texas Hold'em Poker is  a dynamic multiplayer game where strategy and nerve-wracking bluffing are key to victory. Adapted from the classic 5 Card Poker, Texas Hold'em challenges you to outwit your opponents and craft the ultimate 5-card hand from a pool of 7 cards. Bet strategically, raise the stakes, and go all-in to claim the entire pot. With community cards gradually revealed at each phase, every hand brings exhilarating anticipation. Will you land a Royal Flush or outmaneuver with a deception? Gather your chips, join the table, and experience the heart-pounding excitement of Texas Hold'em Poker!",,13.7,19.3,N.A,,,,,,,,,,,,,,,,"Tournament, Cash Drop",N.A,https://publiccdn.kingdomhall729.com/500x500images/KingMidas/texas-poker_500x500_en.jpg,N.A,N.A,https://publiccdn.kingdomhall729.com/Product+Sheet/texas-holdem-poker_product-brochure_en.pdf,https://publiccdn.kingdomhall729.com/Product+Sheet/texas-holdem-poker_product-brochure_cn.pdf,https://publiccdn.kingdomhall729.com/website/landing/texas-poker_landing.zip,https://publiccdn.kingdomhall729.com/website/logo/texas-poker_logo.zip,https://publiccdn.kingdomhall729.com/Zip_masterGames/KingMidas/texas-holdem-poker_assets.zip,https://publiccdn.kingdomhall729.com/MarketingAssetsPSD/KingMidas/texas-holdem-poker_psd.zip,N.A,Texas Holdem' Poker,Table Games Translations Masterlist,PENDING,PENDING,PENDING,PENDING,THB Only,GS3,TRUE,TRUE,TRUE,TRUE,TRUE,FALSE,FALSE,FALSE,FALSE,FALSE,FALSE,FALSE,FALSE
KM,84,,Live,2024-05-28,2024-04-03,N.A,N.A,N.A,thai-hi-lo-mini,Thai Hi Lo (Mini),,,ไฮโลไทย,Tài Xỉu Thái,,미니 타이 하이로,,,,,,,,,97.00%,5X,2,,MEDIUM,No Commission,,CLASSIC,TABLE,MINI,Thailand,Thailand,,South East Asia,,,,,4.5,8.9,N.A,,,,,,,,,,,,,,,,,N.A,N.A,N.A,N.A,N.A,N.A,N.A,N.A,N.A,N.A,N.A,[Mini-Game] Thai Hilo - Baccarat - Color Game - TFPC - 7 UpDown - GDD - Round-Based Game,Table Games Translations Masterlist,PENDING,PENDING,PENDING,PENDING,All,GS3,TRUE,FALSE,TRUE,FALSE,FALSE,FALSE,FALSE,FALSE,FALSE,FALSE,FALSE,FALSE,FALSE
KM,79,UFA Only,Live,2024-01-19,2023-11-01,N.A,N.A,2024-11-06,gao-gae-jud,Gao Gae Jud (3 sets 9 cards),"Gao Gae Jud
3组9张牌",,"เก้าเกจัด
3 กอง 9 ใบ","Gao Gae Jud
(Bài Binh 9 Lá)","Gao Gae Jud
(3 set 9 kartu)",,,,,,,,,,97.00%,480X,-,480X,MEDIUM,3% Commission will be drawn from the winners of a round.,,CLASSIC,TABLE,CARD,Thailand,,"CARD GAME, SOUTHEAST ASIAN, TRADITIONAL, THAI POKER",South East Asia,,,"Welcome to the captivating world of Gao Gae Jud, a traditional Thai card game tailored for 2 to 5 players. Armed with 9 cards each, players must masterfully craft their winning hands. Aim high with TOAK (Three of a Kind) for 5 points, chase the thrill of a Straight Flush for 3 points, or stick with classics like Straights, Flushes, and High Cards, each worth 1 point. But beware, a mis-set hand could cost you a hefty 6X penalty against your rivals!",,17.1,24.8,N.A,,,,,,,,,,,,,,,,,N.A,https://publiccdn.kingdomhall729.com/500x500images/KingMidas/gao-gae-jud_500x500_en.jpg,N.A,N.A,N.A,N.A,https://publiccdn.kingdomhall729.com/website/landing/gao-gae-jud_landing.zip,https://publiccdn.kingdomhall729.com/website/logo/gao-gae-jud_logo.zip,https://publiccdn.kingdomhall729.com/Zip_masterGames/KingMidas/gao-gae-jud_assets.zip,https://publiccdn.kingdomhall729.com/MarketingAssetsPSD/KingMidas/gao-gae-jud_psd.zip,N.A,3 Sets 9 cards (Gao Gae Jud) - GDD - PvBots [UFA MK].xlsx,Table Games Translations Masterlist,PENDING,PENDING,PENDING,PENDING,THB Only,GS1,TRUE,TRUE,TRUE,TRUE,TRUE,FALSE,FALSE,FALSE,FALSE,FALSE,FALSE,FALSE,FALSE
KM,78,,Live,2024-03-26,2024-03-26,2025-03-01,2024-07-31,2024-11-06,coin-dozer,Coin Pusher,推币机,推幣機,"เกม
ดันเหรียญ",Máy Đẩy Xu,Coin Pusher,,,Empurra Moedas,Coin Pusher,Толкатель монет,,,,,97.00%,1000X,1000,1000X,HIGH,,,NEXT-GEN,VIRTUAL,CASUAL,Western,Thailand,"ARCADE, CARNIVAL, COINS, FRUIT, GOLD, JEWELRY, VIRTUAL, WESTERN",ALL,,"Malaysia
South Korea
India
United Kingdom
Brazil
United Arab Emirates
Australia
South Africa","Coin Pusher offers an exhilarating arcade experience that can lead you to ultimate wealth! Drop coins, nudge them toward prizes, and fill the Bonus Meter to unlock surprise events that yield rewards from the Special Slots.","1.  Massive rewards with a jaw-dropping 1000X Payout and 1000X Bonus wins!
2. Amp up the excitement as the Bonus Meter fills, unlocking Special Slots' epic bonuses!
3. Skyrocket your wins through a variety of thrilling Surprise Events!",22.0,30.8,N.A,,,,,,,,,,,,,,,,Free Plays,https://demo8.kingmidasdev.net/games/coin-dozer?currency=EUR&test=1,https://publiccdn.kingdomhall729.com/500x500images/KingMidas/coin-pusher_500x500_en.jpg,https://demo7.kingmidasdev.net/games/coin-dozer?currency=USD&test=1,https://supports-31-m7.kingdomhall729.com/coin-dozer/settings,https://publiccdn.kingdomhall729.com/Product+Sheet/coin-pusher_product-brochure_en.pdf,https://publiccdn.kingdomhall729.com/Product+Sheet/coin-pusher_product-brochure_cn.pdf,https://publiccdn.kingdomhall729.com/website/landing/coin-pusher_landing.zip,https://publiccdn.kingdomhall729.com/website/logo/coin-pusher_logo.zip,https://publiccdn.kingdomhall729.com/website/banners/coin-pusher_banners.zip,https://publiccdn.kingdomhall729.com/MarketingAssetsPSD/KingMidas/coin-pusher_psd.zip,https://publiccdn.kingdomhall729.com/website/video/coin-pusher_video.zip,CoinDozer,Table Games Translations Masterlist,PENDING,CERTIFIED,PENDING,IN PROGRESS,All,GS3,TRUE,TRUE,TRUE,TRUE,TRUE,FALSE,FALSE,TRUE,TRUE,TRUE,FALSE,FALSE,FALSE
KM,77,UFA Only,Live,2023-07-21,2023-06-28,N.A,N.A,2024-10-23,king-slave,King Slave,王者与奴,,ไพ่สลาฟ,Vua và Nô lệ,King Slave,,,,,,,,,,97.66%,1X,12,12X,LOW,"10% Commission from the bet amount will be drawn from winners at the end, and 5% commission from those at exactly 0 points instead.",,CLASSIC,TABLE,CARD,Thailand,,"ASIAN, CARD GAME, KING AND SLAVE, STRATEGIC, THAI",South East Asia,,,"Experience the exhilaration of King Slave, a strategic card game where players tactically play higher value cards to outsmart other players. With alternating turns and the intriguing dynamic of being the King or Slave, the objective is to be the first to discard all cards. ",,16.2,22.3,N.A,,,,,,,,,,,,,,,,,N.A,https://publiccdn.kingdomhall729.com/500x500images/KingMidas/king-slave_500x500_en.jpg,N.A,N.A,N.A,N.A,https://publiccdn.kingdomhall729.com/website/landing/king-slave_landing.zip,https://publiccdn.kingdomhall729.com/website/logo/king-slave_logo.zip,https://publiccdn.kingdomhall729.com/Zip_masterGames/KingMidas/king-slave_assets.zip,https://publiccdn.kingdomhall729.com/MarketingAssetsPSD/KingMidas/king-slave_psd.zip,N.A,King Slave (UFA),Table Games Translations Masterlist,PENDING,PENDING,PENDING,PENDING,THB Only,GS3,TRUE,TRUE,TRUE,TRUE,TRUE,FALSE,FALSE,FALSE,FALSE,FALSE,FALSE,FALSE,FALSE
KM,76,UFA Only,Live,2023-11-22,2023-08-23,N.A,N.A,2024-11-06,chinese-poker,Chinese Poker,中式扑克,,ไพ่สามกอง 13 ใบ,Mậu Binh,Poker Cina,,,,,,,,,,97.00%,26X,-,26X,MEDIUM,3% Commission will be drawn from the winners of a round.,,CLASSIC,TABLE,CARD,China,,"13 CARDS POKER, ASIAN, CHINESE POKER, HAND ARRANGEMENT, STRATEGIC",East Asia,,,"Chinese Poker is a thrilling variation of traditional poker played with a 52-card deck and up to 4 players. Each player receives 13 cards to arrange into three sets: bottom, middle, and top. The objective is to create the highest-ranking hands in each set. With a time limit of 50 seconds, players strategize to form winning combinations like Royal Straight Flush, Four of a Kind, and more. Chinese Poker combines skill and strategy, offering a unique twist on the classic game. It's an engaging and fast-paced card game that promises excitement and challenges for players of all levels.",,24.6,31.8,N.A,,,,,,,,,,,,,,,,,N.A,https://publiccdn.kingdomhall729.com/500x500images/KingMidas/chinese-poker_500x500_en.jpg,N.A,N.A,N.A,N.A,https://publiccdn.kingdomhall729.com/website/landing/chinese-poker_landing.zip,https://publiccdn.kingdomhall729.com/website/logo/chinese-poker_logo.zip,https://publiccdn.kingdomhall729.com/Zip_masterGames/KingMidas/chinese-poker_assets.zip,https://publiccdn.kingdomhall729.com/MarketingAssetsPSD/KingMidas/chinese-poker_psd.zip,N.A,Chinese Poker,Table Games Translations Masterlist,PENDING,PENDING,PENDING,PENDING,THB Only,GS1,TRUE,TRUE,TRUE,TRUE,TRUE,FALSE,FALSE,FALSE,FALSE,FALSE,FALSE,FALSE,FALSE
KM,73,UFA Only,Live,2022-11-16,2022-11-16,N.A,N.A,2024-10-23,penalty-shoot,Football Penalty Kick,点球决胜,,เกมยิงจุดโทษ,Trò Chơi Đá Luân Lưu,Tendangan Penalti Sepak Bola,,,,,,,,,,97.13%,19X,-,19X,LOW,No Commission,,CLASSIC,VIRTUAL,SPORTS,All,,"FOOTBALL, PENALTY KICK, VIRTUAL SPORTS",ALL,,,"Football Penalty Kick is a game of chance with a pool of the best soccer teams in the world pitting against each other in a penalty shoot-out. Every round, a home and away team will be matched to have a penalty shootout against each other. Each team will have 5 players nominated to take the shoot-out. Bet on your favourite team that can win against all odds!",,21.9,26.7,N.A,,,,,,,,,,,,,,,,,https://demo8.kingmidasdev.net/games/penalty-shoot?currency=EUR&test=1,https://publiccdn.kingdomhall729.com/500x500images/KingMidas/penalty-shoot_500x500_en.jpg,https://demo7.kingmidasdev.net/games/penalty-shoot?currency=USD&test=1,N.A,N.A,N.A,https://publiccdn.kingdomhall729.com/website/landing/football-penalty-kick_landing.zip,https://publiccdn.kingdomhall729.com/website/logo/football-penalty-kick_logo.zip,https://publiccdn.kingdomhall729.com/Zip_masterGames/KingMidas/penalty-shoot_assets.zip,https://publiccdn.kingdomhall729.com/MarketingAssetsPSD/KingMidas/penalty-shoot_psd.zip,N.A,Virtual Soccer (Fifa Penalty),Table Games Translations Masterlist,PENDING,PENDING,PENDING,PENDING,THB Only,GS3,TRUE,TRUE,TRUE,TRUE,TRUE,FALSE,FALSE,FALSE,FALSE,FALSE,FALSE,FALSE,FALSE
KM,71,UFA Only,Live,2023-01-04,2022-12-21,N.A,N.A,2024-10-23,belangkai-3,Belangkai Fold,鱼虾蚝,,กุ้งปลา,Belangkai Fold,Belangkai Fold,,,,,,,,,,97.00%,2.8X,2,5.6X,LOW,No Commission,,CLASSIC,TABLE,DICE,Indonesia,,"BELANGKAI, CULTURAL, INDONESIA, SOUTHEAST ASIAN, SYMBOL GRID",South East Asia,,,"Belangkai Fold is a simple game based on a spinner with four sides. Along with a variety of folding notes to use different bet options, the player simply bets on which symbol will appear after a spin. Every round, there is a chance to trigger a 2x bonus across the bet options. If bets are landed on a bonus, the winning bet is doubled.
",,8.9,14.0,N.A,,,,,,,,,,,,,,,,,N.A,https://publiccdn.kingdomhall729.com/500x500images/KingMidas/belangkai-fold_500x500_en.jpg,N.A,N.A,N.A,N.A,https://publiccdn.kingdomhall729.com/website/landing/belangkai-fold_landing.zip,https://publiccdn.kingdomhall729.com/website/logo/belangkai-fold_logo.zip,https://publiccdn.kingdomhall729.com/Zip_masterGames/KingMidas/belangkai-fold_assets.zip,https://publiccdn.kingdomhall729.com/MarketingAssetsPSD/KingMidas/belangkai-fold_psd.zip,N.A,Belangkai Fold,Table Games Translations Masterlist,PENDING,PENDING,PENDING,PENDING,THB Only,GS3,TRUE,TRUE,TRUE,TRUE,TRUE,FALSE,FALSE,FALSE,FALSE,FALSE,FALSE,FALSE,FALSE
KM,60,UFA Only,Live,2023-03-30,2023-03-15,N.A,N.A,2024-11-06,gao-gae-2,UFA Gao Gae,UFA Gao Gae,,UFA เก้าเก,UFA Gao Gae,UFA Gao Gae,,,,,,,,,,97.00%,-,45,45X,LOW,3% Commission will be drawn from the winners of a round.,,CLASSIC,TABLE,CARD,Thailand,,"CARD GAME, SOUTHEAST ASIAN, TRADITIONAL, THAI POKER",South East Asia,,,"UFA Gao Gae, a popular Thai card game, is played at a fast pace and is less complex than Poker. The game is played with a standard 52-card deck and requires comparing hand values among up to five players to determine the winner. If players think their hand is weak, they can exchange one card. The goal is to achieve the highest hand value, which takes into account hand ranks like three 3s, three of a kind, and flushes. Players can check, fold, raise, or go all-in, with the highest hand value and/or ranks ultimately winning the pot.",,16.3,24.1,N.A,,,,,,,,,,,,,,,,,N.A,https://publiccdn.kingdomhall729.com/500x500images/KingMidas/ufa-gao-gae-2_500x500_en.jpg,N.A,N.A,N.A,N.A,https://publiccdn.kingdomhall729.com/website/landing/ufa-gao-gae-2_landing.zip,https://publiccdn.kingdomhall729.com/website/logo/ufa-gao-gae-2_logo.zip,https://publiccdn.kingdomhall729.com/Zip_masterGames/KingMidas/ufa-gao-gae-2_assets.zip,https://publiccdn.kingdomhall729.com/MarketingAssetsPSD/KingMidas/ufa-gao-gae-2_psd.zip,N.A,[UFA] Gao Gae (Sam Bai Thod) - GDD - Turn-Based Game.xlsx,Table Games Translations Masterlist,PENDING,PENDING,PENDING,PENDING,THB Only,GS1,TRUE,TRUE,TRUE,TRUE,TRUE,FALSE,FALSE,FALSE,FALSE,FALSE,FALSE,FALSE,FALSE
KM,59,,Live,2022-12-23,2022-12-28,2025-08-01,,2024-11-06,sugar-blast,Sugar Blast,甜蜜暴击,,ชูการ์แบลสต์,Kẹo Ngọt Bùng Nổ,Sugar Blast,슈거 블래스트,,Sugar Blast,Sugar Blast,Сахарный взрыв,,,,,96.98%,3000X,-,3000X,HIGH,No Commission,31.25%,SLOTS,MATCH-3,CASCADE,Western,Philippines,"BLOCKER, BONUS BUY, CASCADING WIN, FREE SPIN, MEGA WIN, SCATTER, SPECIAL FEATURES, SPECIAL SYMBOL",North America,Latin America,"United States of America
Brazil",Sugar Blast is a slot reel-style game with a delightful twist. Create winning combos by eliminating candy symbols. Fire up to three cannon bombs onto a 3x3 grid. Match 5 or more identical candies to activate special bombs and smash candies into colorful bits. ,"1. Symbol combinations yield varying rewards!
2. Unlock Free Spins via the Bar Meter
3. Launch up to 3 bombs to eliminate candies on the grid.
4. Enjoy a bonus feature with payouts of up to 3000x!",30.1,35.7,6x6,Cluster Pays,✓,✓,,,,,,,,,,,,,Free Plays,https://demo8.kingmidasdev.net/games/sugar-blast?currency=EUR&test=1,https://publiccdn.kingdomhall729.com/500x500images/KingMidas/sugar-blast_500x500_en.jpg,https://demo7.kingmidasdev.net/games/sugar-blast?currency=USD&test=1,https://dev-slot-support.kmgamesdev.net/sugar-blast/settings,https://publiccdn.kingdomhall729.com/Product+Sheet/sugar-blast_product-brochure_en.pdf,https://publiccdn.kingdomhall729.com/Product+Sheet/sugar-blast_product-brochure_cn.pdf,https://publiccdn.kingdomhall729.com/website/landing/sugar-blast_landing.zip,https://publiccdn.kingdomhall729.com/website/logo/sugar-blast_logo.zip,https://publiccdn.kingdomhall729.com/website/banners/sugar-blast_banners.zip,https://publiccdn.kingdomhall729.com/MarketingAssetsPSD/KingMidas/sugar-blast_psd.zip,https://publiccdn.kingdomhall729.com/website/video/sugar-blast_video.zip,Sugar Blast,Table Games Translations Masterlist,PENDING,PENDING,CERTIFIED,PENDING,All,GS3,TRUE,TRUE,TRUE,TRUE,TRUE,TRUE,FALSE,FALSE,FALSE,TRUE,FALSE,FALSE,FALSE
KM,57,,Live,2022-09-13,2022-09-14,2025-03-01,2024-08-29,2024-11-06,bingo,KM Power Ball,KM 超级宾戈,,KM พาวเวอร์ บอล,KM Xổ số Powerball,KM Power Ball,KM 파워볼,ဘင်ဂိုရိုး,KM Power Ball,KM Power Ball,KM Пауэрбол,,,,,97.20%,1500X,10,15000X,HIGH,No Commission,,CLASSIC,TABLE,LOTTERY,Western,Philippines,"5 REELS, BONUS SYMBOLS, LOTTERY, NUMBER BALL, TABLE GAMES, WESTERN",North America,South East Asia,"United States of America
Philippines","KM Power Ball is a game of chance offering 3x5 or 5x5 game modes. Aim to match top patterns or lines on bingo cards to win. Watch as your purchased bingo cards may turn into special gold, diamond, or rainbow bonus cards after the betting round ends.","1. Bet up to 100 bingo cards in a single game!
2. Stand a chance to win maximum payout up to 15,000x!",18.7,24.4,N.A,,,,,,,,,,,,,,,,"Cash Drop, Tournament",https://demo8.kingmidasdev.net/games/bingo?currency=EUR&test=1,https://publiccdn.kingdomhall729.com/500x500images/KingMidas/km-power-ball_500x500_en.jpg,https://demo7.kingmidasdev.net/games/bingo?currency=USD&test=1,https://supports-3-m7.kingdomhall729.com/bingo/settings,https://publiccdn.kingdomhall729.com/Product+Sheet/km-power-ball_product-brochure_en.pdf,https://publiccdn.kingdomhall729.com/Product+Sheet/km-power-ball_product-brochure_cn.pdf,https://publiccdn.kingdomhall729.com/website/landing/km-power-ball_landing.zip,https://publiccdn.kingdomhall729.com/website/logo/km-power-ball_logo.zip,https://publiccdn.kingdomhall729.com/website/banners/km-power-ball_banners.zip,https://publiccdn.kingdomhall729.com/MarketingAssetsPSD/KingMidas/km-power-ball_psd.zip,https://publiccdn.kingdomhall729.com/website/video/km-power-ball_video.zip,Bingo,Table Games Translations Masterlist,PENDING,CERTIFIED,PENDING,IN PROGRESS,All,GS3,TRUE,TRUE,TRUE,TRUE,TRUE,TRUE,FALSE,TRUE,TRUE,TRUE,FALSE,FALSE,FALSE
KM,56,,Live,2023-11-21,2023-11-15,2025-12-23,,2024-11-06,tongits,Tongits,Tongits,,ทองอิตส์,"Phỏm 
Tongits",Tongits,통기트,,,,,,,,,97.00%,28X,-,28X,MEDIUM,3% Commission will be drawn from the winners of a round.,,CLASSIC,TABLE,CARD,Philippines,Philippines,"ASIAN, CARD GAME, CHIPS, ORIENTAL, TABLE GAMES",South East Asia,,Philippines,"Embark into the exhilarating game of Tongits, a high-stakes card game hailing from the Philippines. Players can test their skills, strategize moves, and seize every opportunity to win! With its rapid pace and competitive edge, Tongits is a must-play for card game enthusiasts. Join the Tongits adventure now!","1. Create special hands of cards, challenge players and Tongits to triumph in the game!
2. Win the pot and stand a chance to win up to a maximum of 28X bet amount!",18.1,24.1,N.A,,,,,,,,,,,,,,,,,https://demo8.kingmidasdev.net/games/tongits?currency=EUR&test=1,https://publiccdn.kingdomhall729.com/500x500images/KingMidas/tongits_500x500_en.jpg,https://demo7.kingmidasdev.net/games/tongits?currency=USD&test=1,https://uat.supports.kingmakergames.co/supports/games/tongits/settings,https://publiccdn.kingdomhall729.com/Product+Sheet/tongits_product-brochure_en.pdf,https://publiccdn.kingdomhall729.com/Product+Sheet/tongits_product-brochure_cn.pdf,https://publiccdn.kingdomhall729.com/website/landing/tongits_landing.zip,https://publiccdn.kingdomhall729.com/website/logo/tongits_logo.zip,https://publiccdn.kingdomhall729.com/website/banners/tongits_banners.zip,https://publiccdn.kingdomhall729.com/MarketingAssetsPSD/KingMidas/tongits_psd.zip,,Tongits - GDD - PvBots [Philippines MK].xlsx,Table Games Translations Masterlist,PENDING,PENDING,CERTIFIED,PENDING,All,GS1,TRUE,TRUE,TRUE,TRUE,TRUE,FALSE,FALSE,FALSE,FALSE,FALSE,FALSE,FALSE,FALSE
KM,55,,Live,2022-09-13,2022-09-13,2025-04-04,,2024-11-06,color-game,Colour Game,颜色游戏,,เกมสี,Xí Ngầu Lục Sắc,Permainan Warna,컬러 게임,ကာလာဂိမ်း,Jogo de Cores,Colour Game,,,,,,97.00%,6X,10,10X,MEDIUM,No Commission,,CLASSIC,CASUAL,DICE,Philippines,Philippines,"ASIAN, BONUS SYMBOLS, DICE GAME, ORIENTAL, PHILIPPINES, TABLE GAMES",South East Asia,,Philippines,"Roll the dice in this vibrant game, where colours determine your fortune. Set in a rustic wooden board with various betting options, three colourful dice land to reveal potential winnings. Bet on the hues on the board's base for excitement, plus a 2x bonus to double your delight if luck is on your side. Winnings could even multiply up to 10 times! Embrace the kaleidoscope of fortunes waiting for you in this charming and colourful game.
","1. 2x Bonus feature to win rewards up to 10x!



",17.8,23.8,N.A,,,,,,,,,,,,,,,,,https://demo8.kingmidasdev.net/games/color-game?currency=EUR&test=1,https://publiccdn.kingdomhall729.com/500x500images/KingMidas/colour-game_500x500_en.jpg,https://demo7.kingmidasdev.net/games/color-game?currency=USD&test=1,https://supports2.bo.p7.ns86.kingmakergames.co/supports/games/color-game/settings?lang=en,https://publiccdn.kingdomhall729.com/Product+Sheet/colour-game_product-brochure_en.pdf,https://publiccdn.kingdomhall729.com/Product+Sheet/colour-game_product-brochure_cn.pdf,https://publiccdn.kingdomhall729.com/website/landing/colour-game_landing.zip,https://publiccdn.kingdomhall729.com/website/logo/colour-game_logo.zip,https://publiccdn.kingdomhall729.com/website/banners/colour-game_banners.zip,https://publiccdn.kingdomhall729.com/MarketingAssetsPSD/KingMidas/colour-game_psd.zip,https://publiccdn.kingdomhall729.com/website/video/colour-game_video.zip,Color Game - GDD - Round-Based Game [Philippines MK],Table Games Translations Masterlist,CERTIFIED,CERTIFIED,CERTIFIED,PENDING,All,GS1,TRUE,TRUE,TRUE,TRUE,TRUE,TRUE,FALSE,FALSE,FALSE,FALSE,FALSE,FALSE,FALSE
KM,51,,Live,2022-04-26,2022-06-01,2025-03-01,2024-07-31,2024-11-06,horse-racing,KM Virtual Horse Racing,KM 虚拟赛马,,"
แข่งม้า
จำลอง",KM Đua Ngựa,Pacuan Kuda Virtual KM,KM 버추얼 호스 레이싱,,Virtual Corrida de Cavalos KingMidas,"Virtual Carreras de Caballos
KingMidas",,,,,,96.60%,680X,5,3400X,HIGH,No Commission,,CLASSIC,VIRTUAL,SPORTS,Western,Thailand,"HORSE, MULTIPLIER, RACES, SPORTS, VIRTUAL SPORTS",Europe,Oceania,"United Kingdom
Australia","Forget the grandstands! KM Virtual Horse Racing puts you in the saddle of a virtual spectacle. Immerse yourself in the thunderous hoofbeats as 8 majestic steeds and their fearless jockeys vie for glory on the track. Choose your champion, place your bets, and let the race begin! Will your pick blaze past the competition? Or will Lady Luck smile upon you with the coveted Lucky Horse Bonus? Saddle up and join the race!","1. Bet on up to 8 horses and 28 Quinella bet options!
2. Exciting Lucky Horse Bonus feature to win up to 5x payout!",30.9,35.3,N.A,,,,,,,,,,,,,,,,,https://demo8.kingmidasdev.net/games/horse-racing?currency=EUR&test=1,https://publiccdn.kingdomhall729.com/500x500images/KingMidas/km-virtual-horse-racing_500x500_en.jpg,https://demo7.kingmidasdev.net/games/horse-racing?currency=USD&test=1,https://supports-3-m7.kingdomhall729.com/horse-racing/settings,https://publiccdn.kingdomhall729.com/Product+Sheet/km-virtual-horse-racing_product-brochure_en.pdf,https://publiccdn.kingdomhall729.com/Product+Sheet/km-virtual-horse-racing_product-brochure_cn.pdf,https://publiccdn.kingdomhall729.com/website/landing/km-virtual-horse-racing_landing.zip,https://publiccdn.kingdomhall729.com/website/logo/km-virtual-horse-racing_logo.zip,https://publiccdn.kingdomhall729.com/website/banners/km-virtual-horse-racing_banners.zip,https://publiccdn.kingdomhall729.com/MarketingAssetsPSD/KingMidas/km-virtual-horse-racing_psd.zip,https://publiccdn.kingdomhall729.com/website/video/km-virtual-horse-racing_video.zip,Horse Racing,Table Games Translations Masterlist,CERTIFIED,CERTIFIED,CERTIFIED,IN PROGRESS,All,GS3,TRUE,TRUE,TRUE,TRUE,TRUE,TRUE,FALSE,TRUE,TRUE,TRUE,FALSE,FALSE,FALSE
KM,49,,Live,2022-02-22,2022-03-09,2025-03-01,2024-07-31,2024-11-06,heist,Heist,劫掠,劫掠,ปล้นสะดม,Kẻ Trộm,Heist, 헤이스트,,Furto,Heist,Ограбление,,,,,97.00%,62.31X,+16%,62.31X,MEDIUM,No Commission,,NEXT-GEN,INSTANT,MINES,Western,Thailand,"ARCADE, BONUS, COP VS THIEF, MINES, MINES GRID",North America,,United States of America,"Enter Heist, where every move is a game of chance. Advance to the highest floor by guessing the correct windows without triggering the dreaded police window. The choice is yours - continue playing to increase your winnings, or cash out and collect your current rewards after each successful guess, all the way to the top floor. Each opened window also unlocks the chance to earn a treasure boost! Watch your winnings multiply as these boosts stack up (up to 5 stacks).","1. Earn 1% stackable bonus payout for every treasure window opened!
2. A single-player feature that allows player to bet at their own pace!  

",11.5,16.8,N.A,,,,,,,,,,,,,,,,,https://demo8.kingmidasdev.net/games/heist?currency=EUR&test=1,https://publiccdn.kingdomhall729.com/500x500images/KingMidas/heist_500x500_en.jpg,https://demo7.kingmidasdev.net/games/heist?currency=USD&test=1,https://supports2.bo.p7.ns86.kingmakergames.co/supports/games/heist/settings?lang=en,https://publiccdn.kingdomhall729.com/Product+Sheet/heist_product-brochure_en.pdf,https://publiccdn.kingdomhall729.com/Product+Sheet/heist_product-brochure_cn.pdf,https://publiccdn.kingdomhall729.com/website/landing/heist_landing.zip,https://publiccdn.kingdomhall729.com/website/logo/heist_logo.zip,https://publiccdn.kingdomhall729.com/website/banners/heist_banners.zip,https://publiccdn.kingdomhall729.com/MarketingAssetsPSD/KingMidas/heist_psd.zip,https://publiccdn.kingdomhall729.com/website/video/heist_video.zip,Heist,Table Games Translations Masterlist,CERTIFIED,CERTIFIED,CERTIFIED,IN PROGRESS,All,GS1,TRUE,TRUE,TRUE,TRUE,TRUE,TRUE,FALSE,TRUE,TRUE,TRUE,FALSE,FALSE,FALSE
KM,47,,Live,2022-01-18,2021-11-24,2025-03-01,2024-08-29,2024-11-06,mine-sweeper,Minesweeper,扫雷,掃雷,"ไมน์
สวีปเปอร์",Dò Mìn,Minesweeper,지뢰찾기,,Minesweeper,Minesweeper,Сапер,,,,,96.00%,2330X,1.5,2330X,HIGH,No Commission,,NEXT-GEN,INSTANT,MINES,Western,Philippines,"ARCADE, BONUS, BOMBS, MINES, MINES GRID, TREASURE CHEST",North America,Europe,"United States of America
United Kingdom","In Minesweeper, navigate a 5x5 field filled with treasure chests and bombs. Uncover treasure tiles while avoiding explosives. Choose to continue for bigger winnings or cash out after successful guesses. Earn treasure boosts with each opened tile, up to 5 stacks. Increase your winnings with more tiles uncovered!","1. Stand a chance to earn up to 5 treasure boosts in each round!
2. Win up to 2330x payout with stackable treasure boosts opened! 
3. A single-player feature that allows player to bet at their own pace!  ",9.2,12.5,N.A,,,,,,,,,,,,,,,,,https://demo8.kingmidasdev.net/games/mine-sweeper?currency=EUR&test=1,https://publiccdn.kingdomhall729.com/500x500images/KingMidas/mine-sweeper_500x500_en.jpg,https://demo7.kingmidasdev.net/games/mine-sweeper?currency=USD&test=1,https://supports2.bo.p7.ns86.kingmakergames.co/supports/games/mine-sweeper/settings?lang=en,https://publiccdn.kingdomhall729.com/Product+Sheet/mine-sweeper_product-brochure_en.pdf,https://publiccdn.kingdomhall729.com/Product+Sheet/mine-sweeper_product-brochure_cn.pdf,https://publiccdn.kingdomhall729.com/website/landing/minesweeper_landing.zip,https://publiccdn.kingdomhall729.com/website/logo/minesweeper_logo.zip,https://publiccdn.kingdomhall729.com/website/banners/minesweeper_banners.zip,https://publiccdn.kingdomhall729.com/MarketingAssetsPSD/KingMidas/mine-sweeper_psd.zip,https://publiccdn.kingdomhall729.com/website/video/minesweeper_video.zip,Minesweeper GDD Document.xlsx,Table Games Translations Masterlist,CERTIFIED,CERTIFIED,CERTIFIED,IN PROGRESS,All,GS1,TRUE,TRUE,TRUE,TRUE,TRUE,TRUE,FALSE,TRUE,TRUE,TRUE,FALSE,FALSE,FALSE
KM,46,,Live,2021-07-13,2021-01-01,2025-04-04,,2024-11-06,thirty-two-cards,32 Cards,32牌,,ไพ่ 32 ใบ,Bài 32 Lá,32 Kartu,32 카드,,32 Cartas,,32 карты,,,,,97.00%,11X,14,14X,MEDIUM,No Commission,,CLASSIC,TABLE,CARD,Western,India," CARD GAME, GREEN, LIGHTNING, TABLE GAMES",South Asia,South East Asia,"Bangladesh
Philippines","Get in on the action with 32 Cards, an Andar Bahar-inspired game of chance. Bet on 4 options with cards from 6 to 13, strive for the highest total and win big. Keep an eye for lightning bonuses on the table to boost your payout.   ","1. Lightning Bonus feature to win rewards up to 14x!



",12.6,18.9,N.A,,,,,,,,,,,,,,,,,https://demo8.kingmidasdev.net/games/thirty-two-cards?currency=EUR&test=1,https://publiccdn.kingdomhall729.com/500x500images/KingMidas/32-cards_500x500_en.jpg,https://demo7.kingmidasdev.net/games/thirty-two-cards?currency=USD&test=1,https://supports2.bo.p7.ns86.kingmakergames.co/supports/games/thirty-two-cards/settings?lang=en,https://publiccdn.kingdomhall729.com/Product+Sheet/32-cards_product-brochure_en.pdf,https://publiccdn.kingdomhall729.com/Product+Sheet/32-cards_product-brochure_cn.pdf,https://publiccdn.kingdomhall729.com/website/landing/32-cards_landing.zip,https://publiccdn.kingdomhall729.com/website/logo/32-cards_logo.zip,https://publiccdn.kingdomhall729.com/website/banners/32-cards_banners.zip,https://publiccdn.kingdomhall729.com/MarketingAssetsPSD/KingMidas/32-cards_psd.zip,,GDD - 32 Cards_.xlsx,Table Games Translations Masterlist,CERTIFIED,PENDING,CERTIFIED,PENDING,All,GS1,TRUE,TRUE,TRUE,TRUE,TRUE,TRUE,FALSE,FALSE,FALSE,FALSE,FALSE,FALSE,FALSE
KM,44,,Live,2021-07-13,2021-11-10,2025-03-01,2024-08-29,2024-11-06,plinko,Plinko,幸运跳跳球,,พลิงโกะ,Zíc Zắc,Plinko,플링코,,Plinko,Plinko,Плинко,,,,,97.00%,555X,-,555X,HIGH,No Commission,,CLASSIC,INSTANT,PLINKO,Western,Philippines," CARNIVAL, MULTIPLIER, PLINKO GAMES",North America,South East Asia,"United States of America
Philippines","Welcome to Plinko, the game of chance where players can bet on three vibrant colours - green, blue, or yellow - or take a chance with the random option. Watch as the coloured ball is released from the top of the triangular board, bouncing and ricocheting off the pegs. Will it hit the jackpot and deliver a massive payout? It's all up to chance!","1. Autoplay function that allows for seamless switch between modes!
2. Offers 3 different pin levels of difficulty and payouts!
3. A single-player feature that allows player to bet at their own pace!  ",11.0,20.4,N.A,,,,,,,,,,,,,,,,,https://demo8.kingmidasdev.net/games/plinko?currency=EUR&test=1,https://publiccdn.kingdomhall729.com/500x500images/KingMidas/plinko_500x500_en.jpg,https://demo7.kingmidasdev.net/games/plinko?currency=USD&test=1,https://supports2.bo.p7.ns86.kingmakergames.co/supports/games/plinko/settings?lang=en,https://publiccdn.kingdomhall729.com/Product+Sheet/plinko_product-brochure_en.pdf,https://publiccdn.kingdomhall729.com/Product+Sheet/plinko_product-brochure_cn.pdf,https://publiccdn.kingdomhall729.com/website/landing/plinko_landing.zip,https://publiccdn.kingdomhall729.com/website/logo/plinko_logo.zip,https://publiccdn.kingdomhall729.com/website/banners/plinko_banners.zip,https://publiccdn.kingdomhall729.com/MarketingAssetsPSD/KingMidas/plinko_psd.zip,https://publiccdn.kingdomhall729.com/website/video/plinko_video.zip,Plinko,Table Games Translations Masterlist,CERTIFIED,CERTIFIED,CERTIFIED,IN PROGRESS,All,GS1,TRUE,TRUE,TRUE,TRUE,TRUE,TRUE,FALSE,TRUE,TRUE,TRUE,FALSE,FALSE,FALSE
KM,42,,Live,2021-07-13,2021-01-01,2025-03-01,,2024-11-06,coin-toss,Coin Toss,硬币翻转,,โยนเหรียญ,Tung Đồng Xu,Lempar Koin,코인 토스,ခေါင်းပန်းလှန်,Moeda ao Ar,"Cara o Cruz
",Орлянка,,,,,97.00%,"0.7X (1 Coin)
13.5X (4 Coins)","1.2 ( (1 Coin)
20 (4 Coins)",20X,LOW,No Commission,,CLASSIC,INSTANT,CASUAL,Western,India,"BONUS SYMBOLS, DICE, DICE DROP, LIGHTNING, TABLE GAMES",North America,,United States of America,"Get ready for the thrill of Coin Toss where players make guesses and bet on Head or Tail, vying for their shot at Victory. Experience an electrifying lightning bonus, supercharge your winnings and explore the 4-coin version with a higher payout!  ","1. Offers unique 1 Coin and 4 Coins game modes!
2. 1 Coin comes with lightning bonus feature to win 1.2x rewards!
3. 4 Coins comes with lightning bonus feature to win rewards up to 20x!",12.2,17.5,N.A,,,,,,,,,,,,,,,,,https://demo8.kingmidasdev.net/games/coin-toss?currency=EUR&test=1,https://publiccdn.kingdomhall729.com/500x500images/KingMidas/coin-toss_500x500_en.jpg,https://demo7.kingmidasdev.net/games/coin-toss?currency=USD&test=1,https://supports2.bo.p7.ns86.kingmakergames.co/supports/games/coin-toss/settings?lang=en,https://publiccdn.kingdomhall729.com/Product+Sheet/coin-toss_product-brochure_en.pdf,https://publiccdn.kingdomhall729.com/Product+Sheet/coin-toss_product-brochure_cn.pdf,https://publiccdn.kingdomhall729.com/website/landing/coin-toss_landing.zip,https://publiccdn.kingdomhall729.com/website/logo/coin-toss_logo.zip,https://publiccdn.kingdomhall729.com/website/banners/coin-toss_banners.zip,https://publiccdn.kingdomhall729.com/MarketingAssetsPSD/KingMidas/coin-toss_psd.zip,https://publiccdn.kingdomhall729.com/website/video/coin-toss_video.zip,Coin Toss,Table Games Translations Masterlist,CERTIFIED,CERTIFIED,CERTIFIED,PENDING,All,GS1,TRUE,TRUE,TRUE,TRUE,TRUE,TRUE,FALSE,FALSE,FALSE,FALSE,FALSE,FALSE,FALSE
KM,41,,Live,2021-07-13,2021-11-24,2025-11-28,,2024-11-06,bonus-dice,Bonus Dice,奖金骰子,,ลูกเต๋าโบนัส,Xí Ngầu May Mắn,Dadu Bonus,보너스 다이스,ဆုငွေအန်စာတုံ,Bonus Dice,Bonus Dice,,,,,,97.00%,150X,2,300X,HIGH,No Commission,,CLASSIC,CASUAL,DICE,Western,Thailand,"BONUS SYMBOLS, DICE, DICE DROP, LIGHTNING, TABLE GAMES",North America,South East Asia,"Thailand
United States of America",Prepare for a dice adventure like never before with Bonus Dice! Watch as 3 standard dice cascade through the Lightning Tower’s twisting maze. Choose from 16 options between 3 and 18. Keep the excitement electrified with bonus symbols that might randomly double winnings when they hit on the players winning bets! ,"1. 2x bonus feature to win rewards up to 300x!



",12.2,16.8,N.A,,,,,,,,,,,,,,,,,https://demo8.kingmidasdev.net/games/bonus-dice?currency=EUR&test=1,https://publiccdn.kingdomhall729.com/500x500images/KingMidas/bonus-dice_500x500_en.jpg,https://demo7.kingmidasdev.net/games/bonus-dice?currency=USD&test=1,https://supports2.bo.p7.ns86.kingmakergames.co/supports/games/bonus-dice/settings?lang=en,https://publiccdn.kingdomhall729.com/Product+Sheet/bonus-dice_product-brochure_en.pdf,https://publiccdn.kingdomhall729.com/Product+Sheet/bonus-dice_product-brochure_cn.pdf,https://publiccdn.kingdomhall729.com/website/landing/bonus-dice_landing.zip,https://publiccdn.kingdomhall729.com/website/logo/bonus-dice_logo.zip,https://publiccdn.kingdomhall729.com/website/banners/bonus-dice_banners.zip,https://publiccdn.kingdomhall729.com/MarketingAssetsPSD/KingMidas/bonus-dice_psd.zip,https://publiccdn.kingdomhall729.com/website/video/bonus-dice_video.zip,Bonus Dice Document.docx,Table Games Translations Masterlist,CERTIFIED,CERTIFIED,CERTIFIED,PENDING,All,GS1,TRUE,TRUE,TRUE,TRUE,TRUE,TRUE,TRUE,FALSE,FALSE,FALSE,FALSE,FALSE,FALSE
KM,39,,Live,2021-07-13,2021-12-08,2025-04-04,,2024-11-06,dota-hi-lo,Dota Hi Lo,刀塔比高低,刀塔比高低,โดต้าไฮโล,Tài Xỉu Dota,Dota Hi Lo,고대 다이스 하이로,,Dota Fantasy Thai Hi Lo,Dota Thai Hi Lo de Fantasia,,,,,,96.00%,100X,2,100X,HIGH,No Commission,,NEXT-GEN,TABLE,DICE,Western,Thailand,"2X MULTIPLIER BONUS, 3 DICE ROLL, ARCADE, CASUAL, DICE, DOTA, TABLE",South East Asia,East Asia,"Thailand
South Korea","Dota Hi-Lo is a unique high or low (hi-lo) dice game derived from our popular Thai Hi-Lo game. Defeated enemies turn into dice rolls, and players win if they bet on the predicted results correctly.","1. 2x Bonus feature to win rewards up to 2x!

2. Exciting Special Dungeon Bonus feature to win up to 100x payout! ",28.6,34.6,N.A,,,,,,,,,,,,,,,,,https://demo8.kingmidasdev.net/games/dota-hi-lo?currency=EUR&test=1,https://publiccdn.kingdomhall729.com/500x500images/KingMidas/dota-hi-lo_500x500_en.jpg,https://demo7.kingmidasdev.net/games/dota-hi-lo?currency=USD&test=1,https://supports2.bo.p7.ns86.kingmakergames.co/supports/games/dota-hi-lo/settings?lang=en,https://publiccdn.kingdomhall729.com/Product+Sheet/dota-hi-lo_product-brochure_en.pdf,https://publiccdn.kingdomhall729.com/Product+Sheet/dota-hi-lo_product-brochure_cn.pdf,https://publiccdn.kingdomhall729.com/website/landing/dota-hi-lo_landing.zip,https://publiccdn.kingdomhall729.com/website/logo/dota-hi-lo_logo.zip,https://publiccdn.kingdomhall729.com/website/banners/dota-hi-lo_banners.zip,https://publiccdn.kingdomhall729.com/MarketingAssetsPSD/KingMidas/dota-hi-lo_psd.zip,,Dota Hilo,Table Games Translations Masterlist,PENDING,PENDING,CERTIFIED,PENDING,All,GS1,TRUE,TRUE,TRUE,TRUE,TRUE,TRUE,FALSE,TRUE,TRUE,FALSE,FALSE,FALSE,FALSE
KM,37,,Live,2021-03-17,2021-03-17,2025-03-01,,2024-11-06,andar-bahar,Andar Bahar,安达巴哈,,ไพ่อินเดีย แอนดาร์ บาฮาร์ ,Andar Bahar,Andar Bahar,안다르 바하르,,"Andar Bahar
",Andar Bahar,,,,,,97.00%,120X,2,240X,HIGH,No Commission,,CLASSIC,TABLE,CARD,India,India," ANDAR, BAHAR, BONUS SYMBOLS, CARD GAME, INDIA, TABLE GAMES",South Asia,,India,"Dive into Andar Bahar, a captivating card game hailing from Southern India. The dealer unveils the middle card, igniting the players’ choice between Andar or Bahar. Elevate the excitement further with 9 side wagers, predicting card counts and aim for extraordinary wins! ","1. 2x Bonus feature to win rewards up to 240x!

",11.1,15.8,N.A,,,,,,,,,,,,,,,,,https://demo8.kingmidasdev.net/games/andar-bahar?currency=EUR&test=1,https://publiccdn.kingdomhall729.com/500x500images/KingMidas/andar-bahar_500x500_en.jpg,https://demo7.kingmidasdev.net/games/andar-bahar?currency=USD&test=1,https://supports2.bo.p7.ns86.kingmakergames.co/supports/games/andar-bahar/settings?lang=en,https://publiccdn.kingdomhall729.com/Product+Sheet/andar-bahar_product-brochure_en.pdf,https://publiccdn.kingdomhall729.com/Product+Sheet/andar-bahar_product-brochure_cn.pdf,https://publiccdn.kingdomhall729.com/website/landing/andar-bahar_landing.zip,https://publiccdn.kingdomhall729.com/website/logo/andar-bahar_logo.zip,https://publiccdn.kingdomhall729.com/website/banners/andar-bahar_banners.zip,https://publiccdn.kingdomhall729.com/MarketingAssetsPSD/KingMidas/andar-bahar_psd.zip,https://publiccdn.kingdomhall729.com/website/video/andar-bahar_video.zip,Andar Bahar Document,Table Games Translations Masterlist,CERTIFIED,PENDING,CERTIFIED,PENDING,All,GS1,TRUE,TRUE,TRUE,TRUE,TRUE,TRUE,FALSE,FALSE,FALSE,FALSE,FALSE,FALSE,FALSE
KM,36,,Live,2021-01-05,2021-01-05,2025-11-28,,2024-11-06,jhandi-munda,Jhandi Munda,冠与锚,,"ไพ่มงกุฏ
และสมอ",Vương Miện và Mỏ Neo,Mahkota dan Jangkar,잔디 문다,,,,,,,,,97.00%,6X,2,12X,MEDIUM,No Commission,,CLASSIC,TABLE,DICE,India,India,"BONUS SYMBOLS, CROWN, FLAG, INDIA, MULTIPLIER, TABLE GAMES",South Asia,,India,"Experience the thrill of Jhandi Munda, a classic Indian dice game (known as Langur Burja in Nepal) with six-sided dice bearing unique symbols. Bet on your chosen symbol, and if it reigns supreme in rolls, you could win big with the 2x bonus, multiplying your rewards up to 12x!","1. 2x Bonus feature to win rewards up to 12x!

",11.0,15.4,N.A,,,,,,,,,,,,,,,,,https://demo8.kingmidasdev.net/games/jhandi-munda?currency=EUR&test=1,https://publiccdn.kingdomhall729.com/500x500images/KingMidas/jhandi-munda_500x500_en.jpg,https://demo7.kingmidasdev.net/games/jhandi-munda?currency=USD&test=1,https://supports2.bo.p7.ns86.kingmakergames.co/supports/games/jhandi-munda/settings?lang=en,https://publiccdn.kingdomhall729.com/Product+Sheet/jhandi-munda_product-brochure_en.pdf,https://publiccdn.kingdomhall729.com/Product+Sheet/jhandi-munda_product-brochure_cn.pdf,https://publiccdn.kingdomhall729.com/website/landing/jhandi-munda_landing.zip,https://publiccdn.kingdomhall729.com/website/logo/jhandi-munda_logo.zip,https://publiccdn.kingdomhall729.com/website/banners/jhandi-munda_banners.zip,https://publiccdn.kingdomhall729.com/MarketingAssetsPSD/KingMidas/jhandi-munda_psd.zip,,Jhandi Munda,Table Games Translations Masterlist,PENDING,PENDING,CERTIFIED,PENDING,All,GS1,TRUE,TRUE,TRUE,TRUE,TRUE,FALSE,FALSE,FALSE,FALSE,FALSE,FALSE,FALSE,FALSE
KM,35,,Live,2021-05-01,2021-05-01,2025-03-01,,2024-11-06,seven-up-down,7 Up 7 Down,大小七,,7 สูง 7 ต่ำ ,Tài Xỉu 7,7 Naik 7 Turun,7 위 7 아래,"
၇ ကြီး ၇ ငယ်",7 Up 7 Down,7 Up 7 Down,7 вверх 7 вниз,,,,,97.00%,4X,6,6X,MEDIUM,No Commission,,CLASSIC,TABLE,DICE,India,India,"ASIAN, BONUS SYMBOLS, DICE GAME, HI LO, INDIA, LIGHTNING, ORIENTAL, RANDOM MULTIPLIER, TABLE GAMES",South Asia,,India,"Feel the excitement with 7 Up 7 Down, a thrilling dice game! Bet on over 7, under 7 or exact 7 with two dice. Win 1x for nailing over or under 7 and a heart-pounding 4x for hitting exact 7. Watch out for lightning bonuses to amplify your wins up to 6x. ","1. Lightning bonus feature to win rewards up to 6x!



",10.9,15.7,N.A,,,,,,,,,,,,,,,,"Cash Drop, Tournament",https://demo8.kingmidasdev.net/games/seven-up-down?currency=EUR&test=1,https://publiccdn.kingdomhall729.com/500x500images/KingMidas/7-up-7-down_500x500_en.jpg,https://demo7.kingmidasdev.net/games/seven-up-down?currency=USD&test=1,https://supports2.bo.p7.ns86.kingmakergames.co/supports/games/seven-up-down/settings?lang=en,https://publiccdn.kingdomhall729.com/Product+Sheet/7-up-7-down_product-brochure_en.pdf,https://publiccdn.kingdomhall729.com/Product+Sheet/7-up-7-down_product-brochure_cn.pdf,https://publiccdn.kingdomhall729.com/website/landing/7-up-7-down_landing.zip,https://publiccdn.kingdomhall729.com/website/logo/7-up-7-down_logo.zip,https://publiccdn.kingdomhall729.com/website/banners/7-up-7-down_banners.zip,https://publiccdn.kingdomhall729.com/MarketingAssetsPSD/KingMidas/7-up-7-down_psd.zip,https://publiccdn.kingdomhall729.com/website/video/7-up-7-down_video.zip,7 Up 7 Down,Table Games Translations Masterlist,CERTIFIED,CERTIFIED,CERTIFIED,PENDING,All,GS1,TRUE,TRUE,TRUE,TRUE,TRUE,TRUE,TRUE,TRUE,TRUE,TRUE,FALSE,FALSE,FALSE
KM,34,,Live,2021-03-21,2021-03-17,2025-04-04,,2024-11-06,king-pok-deng,KM Pok Deng,KM八九点,,ป๊อกเด้ง,KM Pok Deng,KM Pok Deng,KM포크뎅,နန်းတင်ပေးသူ ပေါ့ဒန်,,,,,,,,98.90%,5X,-,5X,LOW,No Commission,,CLASSIC,TABLE,CARD,Thailand,Thailand,"CARD GAME, CHIP, TABLE GAMES, THAILAND",South East Asia,,Thailand,"Discover the fun of KingMidas Pok Deng, the renowned Thai card game brought to life by a deck of 52 cards. Challenge the banker, achieve the best hand ranks and aim for a remarkable 5x payout. Enhance the excitement with a unique side bet against the banker's Pok 8/9 pursuit, potentially boosting your winnings by 1.2x!","1. Play against the banker and win up to 5x of bet amount!
2. Offers a unique side bet that allows players a chance to win against the banker!",16.7,21.5,N.A,,,,,,,,,,,,,,,,,https://demo8.kingmidasdev.net/games/king-pok-deng?currency=EUR&test=1,https://publiccdn.kingdomhall729.com/500x500images/KingMidas/km-pok-deng_500x500_en.jpg,https://demo7.kingmidasdev.net/games/king-pok-deng?currency=USD&test=1,https://supports2.bo.p7.ns86.kingmakergames.co/supports/games/king-pok-deng/settings?lang=en,https://publiccdn.kingdomhall729.com/Product+Sheet/km-pok-deng_product-brochure_en.pdf,https://publiccdn.kingdomhall729.com/Product+Sheet/km-pok-deng_product-brochure_cn.pdf,https://publiccdn.kingdomhall729.com/website/landing/km-pok-deng_landing.zip,https://publiccdn.kingdomhall729.com/website/logo/km-pok-deng_logo.zip,https://publiccdn.kingdomhall729.com/website/banners/km-pok-deng_banners.zip,https://publiccdn.kingdomhall729.com/MarketingAssetsPSD/KingMidas/km-pok-deng_psd.zip,,Pokdeng,Table Games Translations Masterlist,PENDING,PENDING,CERTIFIED,PENDING,All,GS1,TRUE,TRUE,TRUE,TRUE,TRUE,TRUE,FALSE,FALSE,FALSE,FALSE,FALSE,FALSE,FALSE
KM,33,,Live,2021-04-01,2021-04-21,2025-11-28,,2024-11-06,pai-kang,Pai Kang,Pai Kang,,ไพ่แคง,Bài Pai Kang,Pai Kang,파이 캉,,,,,,,,,97.00%,8X,-,32X,LOW,3% Commission will be drawn from the winners of a round.,,CLASSIC,TABLE,CARD,Thailand,Thailand,"CARD GAME, TABLE GAMES, THAILAND",South East Asia,,Thailand,"A thrilling Thai card game with a 52-card deck. 5 players, 5 cards each. Draw, discard, and unleash the strategic Lai move when ranks align. Ready for action? Use Kang to conclude the round! It’s all about strategy and in quest for the lowest hand. ","1. Player vs Player

",11.1,16.1,N.A,,,,,,,,,,,,,,,,,https://demo8.kingmidasdev.net/games/pai-kang?currency=EUR&test=1,https://publiccdn.kingdomhall729.com/500x500images/KingMidas/pai-kang_500x500_en.jpg,https://demo7.kingmidasdev.net/games/pai-kang?currency=USD&test=1,https://supports2.bo.p7.ns86.kingmakergames.co/supports/games/pai-kang/settings?lang=en,https://publiccdn.kingdomhall729.com/Product+Sheet/pai-kang_product-brochure_en.pdf,https://publiccdn.kingdomhall729.com/Product+Sheet/pai-kang_product-brochure_cn.pdf,https://publiccdn.kingdomhall729.com/website/landing/pai-kang_landing.zip,https://publiccdn.kingdomhall729.com/website/logo/pai-kang_logo.zip,https://publiccdn.kingdomhall729.com/website/banners/pai-kang_banners.zip,https://publiccdn.kingdomhall729.com/MarketingAssetsPSD/KingMidas/pai-kang_psd.zip,,Pai Kang,Table Games Translations Masterlist,PENDING,PENDING,CERTIFIED,PENDING,All,GS1,TRUE,TRUE,TRUE,TRUE,TRUE,FALSE,FALSE,FALSE,FALSE,FALSE,FALSE,FALSE,FALSE
KM,32,,Live,2021-08-30,2021-01-01,2025-08-01,,2024-11-06,triple-chance,Triple Chance,三重轮盘,,รูเล็ตต์ 3 วงล้อ," 
 	
Ru-lét 3 Bánh Xe",3 Chance Wheel,트리플 챈스,"သုံးထပ်ကွမ်း 
အခွင့်အရေး",Triple Chance,Triple Chance,Тройной шанс,,,,,97.30%,950X,2,1900X,HIGH,No Commission,,CLASSIC,TABLE,ROULETTE,United Kingdom,India," 3-WHEELS, BONUS SYMBOLS, CHIP, ROULETTE, TABLE GAMES",South Asia,Europe,"India
United Kingdom",Experience the excitement of Triple Chance Roulette as players pick numbers from 0 to 999 across 3 spinning wheels. Bet on single or 3-digit numbers for epic payouts and watch your winnings soar as you play the numbers game! ,"1. 2x Bonus feature to win rewards up to 1900x!

",11.4,15.7,N.A,,,,,,,,,,,,,,,,,https://demo8.kingmidasdev.net/games/triple-chance?currency=EUR&test=1,https://publiccdn.kingdomhall729.com/500x500images/KingMidas/triple-chance_500x500_en.jpg,https://demo7.kingmidasdev.net/games/triple-chance?currency=USD&test=1,https://uat.supports.kingmakergames.co/supports/games/triple-chance/settings,https://publiccdn.kingdomhall729.com/Product+Sheet/triple-chance_product-brochure_en.pdf,https://publiccdn.kingdomhall729.com/Product+Sheet/triple-chance_product-brochure_cn.pdf,https://publiccdn.kingdomhall729.com/website/landing/triple-chance_landing.zip,https://publiccdn.kingdomhall729.com/website/logo/triple-chance_logo.zip,https://publiccdn.kingdomhall729.com/website/banners/triple-chance_banners.zip,https://publiccdn.kingdomhall729.com/MarketingAssetsPSD/KingMidas/triple-chance_psd.zip,https://publiccdn.kingdomhall729.com/website/video/triple-chance_video.zip,Triple Chance,Table Games Translations Masterlist,CERTIFIED,PENDING,CERTIFIED,PENDING,All,GS1,TRUE,TRUE,TRUE,TRUE,TRUE,TRUE,TRUE,FALSE,FALSE,TRUE,FALSE,FALSE,FALSE
KM,29,,Live,2021-02-01,2021-01-01,2025-04-04,,2024-11-06,fan-tan-3,Fan Tan Classic,番摊经典,,กำถั่ว,Fan Tan Cổ Điển,Klasik Fan Tan,판탄 클래식,ဖန်တန်ဂန္တဝင်,Fan Tan Clássico,Fan Tan Clásico,,,,,,97.00%,2.85X,2,5.7X,MEDIUM,No Commission,,CLASSIC,TABLE,OTHERS,China,Thailand,"BONUS SYMBOLS, CHINA, GREEN, TABLE GAMES, TRADITIONAL",East Asia,,China,"Fan Tan Classic invites players to a game of white buttons, a cup, and a small stick. Watch the buttons dance under the dome, wager stakes, from one to four, and unveil the cup to reveal the final set of buttons remained!","1. 2x Bonus feature to win rewards up to 5.7x!

",10.7,14.8,N.A,,,,,,,,,,,,,,,,,https://demo8.kingmidasdev.net/games/fan-tan-3?currency=EUR&test=1,https://publiccdn.kingdomhall729.com/500x500images/KingMidas/fan-tan-3_500x500_en.jpg,https://demo7.kingmidasdev.net/games/fan-tan-3?currency=USD&test=1,https://supports2.bo.p7.ns86.kingmakergames.co/supports/games/fan-tan-3/settings?lang=en,https://publiccdn.kingdomhall729.com/Product+Sheet/fan-tan-classic_product-brochure_en.pdf,https://publiccdn.kingdomhall729.com/Product+Sheet/fan-tan-classic_product-brochure_cn.pdf,https://publiccdn.kingdomhall729.com/website/landing/fan-tan-classic_landing.zip,https://publiccdn.kingdomhall729.com/website/logo/fan-tan-classic_logo.zip,https://publiccdn.kingdomhall729.com/website/banners/fan-tan-classic_banners.zip,https://publiccdn.kingdomhall729.com/MarketingAssetsPSD/KingMidas/fan-tan-3_psd.zip,,Fan Tan,Table Games Translations Masterlist,PENDING,PENDING,CERTIFIED,PENDING,All,GS1,TRUE,TRUE,TRUE,TRUE,TRUE,TRUE,TRUE,TRUE,TRUE,FALSE,FALSE,FALSE,FALSE
KM,28,AWC,Live,2021-07-01,2021-01-01,N.A,,2024-11-06,card-matka,Card Matka,扑克轮盘,,"
โป๊กเกอร์ รูเล็ตต์",Card Matka,Rolet Poker,카드 마트카 ,,,,,,,,,97.00%,10X,2,20X,MEDIUM,No Commission,,CLASSIC,TABLE,CARD,India,,"CARD, INDIAN, LUXURY, POKER, ROULETTE GAME, TABLE GAMES",South Asia,,,"Experience Card Matka, where roulette meets poker in a thrilling twist. Outer and inner wheels decked with picture cards and suits spin independently, revealing winning combinations. Bet wisely and unlock 2x bonus rewards, opening the door to big wins.",,9.2,13.7,N.A,,,,,,,,,,,,,,,,,https://demo8.kingmidasdev.net/games/card-matka?currency=EUR&test=1,https://publiccdn.kingdomhall729.com/500x500images/KingMidas/card-matka_500x500_in.jpg,https://demo7.kingmidasdev.net/games/card-matka?currency=USD&test=1,https://supports2.bo.p7.ns86.kingmakergames.co/supports/games/card-matka/settings,https://publiccdn.kingdomhall729.com/Product+Sheet/card-matka_product-brochure_en_asiademo.pdf,https://publiccdn.kingdomhall729.com/Product+Sheet/card-matka_product-brochure_cn_asiademo.pdf,https://publiccdn.kingdomhall729.com/website/landing/card-matka_landing.zip,https://publiccdn.kingdomhall729.com/website/logo/card-matka_logo.zip,https://publiccdn.kingdomhall729.com/Zip_masterGames/KingMidas/card-matka_assets.zip,https://publiccdn.kingdomhall729.com/MarketingAssetsPSD/KingMidas/card-matka_psd.zip,https://publiccdn.kingdomhall729.com/website/video/card-matka_video.zip,Poker Roulette,Table Games Translations Masterlist,PENDING,PENDING,PENDING,PENDING,All,GS1,TRUE,TRUE,TRUE,TRUE,TRUE,TRUE,FALSE,FALSE,FALSE,FALSE,FALSE,FALSE,FALSE
KM,26,,Live,2021-02-01,2021-03-11,2025-11-28,,2024-11-06,fruit-roulette,Fruit Roulette,水果轮盘,,รูเล็ตผลไม้,Ru-lét Trái Cây,Fruit Roulette,가오 게이,,Roleta das Frutas,"Ruleta de Frutas
",,,,,,97.00%,11X,25,180X,HIGH,No Commission,,CLASSIC,CASUAL,ROULETTE,Western,Myanmar,"BELL, BONUS SYMBOLS, CHERRY, FRUITS, LEMON, MULTIPLIER, PLUM, ROULETTE GAME, WATERMELON",North America,Latin America,"United States of Amercia
United Kingdom
Brazil","Fruit Roulette bursts with excitement! Witness the light dancing, stopping on vibrant symbols. Discover bonuses like Multipliers, Sunshine, Caterpillar, and Rainbow for big wins! With 6 fruity symbols, 4 vibrant colors, and endless combinations, pick a winning mix and taste victory!","1. Special random bonus, Multipliers, Sunshine, Caterpillar and Rainbow features to win rewards up to 180x!

",15.3,19.8,N.A,,,,,,,,,,,,,,,,,https://demo8.kingmidasdev.net/games/fruit-roulette?currency=EUR&test=1,https://publiccdn.kingdomhall729.com/500x500images/KingMidas/fruit-roulette_500x500_en.jpg,https://demo7.kingmidasdev.net/games/fruit-roulette?currency=USD&test=1,https://supports2.bo.p7.ns86.kingmakergames.co/supports/games/fruit-roulette/settings?lang=en,https://publiccdn.kingdomhall729.com/Product+Sheet/fruit-roulette_product-brochure_en.pdf,https://publiccdn.kingdomhall729.com/Product+Sheet/fruit-roulette_product-brochure_cn.pdf,https://publiccdn.kingdomhall729.com/website/landing/fruit-roulette_landing.zip,https://publiccdn.kingdomhall729.com/website/logo/fruit-roulette_logo.zip,https://publiccdn.kingdomhall729.com/website/banners/fruit-roulette_banners.zip,https://publiccdn.kingdomhall729.com/MarketingAssetsPSD/KingMidas/fruit-roulette_psd.zip,https://publiccdn.kingdomhall729.com/website/video/fruit-roulette_video.zip,Fruit Roulette,Table Games Translations Masterlist,PENDING,PENDING,CERTIFIED,PENDING,All,GS1,TRUE,TRUE,TRUE,TRUE,TRUE,TRUE,FALSE,FALSE,FALSE,FALSE,FALSE,FALSE,FALSE
KM,25,,Live,2021-04-01,2021-01-01,2025-04-04,,2024-11-06,xoc-dia-2,Xoc Dia,色碟,,เหรียญสีนำโชค 2,Xóc Đĩa,Se Die,속 디아,Xoc Dia,,,,,,,,97.00%,13.5X,20,20X,HIGH,No Commission,,CLASSIC,TABLE,OTHERS,Vietnam,Vietnam,"ASIAN, BONUS SYMBOLS, LIGHTNING, ORIENTAL, RED, TABLE GAMES, WHITE",South East Asia,,Vietnam,"Xoc Dia 2 introduces an exciting twist to the classic Shake The Plate game. It's an even-odds game featuring four chips, each with red and white sides, positioned beneath a bowl. Give the plate a shake, bet on colours and numbers, and encounter the exhilarating lightning feature, capable of multiplying wins by up to 20x!","1. Lightning bonus feature to win rewards up to 20x!

",13.0,17.3,N.A,,,,,,,,,,,,,,,,"Tournament, Cash Drop",https://demo8.kingmidasdev.net/games/xoc-dia-2?currency=EUR&test=1,https://publiccdn.kingdomhall729.com/500x500images/KingMidas/xoc-dia-2_500x500_en.jpg,https://demo7.kingmidasdev.net/games/xoc-dia-2?currency=USD&test=1,https://supports2.bo.p7.ns86.kingmakergames.co/supports/games/xoc-dia-2/settings?lang=en,https://publiccdn.kingdomhall729.com/Product+Sheet/xoc-dia-2_product-brochure_en.pdf,https://publiccdn.kingdomhall729.com/Product+Sheet/xoc-dia-2_product-brochure_cn.pdf,https://publiccdn.kingdomhall729.com/website/landing/xoc-dia-2_landing.zip,https://publiccdn.kingdomhall729.com/website/logo/xoc-dia-2_logo.zip,https://publiccdn.kingdomhall729.com/website/banners/xoc-dia-2_banners.zip,https://publiccdn.kingdomhall729.com/MarketingAssetsPSD/KingMidas/xoc-dia-2_psd.zip,,Xoc Dia,Table Games Translations Masterlist,PENDING,PENDING,CERTIFIED,PENDING,All,GS1,TRUE,TRUE,TRUE,TRUE,TRUE,FALSE,FALSE,FALSE,FALSE,FALSE,FALSE,FALSE,FALSE
KM,24,,Live,2021-04-01,2021-01-01,2025-03-01,,2024-11-06,thai-fish-prawn-crab,Thai Fish Prawn Crab,泰式鱼虾蟹,,น้ำเต้าปูปลา ,Bầu Cua Thái,Thai Kepiting ikan udang,타이 피쉬 프론 크랩,ထိုင်းခြောက်ကောင်ဂျင်,"Fish Prawn Crab
Tailandês ","Fish Prawn Crab
Tailandés","Тайские рыбы, креветки, крабы",,,,,97.00%,5X,2,10X,MEDIUM,No Commission,,CLASSIC,TABLE,DICE,Thailand,Myanmar,"ANIMALS, ASIAN, AUSPICIOUS, BONUS SYMBOLS, CRAB, DICE GAME, FISH, ORIENTAL, PRAWN, TABLE GAMES, THAILAND",South East Asia,,Thailand,"Thai Fish Prawn Crab brings a Thai twist to the classic game. Instead of conventional numbers, the dice feature unique symbols to infuse with local flavour. With three dice and a betting table offering various options, players wager on the symbols they predict will appear in exciting combinations.","1. 2x Bonus feature to win rewards up to 10x!

",10.5,15.3,N.A,,,,,,,,,,,,,,,,"Tournament, Leaderboard, Scratch Card, Featured Video, Cash Drop",https://demo8.kingmidasdev.net/games/thai-fish-prawn-crab?currency=EUR&test=1,https://publiccdn.kingdomhall729.com/500x500images/KingMidas/thai-fish-prawn-crab_500x500_en.jpg,https://demo7.kingmidasdev.net/games/thai-fish-prawn-crab?currency=USD&test=1,https://supports2.bo.p7.ns86.kingmakergames.co/supports/games/thai-fish-prawn-crab/settings?lang=en,https://publiccdn.kingdomhall729.com/Product+Sheet/thai-fish-prawn-crab_product-brochure_en.pdf,https://publiccdn.kingdomhall729.com/Product+Sheet/thai-fish-prawn-crab_product-brochure_cn.pdf,https://publiccdn.kingdomhall729.com/website/landing/thai-fish-prawn-crab_landing.zip,https://publiccdn.kingdomhall729.com/website/logo/thai-fish-prawn-crab_logo.zip,https://publiccdn.kingdomhall729.com/website/banners/thai-fish-prawn-crab_banners.zip,https://publiccdn.kingdomhall729.com/MarketingAssetsPSD/KingMidas/thai-fish-prawn-crab_psd.zip,https://publiccdn.kingdomhall729.com/website/video/thai-fish-prawn-crab_video.zip,Thai Fish Prawn Crab,Table Games Translations Masterlist,PENDING,PENDING,CERTIFIED,PENDING,All,GS2,TRUE,TRUE,TRUE,TRUE,TRUE,TRUE,TRUE,FALSE,FALSE,TRUE,FALSE,FALSE,FALSE
KM,23,,Live,2021-03-11,2021-03-11,2025-11-28,,2024-11-06,bai-cao,Bai Cao,三公,,ไพ่ 3 ใบ,Bài Cào,Bài cào,바이 카오,Bài cào,,,,,,,,97.00%,1X,-,1X,LOW,3% Commission will be drawn from the winners of a round.,,CLASSIC,TABLE,CARD,Vietnam,Vietnam,"ASIAN, CARD, TABLE GAME, VIETNAMESE",South East Asia,,Vietnam,"Bài Cào, a traditional Vietnamese card game, often called the three-card game, offers simplicity and speed in card play. With 2-6 players contending for luck's favour, each receives three cards, striving for the highest score in this purely chance-driven game. Remember, the higher the card rank, the stronger the hand!","1. Play as a Banker pitting up against the rest of the players and win up to 4x of bet amount!

",12.0,18.2,N.A,,,,,,,,,,,,,,,,,https://demo8.kingmidasdev.net/games/bai-cao?currency=EUR&test=1,https://publiccdn.kingdomhall729.com/500x500images/KingMidas/bai-cao_500x500_en.jpg,https://demo7.kingmidasdev.net/games/bai-cao?currency=USD&test=1,https://supports2.bo.p7.ns86.kingmakergames.co/supports/games/bai-cao/settings?lang=en,https://publiccdn.kingdomhall729.com/Product+Sheet/bai-cao_product-brochure_en.pdf,https://publiccdn.kingdomhall729.com/Product+Sheet/bai-cao_product-brochure_cn.pdf,https://publiccdn.kingdomhall729.com/website/landing/bai-cao_landing.zip,https://publiccdn.kingdomhall729.com/website/logo/bai-cao_logo.zip,https://publiccdn.kingdomhall729.com/website/banners/bai-cao_banners.zip,https://publiccdn.kingdomhall729.com/MarketingAssetsPSD/KingMidas/bai-cao_psd.zip,,Bai Cao (VN Team),Table Games Translations Masterlist,PENDING,PENDING,CERTIFIED,PENDING,All,GS1,TRUE,TRUE,TRUE,TRUE,TRUE,FALSE,FALSE,FALSE,FALSE,FALSE,FALSE,FALSE,FALSE
KM,22,,Live,2021-03-01,2021-01-01,2025-03-01,,2024-11-06,tai-xiu,Tai Xiu,越式大小,,ไฮโลเวียดนาม ,Tài Xỉu,Tai Xiu,타이 시우,တိုင်းရှူး, Tài Xỉu,Tài Xỉu,,,,,,97.00%,100X,2,200X,HIGH,No Commission,,CLASSIC,TABLE,DICE,Vietnam,Vietnam,"ASIAN, BONUS SYMBOLS, VIETNAMESE, DICE GAME",South East Asia,,Vietnam,"Tai Xiu, also known as big and small or hi-lo, features three dice and a rich variety of betting options, injecting an element of chance into every wager.","1. 2x Bonus feature to win rewards up to 200x!

",7.3,8.6,N.A,,,,,,,,,,,,,,,,"Tournament, Cash Drop",https://demo8.kingmidasdev.net/games/tai-xiu?currency=EUR&test=1,https://publiccdn.kingdomhall729.com/500x500images/KingMidas/tai-xiu_500x500_en.jpg,https://demo7.kingmidasdev.net/games/tai-xiu?currency=USD&test=1,https://supports2.bo.p7.ns86.kingmakergames.co/supports/games/tai-xiu/settings?lang=en,https://publiccdn.kingdomhall729.com/Product+Sheet/tai-xiu_product-brochure_en.pdf,https://publiccdn.kingdomhall729.com/Product+Sheet/tai-xiu_product-brochure_cn.pdf,https://publiccdn.kingdomhall729.com/website/landing/tai-xiu_landing.zip,https://publiccdn.kingdomhall729.com/website/logo/tai-xiu_logo.zip,https://publiccdn.kingdomhall729.com/website/banners/tai-xiu_banners.zip,https://publiccdn.kingdomhall729.com/MarketingAssetsPSD/KingMidas/tai-xiu_psd.zip,,Tai Xiu,Table Games Translations Masterlist,PENDING,PENDING,CERTIFIED,PENDING,All,GS1,TRUE,TRUE,TRUE,TRUE,TRUE,TRUE,TRUE,FALSE,FALSE,FALSE,FALSE,FALSE,FALSE
KM,20,,Live,2021-03-01,2021-01-01,2025-03-01,,2024-11-06,sicbo,Sic Bo,骰宝,,"

ไฮโล",Tài Xỉu Sic Bo,Sic Bo,시크보,Sic Bo,,,,,,,,97.00%,100X,2,200X,HIGH,No Commission,,CLASSIC,TABLE,DICE,China,Malaysia,"ASIAN, BONUS SYMBOLS, CHINA, DICE GAME",East Asia,,China,"Sic Bo, translating to ""dice pair,"" is an ancient Chinese gambling game steeped in tradition. Played with three dice and a table offering diverse betting options, players wager on the combination that will emerge, adding an element of chance to this classic game.","1. 2x Bonus feature to win rewards up to 200x!

",8.1,13.0,N.A,,,,,,,,,,,,,,,,"Tournament, Cash Drop",https://demo8.kingmidasdev.net/games/sicbo?currency=EUR&test=1,https://publiccdn.kingdomhall729.com/500x500images/KingMidas/sicbo_500x500_en.jpg,https://demo7.kingmidasdev.net/games/sicbo?currency=USD&test=1,https://supports2.bo.p7.ns86.kingmakergames.co/supports/games/sicbo/settings?lang=en,https://publiccdn.kingdomhall729.com/Product+Sheet/sic-bo_product-brochure_en.pdf,https://publiccdn.kingdomhall729.com/Product+Sheet/sic-bo_product-brochure_cn.pdf,https://publiccdn.kingdomhall729.com/website/landing/sicbo_landing.zip,https://publiccdn.kingdomhall729.com/website/logo/sicbo_logo.zip,https://publiccdn.kingdomhall729.com/website/banners/sicbo_banners.zip,https://publiccdn.kingdomhall729.com/MarketingAssetsPSD/KingMidas/sicbo_psd.zip,https://publiccdn.kingdomhall729.com/website/video/sicbo_video.zip,Sic Bo,Table Games Translations Masterlist,CERTIFIED,CERTIFIED,CERTIFIED,PENDING,All,GS2,TRUE,TRUE,TRUE,TRUE,TRUE,TRUE,TRUE,FALSE,FALSE,FALSE,FALSE,FALSE,FALSE
KM,19,,Live,2021-03-01,2021-01-01,2025-04-04,,2024-11-06,viet-fish-prawn-crab,Vietnamese Fish Prawn Crab,越式鱼虾蟹,,น้ำเต้าปูปลาเวียดนาม,Bầu Cua,"Vietnamese
Kepiting Ikan Udang",베트남 피시 프론 크랩,ဗီယက်နမ်ခြောက်ကောင်ဂျင်,,,,,,,,97.00%,6X,2,12X,MEDIUM,No Commission,,CLASSIC,TABLE,DICE,Vietnam,Vietnam,"ANIMAL DICE, ASIAN, AUSPICIOUS, CHIP, CRAB, DICE, FISH, LOBSTER, MULTIPLIER, ORIENTAL, TABLE GAMES, VIETNAMESE",South East Asia,,Vietnam,"Vietnam Fish Prawn Crab offers an enticing Vietnamese twist on the classic Fish Prawn Crab. The dice feature unique symbols instead of numbers, adding a touch of local flavour. With three dice and a versatile betting table, players can wager on their predictions of symbol combinations, adding excitement to tradition.","1. 2x Bonus feature to win rewards up to 12x!

",9.1,13.8,N.A,,,,,,,,,,,,,,,,,https://demo8.kingmidasdev.net/games/viet-fish-prawn-crab?currency=EUR&test=1,https://publiccdn.kingdomhall729.com/500x500images/KingMidas/viet-fish-prawn-crab_500x500_en.jpg,https://demo7.kingmidasdev.net/games/viet-fish-prawn-crab?currency=USD&test=1,https://supports2.bo.p7.ns86.kingmakergames.co/supports/games/viet-fish-prawn-crab/settings?lang=en,https://publiccdn.kingdomhall729.com/Product+Sheet/viet-fish-prawn-crab_product-brochure_en.pdf,https://publiccdn.kingdomhall729.com/Product+Sheet/viet-fish-prawn-crab_product-brochure_cn.pdf,https://publiccdn.kingdomhall729.com/website/landing/viet-fish-prawn-crab_landing.zip,https://publiccdn.kingdomhall729.com/website/logo/viet-fish-prawn-crab_logo.zip,https://publiccdn.kingdomhall729.com/website/banners/viet-fish-prawn-crab_banners.zip,https://publiccdn.kingdomhall729.com/MarketingAssetsPSD/KingMidas/viet-fish-prawn-crab_psd.zip,,Vietnam Fish Prawn Crab,Table Games Translations Masterlist,PENDING,PENDING,CERTIFIED,PENDING,All,GS1,TRUE,TRUE,TRUE,TRUE,FALSE,TRUE,TRUE,FALSE,FALSE,FALSE,FALSE,FALSE,FALSE
KM,18,,Live,2021-02-01,2021-01-01,2025-03-01,,2024-11-06,fish-prawn-crab-2,Fish Prawn Crab,鱼虾蟹,,น้ำเต้าปูปลา,Tôm Cua Cá,Kepiting ikan udang,피쉬 프라운 크랩,ခြောက်ကောင်ဂျင်,Fish Prawn Crab,Fish Prawn Crab,"Рыбы креветки
крабы",,,,,97.00%,150X,2,300X,HIGH,No Commission,,CLASSIC,TABLE,DICE,China,Myanmar,"ANIMALS, ASIAN, AUSPICIOUS, BONUS SYMBOLS, CHICKEN, CHINA, CRAB, DEER, FISH, GAMES, LOBSTER, ORIENTAL, TABLE GAMES",South East Asia,,Vietnam,"Rediscover the charm of Fish Prawn Crab, a classic Asian dice game. Distinguished by unique symbols instead of conventional numbers. Players can explore a range of betting options to predict symbol combinations, creating an exciting fusion of tradition and innovation!",1. 2x Bonus feature to win rewards up to 300x!,11.2,16.1,N.A,,,,,,,,,,,,,,,,"Tournament, Cash Drop",https://demo8.kingmidasdev.net/games/fish-prawn-crab-2?currency=EUR&test=1,https://publiccdn.kingdomhall729.com/500x500images/KingMidas/fish-prawn-crab-2_500x500_en.jpg,https://demo7.kingmidasdev.net/games/fish-prawn-crab-2?currency=USD&test=1,https://supports2.bo.p7.ns86.kingmakergames.co/supports/games/fish-prawn-crab-x/settings?lang=en,https://publiccdn.kingdomhall729.com/Product+Sheet/fish-prawn-crab-2_product-brochure_en.pdf,https://publiccdn.kingdomhall729.com/Product+Sheet/fish-prawn-crab-2_product-brochure_cn.pdf,https://publiccdn.kingdomhall729.com/website/landing/fish-prawn-crab-2_landing.zip,https://publiccdn.kingdomhall729.com/website/logo/fish-prawn-crab-2_logo.zip,https://publiccdn.kingdomhall729.com/website/banners/fish-prawn-crab-2_banners.zip,https://publiccdn.kingdomhall729.com/MarketingAssetsPSD/KingMidas/fish-prawn-crab-2_psd.zip,https://publiccdn.kingdomhall729.com/website/video/fish-prawn-crab-2_video.zip,Fish Prawn Crab,Table Games Translations Masterlist,PENDING,PENDING,CERTIFIED,PENDING,All,GS1,TRUE,TRUE,TRUE,TRUE,TRUE,TRUE,TRUE,TRUE,TRUE,TRUE,FALSE,FALSE,FALSE
KM,16,,Live,2021-03-01,2021-01-01,2025-04-04,,2024-11-06,dragon-tiger-2,Dragon Tiger,龙虎斗,,เสือมังกร,Long Hổ,Naga Harimau,드래곤 타이거,နဂါးကျား,Dragão Tigre,Dragón Tigre,,,,,,97.00%,10X,2,20X,MEDIUM,No Commission,,CLASSIC,TABLE,CARD,Eastern,Thailand,"ASIAN, BONUS SYMBOLS, CARD, CARD GAME, CHINA, DRAGONS, ORIENTAL, TABLE GAMES, TIGERS",East Asia,,Thailand,"Dragon Tiger 2 introduces a thrilling twist to the classic card game. Watch as the dealer reveals two cards, one for the dragon and one for the tiger. Predict which one will reign supreme or explore a range of other betting options on the individual cards. Keep an eye out for the lightning 2x bonus, which could multiply winnings by an astounding 20x! ","1. 2x Bonus feature to win rewards up to 20x!
2. Smooth game lobby experience!
3. Displays patterns on roadmap to avoid missing out on good rooms!",23.9,29.7,N.A,,,,,,,,,,,,,,,,,https://demo8.kingmidasdev.net/games/dragon-tiger-2?currency=EUR&test=1,https://publiccdn.kingdomhall729.com/500x500images/KingMidas/dragon-tiger-3_500x500_en.jpg,https://demo7.kingmidasdev.net/games/dragon-tiger-2?currency=USD&test=1,https://supports2.bo.p7.ns86.kingmakergames.co/supports/games/dragon-tiger-x/settings?lang=en,https://publiccdn.kingdomhall729.com/Product+Sheet/dragon-tiger-2_product-brochure_en.pdf,https://publiccdn.kingdomhall729.com/Product+Sheet/dragon-tiger-2_product-brochure_cn.pdf,https://publiccdn.kingdomhall729.com/website/landing/dragon-tiger-2_landing.zip,https://publiccdn.kingdomhall729.com/website/logo/dragon-tiger-2_logo.zip,https://publiccdn.kingdomhall729.com/website/banners/dragon-tiger-2_banners.zip,https://publiccdn.kingdomhall729.com/MarketingAssetsPSD/KingMidas/dragon-tiger-3_psd.zip,,Dragon Tiger,Table Games Translations Masterlist,PENDING,PENDING,CERTIFIED,PENDING,All,GS1,TRUE,TRUE,TRUE,TRUE,TRUE,TRUE,TRUE,TRUE,TRUE,FALSE,FALSE,FALSE,FALSE
KM,15,,Live,2021-03-01,2021-01-01,2025-04-04,,2024-11-06,belangkai-2,Belangkai,鱼虾蚝,,เบลังไก,Belangkai,Belangkai,벨랑카이,လေးကောင်ဂျင်,,,,,,,,97.00%,2.5X,2,5X,MEDIUM,No Commission,,CLASSIC,TABLE,DICE,Indonesia,Myanmar,"ASIAN, BONUS SYMBOL, CASUAL, DICE, INDONESIA, MULTIPLIER, TABLE GAMES",South East Asia,,Indonesia,"Known as “Belangkai"" in the Malay language, it is a simple game based on a spinner with four sides. Along with a variety of betting options, the player simply bets on which symbol will appear after a spin.",1. 2x Bonus feature to win rewards up to 5x!,7.8,12.5,N.A,,,,,,,,,,,,,,,,,https://demo8.kingmidasdev.net/games/belangkai-2?currency=EUR&test=1,https://publiccdn.kingdomhall729.com/500x500images/KingMidas/belangkai-2_500x500_en.jpg,https://demo7.kingmidasdev.net/games/belangkai-2?currency=USD&test=1,https://supports2.bo.p7.ns86.kingmakergames.co/supports/games/belangkai-x/settings?lang=en,https://publiccdn.kingdomhall729.com/Product+Sheet/belangkai-2_product-brochure_en.pdf,https://publiccdn.kingdomhall729.com/Product+Sheet/belangkai-2_product-brochure_cn.pdf,https://publiccdn.kingdomhall729.com/website/landing/belangkai-2_landing.zip,https://publiccdn.kingdomhall729.com/website/logo/belangkai-2_logo.zip,https://publiccdn.kingdomhall729.com/website/banners/belangkai-2_banners.zip,https://publiccdn.kingdomhall729.com/MarketingAssetsPSD/KingMidas/belangkai-2_psd.zip,,Belangkai,Table Games Translations Masterlist,PENDING,PENDING,CERTIFIED,PENDING,All,GS1,TRUE,TRUE,TRUE,TRUE,TRUE,TRUE,TRUE,FALSE,FALSE,FALSE,FALSE,FALSE,FALSE
KM,14,,Live,2021-03-01,2021-01-01,2025-03-01,,2024-11-06,thai-hi-lo-2,Thai Hi Lo,泰式比高低,,ไฮโลไทย," 
         
Tài Xỉu Thái",Thai Hi-Lo,타이 하이로,ထိုင်းနိမ့်မြင့်,Hi Lo Tailandês       , Hi-Lo Tailandés,Тайском Хай-Лоу,,,,,97.00%,5X,2,14X,MEDIUM,No Commission,,CLASSIC,TABLE,DICE,Thailand,Thailand,"BONUS SYMBOL, CASUAL, DICE, HI-LO, TABLE GAMES, THAILAND, TROPICAL",South East Asia,,Thailand,"Discover the excitement of Thai Hi Lo 2, where dice meet Thai zest in the classic high or low (hi-lo) format. With three dice and a rich array of betting options, luck predicts the dice's fate. Keep an eye out for the exhilarating 2x bonus, elevating winnings up to a remarkable 10x!","1. 2x Bonus feature to win rewards up to 10x!
2. Play and qualify automatically for Leaderboard and Progression Giveaways!
3. Exciting progression tier system rewards top players based on the total bet amount!
4. Accumulate winnings to compete in the leaderboard to win top players rewards!",19.1,25.9,N.A,,,,,,,,,,,,,,,,"Tournament, Leaderboard, Scratch Card, Featured Video, Cash Drop",https://demo8.kingmidasdev.net/games/thai-hi-lo-2?currency=EUR&test=1,https://publiccdn.kingdomhall729.com/500x500images/KingMidas/thai-hi-lo-3_500x500_en.jpg,https://demo7.kingmidasdev.net/games/thai-hi-lo-2?currency=USD&test=1,https://supports2.bo.p7.ns86.kingmakergames.co/supports/games/thai-hi-lo-x/settings?lang=en,https://publiccdn.kingdomhall729.com/Product+Sheet/thai-hi-lo-2_product-brochure_en.pdf,https://publiccdn.kingdomhall729.com/Product+Sheet/thai-hi-lo-2_product-brochure_cn.pdf,https://publiccdn.kingdomhall729.com/website/landing/thai-hi-lo-2_landing.zip,https://publiccdn.kingdomhall729.com/website/logo/thai-hi-lo-2_logo.zip,https://publiccdn.kingdomhall729.com/website/banners/thai-hi-lo-2_banners.zip,https://publiccdn.kingdomhall729.com/MarketingAssetsPSD/KingMidas/thai-hi-lo-3_psd.zip,https://publiccdn.kingdomhall729.com/website/video/thai-hi-lo-2_video.zip,Thai Hi Lo,Table Games Translations Masterlist,PENDING,PENDING,CERTIFIED,PENDING,All,GS2,TRUE,TRUE,TRUE,TRUE,TRUE,TRUE,TRUE,FALSE,FALSE,TRUE,FALSE,FALSE,FALSE
KM,12,,Live,2021-02-01,2021-01-01,2025-08-01,,2024-11-06,european-roulette,European Roulette,欧洲轮盘,,รูเล็ตยุโรป,Ru-lét Châu Âu,Roulette Eropah,유러피언 룰렛,ဥရောပ ဆုံလည်ဂိမ်း,Roleta Europeia,Ruleta Europea,,,,,,97.30%,29X,500,500X,HIGH,No Commission,,CLASSIC,TABLE,ROULETTE,United Kingdom,Thailand,"CASINO, CHIP, LIGHTNING, NUMBERS, ROULETTE GAME, TABLE GAMES",Europe,,United Kingdom,"European Roulette is a classic casino game with 37 numbers on the wheel, including the zero. Watch as the ball lands on the numbers and colors to create winning combinations. Look out for the lightning bonus feature that can electrify 1-5 lucky numbers with multipliers, ranging from 50x to 500x, and increase your winnings. ",1. Lightning bonus feature to win rewards up to 500x!,16.3,21.5,N.A,,,,,,,,,,,,,,,,,https://demo8.kingmidasdev.net/games/european-roulette?currency=EUR&test=1,https://publiccdn.kingdomhall729.com/500x500images/KingMidas/european-roulette_500x500_en.jpg,https://demo7.kingmidasdev.net/games/european-roulette?currency=USD&test=1,https://supports2.bo.p7.ns86.kingmakergames.co/supports/games/european-roulette/settings?lang=en,https://publiccdn.kingdomhall729.com/Product+Sheet/european-roulette_product-brochure_en.pdf,https://publiccdn.kingdomhall729.com/Product+Sheet/european-roulette_product-brochure_cn.pdf,https://publiccdn.kingdomhall729.com/website/landing/european-roulette_landing.zip,https://publiccdn.kingdomhall729.com/website/logo/european-roulette_logo.zip,https://publiccdn.kingdomhall729.com/website/banners/european-roulette_banners.zip,https://publiccdn.kingdomhall729.com/MarketingAssetsPSD/KingMidas/european-roulette_psd.zip,https://publiccdn.kingdomhall729.com/website/video/european-roulette_video.zip,European Roulette,Table Games Translations Masterlist,CERTIFIED,CERTIFIED,CERTIFIED,PENDING,All,GS1,TRUE,TRUE,TRUE,TRUE,TRUE,TRUE,TRUE,FALSE,FALSE,FALSE,FALSE,FALSE,FALSE
KM,10,,Live,2021-03-24,2021-03-24,2025-03-01,ts,2024-11-06,baccarat,Baccarat,百家乐,,บาคาร่า,Baccarat,Baccarat,바카라,,Bacará,Bacará,,,,,,97.00%,75X,2,150X,HIGH,No Commission,,CLASSIC,TABLE,CARD,United Kingdom,Thailand,"BACCARAT, CARD GAME, CASINO, TABLE GAMES",North America,Europe,"United States of America
United Kingdom
China","Baccarat, also known as ""Punto Banco,"" is a prestigious card game enjoyed in casinos worldwide. In this game, you'll be tasked with comparing hand values between two sides: the player and the banker. Place your bets and side bets on either the player or the banker, and watch as the action unfolds. Each side is dealt 2-3 cards, aiming for the highest possible hand value of nine. The hand with the highest score wins!","1. 2x Bonus feature to win rewards up to 62x!

",12.6,19.2,N.A,,,,,,,,,,,,,,,,"Tournament, Cash Drop",https://demo8.kingmidasdev.net/games/baccarat?currency=EUR&test=1,https://publiccdn.kingdomhall729.com/500x500images/KingMidas/baccarat_500x500_en.jpg,https://demo7.kingmidasdev.net/games/baccarat?currency=USD&test=1,https://supports2.bo.p7.ns86.kingmakergames.co/supports/games/baccarat/settings?lang=en,https://publiccdn.kingdomhall729.com/Product+Sheet/baccarat_product-brochure_en.pdf,https://publiccdn.kingdomhall729.com/Product+Sheet/baccarat_product-brochure_cn.pdf,https://publiccdn.kingdomhall729.com/website/landing/baccarat_landing.zip,https://publiccdn.kingdomhall729.com/website/logo/baccarat_logo.zip,https://publiccdn.kingdomhall729.com/website/banners/baccarat_banners.zip,https://publiccdn.kingdomhall729.com/MarketingAssetsPSD/KingMidas/baccarat_psd.zip,https://publiccdn.kingdomhall729.com/website/video/baccarat_video.zip,Baccarat,Table Games Translations Masterlist,CERTIFIED,CERTIFIED,CERTIFIED,PENDING,All,GS1,TRUE,TRUE,TRUE,TRUE,TRUE,TRUE,FALSE,TRUE,TRUE,FALSE,FALSE,FALSE,FALSE
KM,9,,Live,2021-02-01,2021-10-27,2025-10-30,,2024-11-06,blackjack,Blackjack,21点,,แบล็คแจ็ค,Xì Dách,Blackjack,블랙잭,ဘလက်ခ်ဂျက်ခ်,Vinte-e-um,"Blackjack
",Блэкджек,,,,,99.28%,100X,-,100X,HIGH,No Commission,,CLASSIC,TABLE,CARD,United Kingdom,Thailand,"BLACKJACK, CARD GAME, CASINO, TABLE GAMES",North America,Europe,"United States of America
United Kingdom","Blackjack, also known as 21, is a highly popular casino card game played with 8 standard 52-card decks. Beat the dealer's hand by obtaining cards that total 21 or closer without exceeding that value. Each table seats up to 5 players across multiple rooms. Achieving a hand value of 21 with the first two cards results in a Blackjack! Can you dominate and outsmart the house? ","1. Play against the dealer and win up to 1.5x bet amount!
2. Popular Perfect Pairs and 21+3 side bet features to win payout up to 100x! 
3. Display dealer's round history to select the room of your choice !",9.4,14.6,N.A,,,,,,,,,,,,,,,,"Tournament, Cash Drop",https://demo8.kingmidasdev.net/games/blackjack?currency=EUR&test=1,https://publiccdn.kingdomhall729.com/500x500images/KingMidas/blackjack_500x500_en.jpg,https://demo7.kingmidasdev.net/games/blackjack?currency=USD&test=1,https://uat.supports.kingmakergames.co/supports/games/jackpot-jump/settings,https://publiccdn.kingdomhall729.com/Product+Sheet/blackjack_product-brochure_en.pdf,https://publiccdn.kingdomhall729.com/Product+Sheet/blackjack_product-brochure_cn.pdf,https://publiccdn.kingdomhall729.com/website/landing/blackjack_landing.zip,https://publiccdn.kingdomhall729.com/website/logo/blackjack_logo.zip,https://publiccdn.kingdomhall729.com/website/banners/blackjack_banners.zip,https://publiccdn.kingdomhall729.com/MarketingAssetsPSD/KingMidas/blackjack_psd.zip,https://publiccdn.kingdomhall729.com/website/video/blackjack_video.zip,Blackjack,Table Games Translations Masterlist,PENDING,PENDING,CERTIFIED,PENDING,All,GS1,TRUE,TRUE,TRUE,TRUE,TRUE,TRUE,TRUE,FALSE,FALSE,FALSE,FALSE,FALSE,FALSE
KM,8,UFA Only,Live,2020-01-01,N.A,N.A,N.A,2024-11-06,pok-deng,Pok Deng,八九点,,ป๊อกเด้ง,Pok Deng,Pok Deng,포크뎅,,,,,,,,,98.90,5X,-,5X,LOW,N.A,,CLASSIC,TABLE,CARD,Thailand,,"CARD GAME, CHIP, TABLE GAMES, THAILAND",South East Asia,,,"Pok Deng is a popular thai card game that uses a standard deck of fifty-two cards. In pok deng, players compete against the banker. Each player receives two cards and may draw up to three with the aim to get the highest possible single digit hand to beat the banker's. While also taking into account hand ranks such as pairs, three of a kinds, and flushes.",,16.4,21.3,N.A,,,,,,,,,,,,,,,,,https://demo8.kingmidasdev.net/games/pok-deng?currency=EUR&test=1,https://publiccdn.kingdomhall729.com/500x500images/KingMidas/pok-deng_500x500_en.jpg,N.A,https://supports2.bo.p7.ns86.kingmakergames.co/supports/games/pok-deng/settings?lang=en,N.A,N.A,https://publiccdn.kingdomhall729.com/website/landing/pok-deng_landing.zip,https://publiccdn.kingdomhall729.com/website/logo/pok-deng_logo.zip,https://publiccdn.kingdomhall729.com/Zip_v2Games/Pok-Deng_Assets.zip,https://publiccdn.kingdomhall729.com/MarketingAssetsPSD/pok-deng_psd.zip,N.A,Pokdeng,Table Games Translations Masterlist,PENDING,PENDING,PENDING,PENDING,THB Only,GS1,TRUE,TRUE,TRUE,TRUE,TRUE,TRUE,FALSE,FALSE,FALSE,FALSE,FALSE,FALSE,FALSE
KM,7,AWC,Live,2020-01-01,2021-01-01,,,2024-11-06,number-matka,Number Matka,三重轮盘,,รูเล็ตต์ 3 วงล้อ," 
 	
Ru-lét 3 Bánh Xe",3 Chance Wheel,넘버 마트카(트리플 찬스 마트카) ,"သုံးထပ်ကွမ်း 
အခွင့်အရေး",,,,,,,,97.30%,950X,2,1900X,HIGH,No Commission,,CLASSIC,TABLE,ROULETTE,India,," 3-WHEELS, BONUS SYMBOLS, CHIP, ROULETTE, TABLE GAMES",South Asia,,,Experience the excitement of Triple Chance Roulette as players pick numbers from 0 to 999 across 3 spinning wheels. Bet on single or 3-digit numbers for epic payouts and watch your winnings soar as you play the numbers game! ,"1. 2x Bonus feature to win rewards up to 1900x!

",10.8,15.3,N.A,,,,,,,,,,,,,,,,,https://demo8.kingmidasdev.net/games/number-matka?currency=EUR&test=1,https://publiccdn.kingdomhall729.com/500x500images/KingMidas/number-matka_500x500_in.jpg,https://demo7.kingmidasdev.net/games/number-matka?currency=USD&test=1,https://supports2.bo.p7.ns86.kingmakergames.co/supports/games/number-matka/settings,https://publiccdn.kingdomhall729.com/Product+Sheet/number-matka_product-brochure_en_asiademo.pdf,https://publiccdn.kingdomhall729.com/Product+Sheet/number-matka_product-brochure_cn_asiademo.pdf,https://publiccdn.kingdomhall729.com/website/landing/number-matka_landing.zip,https://publiccdn.kingdomhall729.com/website/logo/number-matka_logo.zip,https://publiccdn.kingdomhall729.com/Zip_masterGames/KingMidas/number-matka_assets.zip,https://publiccdn.kingdomhall729.com/MarketingAssetsPSD/KingMidas/number-matka_psd.zip,https://publiccdn.kingdomhall729.com/website/video/number-matka_video.zip,Triple Chance,Table Games Translations Masterlist,PENDING,PENDING,PENDING,PENDING,All,GS1,TRUE,FALSE,FALSE,FALSE,FALSE,FALSE,FALSE,FALSE,FALSE,FALSE,FALSE,FALSE,FALSE
KM,6,,Live,2020-01-01,2021-01-01,2025-04-04,,2024-11-06,poker-roulette,Poker Roulette,扑克轮盘,,รูเล็ต โป๊กเกอร์,Poker Ru-lét,Rolet Poker,포커 룰렛,ပိုကာရောက်လတ်,Live,,Рулетка-покер,,,,,97.00%,10X,2,20X,MEDIUM,No Commission,,CLASSIC,TABLE,ROULETTE,United Kingdom,India,"CARD, INDIAN, LUXURY, POKER, ROULETTE GAME, TABLE GAMES",South Asia,Europe,"India
United Kingdom","Discover Poker Roulette, the enchanting 'card wheel' game. With inner and outer wheels adorned with picture cards and suits, make strategic bets and spin the wheel to unveil the path to victory!","1. 2x Bonus feature to win rewards up to 20x!
",7.8,12.8,N.A,,,,,,,,,,,,,,,,,https://demo8.kingmidasdev.net/games/poker-roulette?currency=EUR&test=1,https://publiccdn.kingdomhall729.com/500x500images/KingMidas/poker-roulette_500x500_en.jpg,https://demo7.kingmidasdev.net/games/poker-roulette?currency=USD&test=1,https://supports2.bo.p7.ns86.kingmakergames.co/supports/games/card-matka/settings,https://publiccdn.kingdomhall729.com/Product+Sheet/poker-roulette_product-brochure_en.pdf,https://publiccdn.kingdomhall729.com/Product+Sheet/poker-roulette_product-brochure_cn.pdf,https://publiccdn.kingdomhall729.com/website/landing/poker-roulette_landing.zip,https://publiccdn.kingdomhall729.com/website/logo/poker-roulette_logo.zip,https://publiccdn.kingdomhall729.com/website/banners/poker-roulette_banners.zip,https://publiccdn.kingdomhall729.com/MarketingAssetsPSD/KingMidas/poker-roulette_psd.zip,https://publiccdn.kingdomhall729.com/website/video/poker-roulette_video.zip,Poker Roulette,Table Games Translations Masterlist,CERTIFIED,CERTIFIED,CERTIFIED,PENDING,All,GS1,TRUE,TRUE,TRUE,TRUE,TRUE,TRUE,TRUE,FALSE,FALSE,TRUE,FALSE,FALSE,FALSE
KB,,,Under Development,Pending,,,,,heavenly-mahjong-1000,Heavenly Mahjong 1000,天界麻将1000,天界麻將1000,เฮฟเวนลี่ มาจอง 1000,Mạt Chược Thiên Cung 1000,Mahjong Surgawi 1000,천상의 마작 1000,,Mahjong Celestial 1000,Mahjong Celestial 1000,Небесный Маджонг 1000,Cennetsel Mahjong 1000,স্বর্গীয় মাহজং 1000,स्वर्गीय माहजोंग 1000,,96.50%,High,,15000X,HIGH,,28.57%,SLOTS,VIDEO-SLOT,WINWAYS,,,,,,,,,,,6x5,Scatter Pays,✓,✓,,✓,,,,✓,✓,,,,,✓,,,,,,,,,,,,,,,,,,,All,GS6,TRUE,FALSE,TRUE,TRUE,FALSE,FALSE,FALSE,FALSE,FALSE,TRUE,TRUE,TRUE,FALSE
KB,,,Under Development,Pending,,,,,african-buffalo-gold,African Buffalo Gold,非洲水牛黄金,非洲水牛黃金,บัฟฟาโล่ แอฟริกา โกลด์,Bò rừng Vàng Châu Phi,Afrika Kerbau Gold,아프리카버팔로골드,,Africano Búfalo Gold,Africano Búfalo Gold,Африканский Буйвол Голд,Afrika Bufalo Gold,আফ্রিকানমহিষগোল্ড,अफ्रीकीभैंसगोल्ड,,,,,,,,,,,,,,,,,,,,,,,,✓,✓,✓,,,✓,,✓,,✓,,,,✓,,,,,,,,,,,,,,,,,,,All,GS6,TRUE,FALSE,TRUE,TRUE,FALSE,FALSE,FALSE,FALSE,FALSE,TRUE,TRUE,TRUE,FALSE
KB,,,Under Development,Pending,,,,,aztec-fortune-2,Aztec Fortune 2,阿兹特克财富2,阿茲特克財富2,โชคลาภแอซเท็ก 2,Aztec Huyền Bí 2,Harta Aztec 2,아즈텍 포춘 2,,A Fortuna Asteca 2,La Fortuna Azteca 2,Ацтекское Сокровище 2,Aztek Hazinesi 2,আজটেক ফর্চুন 2,एज़टेक फॉर्च्यून 2,,,,,,,,,,,,,,,,,,,,,,,,✓,✓,,✓,,,,,✓,✓,,,,✓,,,,,,,,,,,,,,,,,,,All,GS6,TRUE,FALSE,TRUE,TRUE,FALSE,FALSE,FALSE,FALSE,FALSE,TRUE,TRUE,TRUE,FALSE
KB,,,Under Development,Pending,,,,,wild-train-heist,Wild Train Heist,,,,,,,,,,,,,,,96.95%,,,2400X,MEDIUM,,16.95%,SLOTS,VIDEO-SLOT,PAYLINES,,,"BUY FEATURE, HEIST, INCREASING MULTIPLIER, TRAIN
",,,,"Hop aboard the Wild Train Heist and pull off the ultimate railway robbery! This fast-paced 1x1 slot guarantees 10 to 12 winning rounds with the Wild Train Heist Feature while increasing multipliers build up to x20! Make a clean getaway with rewards of up to 2,400x!","Trigger the Wild Train Heist Feature for 10 to 12 guaranteed winning rounds!
Increase your multiplier with every win, climbing all the way to x20!
Make a clean getaway with rewards of up to 2,400x!",,,1x1,1 Payline,✓,,,,,,,,✓,,,,,✓,,,,,,,,,,,,,,,,,,,All,GS6,TRUE,FALSE,TRUE,TRUE,FALSE,FALSE,FALSE,FALSE,FALSE,TRUE,TRUE,TRUE,FALSE
KB,,,Under Development,Pending,,,,,garuda-fortune,Garuda Fortune,,,,,,,,,,,,,,,,,,,,,,,,,,,,,,,,,,,,,,,,,,,,,,,,,,✓,,,,,,,,,,,,,,,,,,,All,GS6,TRUE,FALSE,TRUE,TRUE,FALSE,FALSE,FALSE,FALSE,FALSE,TRUE,TRUE,TRUE,FALSE
KB,,,Under Development,Pending,,,,,lucky-neko-wild-ways,Lucky Neko Wild Ways,幸运招财猫狂野之路,幸運招財貓狂野之路,ลัคกี้เนโกะ ไวลด์เวย์ส,Đường Mèo Cầu Tài,Lucky Neko Wild Ways,럭키 네코 와일드 웨이즈,,Lucky Neko: Caminhos Selvagens,Lucky Neko: Caminos Salvajes,Лаки Нэко: Дикие Пути,Lucky Neko'nun Vahşi Yolları,লাকি নেকো ওয়াইল্ড ওয়েস,लकी नेको वाइल्ड वेज़,,,,,,,,,,,,,,,,,,,,,,,,✓,✓,,✓,,,,✓,✓,,,,,✓,,,,,,,,,,,,,,,,,,,All,GS6,TRUE,FALSE,TRUE,TRUE,FALSE,FALSE,FALSE,FALSE,FALSE,TRUE,TRUE,TRUE,FALSE
OG,,,Production Ready,Pending,,,,,km-captain-loot,Captain Loot,,,,,,,,,,,,,,,96.2%,15.93%,,3000x,MEDIUM - HIGH,,15.93%,SLOTS,VIDEO-SLOT,PAYLINES,,,,,,,,,,,5x3,25 paylines,✓,✓,,✓,,,✓,,,,,✓,✓,,,,,,,,,,,,,,,,,,,,All,GS7,TRUE,FALSE,FALSE,FALSE,FALSE,FALSE,FALSE,FALSE,FALSE,FALSE,FALSE,FALSE,FALSE
OG,,,Production Ready,Pending,,,,,km-captain-loot-mega-chance,Captain Loot Mega Chance,,,,,,,,,,,,,,,97.2%,18.47%,,2231x,HIGH,,18.47%,SLOTS,VIDEO-SLOT,PAYLINES,,,,,,,,,,,5x3,25 paylines,✓,✓,,✓,,,✓,,,,,✓,✓,,,,,,,,,,,,,,,,,,,,All,GS7,TRUE,FALSE,FALSE,FALSE,FALSE,FALSE,FALSE,FALSE,FALSE,FALSE,FALSE,FALSE,FALSE
OG,,,Production Ready,Pending,,,,,km-get-that-gold,Get That Gold,,,,,,,,,,,,,,,96.3%,9.40%,,1036x,MEDIUM - HIGH,,9.40%,SLOTS,VIDEO-SLOT,PAYLINES,,,,,,,,,,,5x3,25 paylines,✓,✓,,✓,,,,,,✓,,,✓,,,,,,,,,,,,,,,,,,,,All,GS7,TRUE,FALSE,FALSE,FALSE,FALSE,FALSE,FALSE,FALSE,FALSE,FALSE,FALSE,FALSE,FALSE
OG,,,Production Ready,Pending,,,,,km-spooky-and-sexy,Spooky and Sexy,,,,,,,,,,,,,,,96.2%,21.72%,,2051x,MEDIUM - HIGH,,21.72%,SLOTS,VIDEO-SLOT,PAYLINES,,,,,,,,,,,5x3,25 paylines,✓,✓,,✓,,,,,,✓,,✓,✓,,,,,,,,,,,,,,,,,,,,All,GS7,TRUE,FALSE,FALSE,FALSE,FALSE,FALSE,FALSE,FALSE,FALSE,FALSE,FALSE,FALSE,FALSE
KM,,,Under Development,Pending,,,,,,Mahjong Fortune,,,,,,,,,,,,,,,,,,,,,,SLOTS,VIDEO-SLOT,WINWAYS,,,,,,,,,,,,,,,,,,,,,,,,,,,,,,,,,,,,,,,Mahjong Frame Of Fortune,,,,,,All,GS3,,,,,,,,,,,,,
KM,,,Under Development,Pending,,,,,,Fortune Garuda 500,,,,,,,,,,,,,,,,,,,,,,SLOTS,VIDEO-SLOT,PAYLINES,,,,,,,,,,,,,,,,,,,,,,,,,,,,,,,,,,,,,,,Fortune Garuda 500.docx,,,,,,All,GS3,,,,,,,,,,,,,
